{
  "p50_ber": 0.3125,
  "p50_energy_pj": 57.7032125411253,
  "window_ns": 9.998695918382197
}