{
  "p50_ber": 0.6875,
  "p50_energy_pj": 46.185948418243996,
  "window_ns": 7.998695918382197
}