{
  "config": {
    "trials": 600,
    "seed": 26101,
    "sensitivity": false,
    "vote3": false,
    "repeat": 1,
    "neighbor_ct": false,
    "base_window_ns": 6.0,
    "applied_calibration": true,
    "adaptive_input": false,
    "adaptive_max_frames": 12,
    "adaptive_margin_mV": 0.8,
    "avg_frames": 2,
    "classifier": "chop",
    "mask_bad_channels_req": 0,
    "mask_bad_frac_req": 0.0,
    "mask_applied_count": 0
  },
  "baseline": {
    "p50_ber": 0.125,
    "p50_energy_pj": 16.415870835558888,
    "window_ns": 3.9995902335030324,
    "p50_tokens_per_s": 2000204904.2392068,
    "p50_snr_emit": 1.4235403825076207,
    "p50_snr_pd": 2.8396179071386003,
    "p50_snr_tia": 7.9311938906676,
    "mean_ber": 0.1025
  },
  "path_a": {
    "p50_ber": 0.0,
    "p50_energy_pj": null,
    "window_ns": 17.0,
    "mean_ber": 0.675
  },
  "path_b": {
    "p50_ber": 0.625,
    "p50_energy_pj": 206.95610477023416,
    "window_ns": 15.749919877807242,
    "p50_tokens_per_s": 507939091.8853225,
    "p50_snr_emit": 1.427110912980134,
    "p50_snr_pd": 128.65673328167517,
    "p50_snr_tia": 9.999999999999999e+17,
    "analog_depth": 12,
    "analog_p50_ber": 0.6875
  },
  "path_b_chain": {
    "depth": 5,
    "per_stage_p50_ber_vs_prev": [
      0.75,
      0.0,
      0.0,
      0.0,
      0.0
    ],
    "per_stage_p50_ber_vs_initial": [
      0.75,
      0.75,
      0.75,
      0.75,
      0.75
    ]
  },
  "path_b_sweeps": null,
  "cold_input": {
    "p50_ber": 0.375,
    "p50_energy_pj": 6.477049363611387,
    "window_ns": 3.999517588892488,
    "p50_tokens_per_s": 2000241234.647324,
    "p50_snr_emit": 0.9704709195831389,
    "p50_snr_pd": 1.897417587161121,
    "p50_snr_tia": 2.5625678068095956
  },
  "packs": {
    "emitter": {
      "wavelength_nm": 850.0,
      "channels": 8,
      "power_mw_per_ch": 40.0,
      "extinction_db": 20.0,
      "rin_dbhz": -150.0,
      "linewidth_hz": 1000000.0,
      "wav_drift_nm_per_C": 0.1,
      "rise_fall_ns_10_90": 1.0,
      "temp_coeff_pct_per_C": 0.2,
      "power_sigma_pct": 2.0,
      "modulation_mode": "pushpull",
      "pushpull_alpha": 0.9
    },
    "optics": {
      "transmittance": 0.6,
      "w_plus_contrast": 0.85,
      "w_minus_contrast": 0.84,
      "crosstalk_db": -22.0,
      "ct_model": "neighbor",
      "ct_neighbor_db": -22.0,
      "ct_diag_db": -25.0,
      "stray_floor_db": -38.0,
      "psf_kernel": "lorentzian:w=2.5",
      "signal_scale": 1.0,
      "amp_on": true,
      "amp_gain_db": 12.0,
      "amp_ase_sigma": 0.08,
      "sat_abs_on": false,
      "sat_I_sat": 1.0,
      "sat_alpha": 0.6,
      "speckle_on": false,
      "speckle_sigma": 0.0,
      "speckle_corr_px": 7,
      "tile_border_px": 0,
      "tile_gain_sigma_pct": 0.0,
      "tile_isolation": false,
      "grid_px": 64,
      "ins_loss_db_mean": 0.0,
      "ins_loss_db_sigma": 0.7,
      "pdl_db": 0.7,
      "pdl_step_rad": 0.1,
      "memory_tau_frames": 0.0,
      "reflection_event_db": 25.0,
      "reflection_prob": 0.12,
      "speckle_time_on": true,
      "speckle_time_sigma": 0.2,
      "speckle_time_tau_frames": 20,
      "xgm_on": true,
      "xgm_coeff": 0.3,
      "xpm_on": true,
      "xpm_coeff": 0.2,
      "fwm_on": true,
      "fwm_coeff": 0.12,
      "pol_scrambler_on": true,
      "pol_scramble_every_frames": 10
    },
    "tia": {
      "tia_transimpedance_kohm": 5.0,
      "bw_mhz": 100.0,
      "bw2_mhz": 0.0,
      "in_noise_pA_rthz": 3.0,
      "peaking_q": 0.7,
      "slew_v_per_us": 400.0,
      "adc_bits": 10,
      "adc_fullscale_v": 1.0,
      "adc_read_noise_mV_rms": 0.0,
      "gain_sigma_pct": 1.0
    },
    "comparator": {
      "vth_mV": 5.0,
      "hysteresis_mV": 2.0,
      "input_noise_mV_rms": 0.3,
      "drift_mV_per_C": 0.05,
      "prop_delay_ns": 1.25,
      "prop_jitter_ps_rms": 0.0,
      "saturate_levels": true,
      "vth_sigma_mV": 0.2,
      "metastable_on": true,
      "metastable_width_mV": 0.4,
      "metastable_flip_prob": 0.15
    },
    "clock": {
      "window_ns": 17.0,
      "jitter_ps_rms": 20.0
    }
  },
  "realism": {
    "emitter": {
      "score": 0.8,
      "rin_dbhz": -150.0,
      "extinction_db": 20.0
    },
    "optics": {
      "score": 0.29,
      "crosstalk_db": -22.0,
      "stray_floor_db": -38.0
    },
    "camera": {
      "score": 0.7,
      "read_noise_e_rms": 2.0,
      "full_well_e": 20000.0
    },
    "tia": {
      "score": 0.812,
      "bw_mhz": 120.0,
      "in_noise_pA_rthz": 3.0
    },
    "comparator": {
      "score": 0.75,
      "input_noise_mV_rms": 0.3
    }
  },
  "components": {
    "baseline_p50_ber": 0.125,
    "emitter_ideal_p50_ber": 0.125,
    "optics_ideal_p50_ber": 0.25,
    "pd_ideal_p50_ber": 0.125,
    "tia_ideal_p50_ber": 0.125,
    "comparator_ideal_p50_ber": 0.125,
    "mode": "path_a",
    "delta": {
      "emitter": 0.0,
      "optics": 0.0,
      "pd": 0.0,
      "tia": 0.0,
      "comparator": 0.0
    }
  },
  "ber_per_tile": null,
  "ber_per_tile_after": null,
  "baseline_calibrated": {},
  "baseline_calibrated_alt": {
    "soft": {},
    "binary": {}
  },
  "vote3_p50_ber": null,
  "spatial_oversample_p50_ber": null,
  "lockin_p50_ber": null,
  "chop_p50_ber": 0.0,
  "avg_frames_p50_ber": 0.5,
  "soft_thresh_p50_ber": null,
  "mitigated_p50_ber": null,
  "sanity": {
    "window_non_increasing": true,
    "rin_non_decreasing": true,
    "crosstalk_non_decreasing": true
  },
  "effects": {
    "window_ber_improvement": 0.0,
    "rin_ber_degradation": 0.0,
    "crosstalk_ber_degradation": 0.0
  },
  "window_sweep": {
    "x_window_ns": [
      3.0,
      5.0,
      7.0,
      9.0,
      13.0,
      17.0
    ],
    "p50_ber": [
      0.625,
      0.625,
      0.625,
      0.625,
      0.625,
      0.625
    ]
  },
  "rin_sweep": {
    "x_rin_dbhz": [
      -170.0,
      -160.0,
      -150.0,
      -140.0
    ],
    "p50_ber": [
      0.375,
      0.375,
      0.375,
      0.375
    ]
  },
  "crosstalk_sweep": {
    "x_crosstalk_db": [
      -40.0,
      -32.666666666666664,
      -25.333333333333336,
      -18.0
    ],
    "p50_ber": [
      0.375,
      0.375,
      0.375,
      0.375
    ]
  },
  "calibration": {
    "vth_suggest_mV": null,
    "ber_before": 0.125,
    "ber_after": null,
    "ber_delta": null
  },
  "sensitivity": null
}