{
  "config": {
    "trials": 600,
    "seed": 26105,
    "sensitivity": false,
    "vote3": false,
    "repeat": 1,
    "neighbor_ct": false,
    "base_window_ns": 8.0,
    "applied_calibration": false,
    "adaptive_input": false,
    "adaptive_max_frames": 12,
    "adaptive_margin_mV": 0.8,
    "avg_frames": 1,
    "classifier": "avg",
    "mask_bad_channels_req": 0,
    "mask_bad_frac_req": 0.0,
    "mask_applied_count": 0
  },
  "baseline": {
    "p50_ber": 0.0,
    "p50_energy_pj": 3.1304435529111387,
    "window_ns": 5.9995599382371,
    "p50_tokens_per_s": 166678891.5011387,
    "p50_snr_emit": 9.999892659147464e+17,
    "p50_snr_pd": 286985701202359.06,
    "p50_snr_tia": 1.357421875e+18,
    "mean_ber": 0.0
  },
  "path_a": {
    "p50_ber": 1.0,
    "p50_energy_pj": null,
    "window_ns": 8.0,
    "mean_ber": 0.67
  },
  "path_b": {
    "p50_ber": 1.0,
    "p50_energy_pj": 0.43380752172391196,
    "window_ns": 6.998252517792528,
    "p50_tokens_per_s": 142892814.66445738,
    "p50_snr_emit": 1.9610958644587786e+19,
    "p50_snr_pd": 34054272938434.883,
    "p50_snr_tia": 1.6943359375e+17,
    "analog_depth": 5,
    "analog_p50_ber": 1.0
  },
  "path_b_chain": {
    "depth": 5,
    "per_stage_p50_ber_vs_prev": [
      1.0,
      0.0,
      0.0,
      0.0,
      0.0
    ],
    "per_stage_p50_ber_vs_initial": [
      1.0,
      1.0,
      1.0,
      1.0,
      1.0
    ]
  },
  "path_b_sweeps": null,
  "cold_input": {
    "p50_ber": 0.0,
    "p50_energy_pj": 1.8246015739272425,
    "window_ns": 6.000386501334329,
    "p50_tokens_per_s": 166655931.21003556,
    "p50_snr_emit": 5.822220397538463e+17,
    "p50_snr_pd": 167246144204315.88,
    "p50_snr_tia": 1.1035156249999999e+18
  },
  "packs": {
    "emitter": {
      "wavelength_nm": 1550.0,
      "channels": 1,
      "power_mw_per_ch": 20.0,
      "extinction_db": 25.0,
      "rin_dbhz": -150.0,
      "linewidth_hz": 1000000.0,
      "wav_drift_nm_per_C": 0.1,
      "rise_fall_ns_10_90": 5.0,
      "temp_coeff_pct_per_C": 0.08,
      "power_sigma_pct": 2.0,
      "modulation_mode": "pushpull",
      "pushpull_alpha": 0.9
    },
    "optics": {
      "transmittance": 0.72,
      "w_plus_contrast": 0.85,
      "w_minus_contrast": 0.84,
      "crosstalk_db": -30.0,
      "ct_model": "neighbor",
      "ct_neighbor_db": -30.0,
      "ct_diag_db": -33.0,
      "stray_floor_db": -70.0,
      "psf_kernel": "none",
      "signal_scale": 1.0,
      "amp_on": true,
      "amp_gain_db": 2.0,
      "amp_ase_sigma": 0.03,
      "sat_abs_on": true,
      "sat_I_sat": 0.9,
      "sat_alpha": 0.9,
      "speckle_on": false,
      "speckle_sigma": 0.0,
      "speckle_corr_px": 7,
      "tile_border_px": 0,
      "tile_gain_sigma_pct": 0.0,
      "tile_isolation": false,
      "grid_px": 0,
      "ins_loss_db_mean": 0.5,
      "ins_loss_db_sigma": 0.5,
      "pdl_db": 0.4,
      "pdl_step_rad": 0.05,
      "memory_tau_frames": 0.0,
      "reflection_event_db": 28.0,
      "reflection_prob": 0.08,
      "speckle_time_on": true,
      "speckle_time_sigma": 0.1,
      "speckle_time_tau_frames": 12,
      "xgm_on": false,
      "xgm_coeff": 0.0,
      "xpm_on": false,
      "xpm_coeff": 0.0,
      "fwm_on": false,
      "fwm_coeff": 0.0,
      "pol_scrambler_on": false,
      "pol_scramble_every_frames": 0
    },
    "tia": {
      "tia_transimpedance_kohm": 5.0,
      "bw_mhz": 100.0,
      "bw2_mhz": 0.0,
      "in_noise_pA_rthz": 3.0,
      "peaking_q": 0.7,
      "slew_v_per_us": 400.0,
      "adc_bits": 10,
      "adc_fullscale_v": 1.0,
      "adc_read_noise_mV_rms": 0.0,
      "gain_sigma_pct": 1.0
    },
    "comparator": {
      "vth_mV": 5.0,
      "hysteresis_mV": 0.5,
      "input_noise_mV_rms": 0.24,
      "drift_mV_per_C": 0.05,
      "prop_delay_ns": 1.0,
      "prop_jitter_ps_rms": 0.0,
      "saturate_levels": true,
      "vth_sigma_mV": 0.1,
      "metastable_on": false,
      "metastable_width_mV": 0.2,
      "metastable_flip_prob": 0.05
    },
    "clock": {
      "window_ns": 8.0,
      "jitter_ps_rms": 30.0
    }
  },
  "realism": {
    "emitter": {
      "score": 0.9,
      "rin_dbhz": -150.0,
      "extinction_db": 25.0
    },
    "optics": {
      "score": 0.72,
      "crosstalk_db": -30.0,
      "stray_floor_db": -70.0
    },
    "camera": {
      "score": 0.7,
      "read_noise_e_rms": 2.0,
      "full_well_e": 20000.0
    },
    "tia": {
      "score": 0.812,
      "bw_mhz": 120.0,
      "in_noise_pA_rthz": 3.0
    },
    "comparator": {
      "score": 0.8,
      "input_noise_mV_rms": 0.24
    }
  },
  "components": {
    "baseline_p50_ber": 0.0,
    "emitter_ideal_p50_ber": 0.0,
    "optics_ideal_p50_ber": 0.0,
    "pd_ideal_p50_ber": 0.0,
    "tia_ideal_p50_ber": 0.0,
    "comparator_ideal_p50_ber": 0.0,
    "mode": "path_a",
    "delta": {
      "emitter": 0.0,
      "optics": 0.0,
      "pd": 0.0,
      "tia": 0.0,
      "comparator": 0.0
    }
  },
  "ber_per_tile": null,
  "ber_per_tile_after": null,
  "baseline_calibrated": {},
  "baseline_calibrated_alt": {
    "soft": {},
    "binary": {}
  },
  "vote3_p50_ber": null,
  "spatial_oversample_p50_ber": null,
  "lockin_p50_ber": null,
  "chop_p50_ber": null,
  "avg_frames_p50_ber": 0.0,
  "soft_thresh_p50_ber": null,
  "mitigated_p50_ber": null,
  "sanity": {
    "window_non_increasing": true,
    "rin_non_decreasing": true,
    "crosstalk_non_decreasing": true
  },
  "effects": {
    "window_ber_improvement": 0.0,
    "rin_ber_degradation": 0.0,
    "crosstalk_ber_degradation": 0.0
  },
  "window_sweep": {
    "x_window_ns": [
      8.0
    ],
    "p50_ber": [
      null
    ]
  },
  "rin_sweep": {
    "x_rin_dbhz": [],
    "p50_ber": []
  },
  "crosstalk_sweep": {
    "x_crosstalk_db": [],
    "p50_ber": []
  },
  "calibration": {
    "vth_suggest_mV": null,
    "ber_before": 0.0,
    "ber_after": null,
    "ber_delta": null
  },
  "sensitivity": null
}