{
  "config": {
    "trials": 600,
    "seed": 18102,
    "sensitivity": false,
    "vote3": false,
    "repeat": 1,
    "neighbor_ct": false,
    "base_window_ns": 6.0,
    "applied_calibration": true,
    "adaptive_input": false,
    "adaptive_max_frames": 12,
    "adaptive_margin_mV": 0.8,
    "avg_frames": 2,
    "classifier": "chop",
    "mask_bad_channels_req": 0,
    "mask_bad_frac_req": 0.0,
    "mask_applied_count": 0
  },
  "baseline": {
    "p50_ber": 0.0,
    "p50_energy_pj": 12.284661325489893,
    "window_ns": 15.749277514699374,
    "p50_tokens_per_s": 63494976.138852306,
    "p50_snr_emit": 2.058252290837273e+19,
    "p50_snr_pd": 429189714329157.9,
    "p50_snr_tia": 9.999999999999999e+17
  },
  "path_a": {
    "p50_ber": 0.0,
    "p50_energy_pj": null,
    "window_ns": 17.0,
    "mean_ber": 0.21
  },
  "path_b": {
    "p50_ber": 0.0,
    "p50_energy_pj": 12.057257298717136,
    "window_ns": 15.749578451911004,
    "p50_tokens_per_s": 63493762.89996276,
    "p50_snr_emit": 2.0583182664829493e+19,
    "p50_snr_pd": 420311202083722.5,
    "p50_snr_tia": 9.999999999999999e+17,
    "analog_depth": 16,
    "analog_p50_ber": 1.0
  },
  "path_b_chain": {
    "depth": 5,
    "per_stage_p50_ber_vs_prev": [
      0.0,
      0.0,
      0.0,
      0.0,
      0.0
    ],
    "per_stage_p50_ber_vs_initial": [
      0.0,
      0.0,
      0.0,
      0.0,
      0.0
    ]
  },
  "path_b_sweeps": null,
  "cold_input": {
    "p50_ber": 0.0,
    "p50_energy_pj": 1.1981696388774,
    "window_ns": 4.000587113113578,
    "p50_tokens_per_s": 249963310.81557667,
    "p50_snr_emit": 5.7291679699273664e+17,
    "p50_snr_pd": 164686562215902.44,
    "p50_snr_tia": 9.999999999999999e+17
  },
  "packs": {
    "emitter": {
      "wavelength_nm": 1550.0,
      "channels": 1,
      "power_mw_per_ch": 20.0,
      "extinction_db": 25.0,
      "rin_dbhz": -150.0,
      "linewidth_hz": 1000000.0,
      "wav_drift_nm_per_C": 0.1,
      "rise_fall_ns_10_90": 5.0,
      "temp_coeff_pct_per_C": 0.08,
      "power_sigma_pct": 2.0,
      "modulation_mode": "pushpull",
      "pushpull_alpha": 0.9
    },
    "optics": {
      "transmittance": 0.6,
      "w_plus_contrast": 0.85,
      "w_minus_contrast": 0.84,
      "crosstalk_db": -22.0,
      "ct_model": "neighbor",
      "ct_neighbor_db": -22.0,
      "ct_diag_db": -25.0,
      "stray_floor_db": -38.0,
      "psf_kernel": "lorentzian:w=2.5",
      "signal_scale": 1.0,
      "amp_on": true,
      "amp_gain_db": 3.0,
      "amp_ase_sigma": 0.05,
      "sat_abs_on": true,
      "sat_I_sat": 0.7,
      "sat_alpha": 0.95,
      "speckle_on": false,
      "speckle_sigma": 0.0,
      "speckle_corr_px": 7,
      "tile_border_px": 0,
      "tile_gain_sigma_pct": 0.0,
      "tile_isolation": false,
      "grid_px": 64,
      "ins_loss_db_mean": 0.0,
      "ins_loss_db_sigma": 0.7,
      "pdl_db": 0.7,
      "pdl_step_rad": 0.1,
      "memory_tau_frames": 0.0,
      "reflection_event_db": 25.0,
      "reflection_prob": 0.12,
      "speckle_time_on": true,
      "speckle_time_sigma": 0.2,
      "speckle_time_tau_frames": 20,
      "xgm_on": true,
      "xgm_coeff": 0.3,
      "xpm_on": true,
      "xpm_coeff": 0.2,
      "fwm_on": true,
      "fwm_coeff": 0.12,
      "pol_scrambler_on": true,
      "pol_scramble_every_frames": 10
    },
    "tia": {
      "tia_transimpedance_kohm": 5.0,
      "bw_mhz": 100.0,
      "bw2_mhz": 0.0,
      "in_noise_pA_rthz": 3.0,
      "peaking_q": 0.7,
      "slew_v_per_us": 400.0,
      "adc_bits": 10,
      "adc_fullscale_v": 1.0,
      "adc_read_noise_mV_rms": 0.0,
      "gain_sigma_pct": 1.0
    },
    "comparator": {
      "vth_mV": 5.0,
      "hysteresis_mV": 2.0,
      "input_noise_mV_rms": 0.3,
      "drift_mV_per_C": 0.05,
      "prop_delay_ns": 1.25,
      "prop_jitter_ps_rms": 15.0,
      "saturate_levels": true,
      "vth_sigma_mV": 0.2,
      "metastable_on": false,
      "metastable_width_mV": 0.2,
      "metastable_flip_prob": 0.05
    },
    "clock": {
      "window_ns": 17.0,
      "jitter_ps_rms": 20.0
    }
  },
  "realism": {
    "emitter": {
      "score": 0.9,
      "rin_dbhz": -150.0,
      "extinction_db": 25.0
    },
    "optics": {
      "score": 0.29,
      "crosstalk_db": -22.0,
      "stray_floor_db": -38.0
    },
    "camera": {
      "score": 0.7,
      "read_noise_e_rms": 2.0,
      "full_well_e": 20000.0
    },
    "tia": {
      "score": 0.812,
      "bw_mhz": 120.0,
      "in_noise_pA_rthz": 3.0
    },
    "comparator": {
      "score": 0.75,
      "input_noise_mV_rms": 0.3
    }
  },
  "components": {
    "baseline_p50_ber": 0.0,
    "emitter_ideal_p50_ber": 0.0,
    "optics_ideal_p50_ber": 0.0,
    "pd_ideal_p50_ber": 0.0,
    "tia_ideal_p50_ber": 0.0,
    "comparator_ideal_p50_ber": 0.0,
    "mode": "path_a",
    "delta": {
      "emitter": 0.0,
      "optics": 0.0,
      "pd": 0.0,
      "tia": 0.0,
      "comparator": 0.0
    }
  },
  "ber_per_tile": [
    [
      0.0
    ]
  ],
  "ber_per_tile_after": null,
  "baseline_calibrated": {
    "p50_ber": 0.0,
    "p50_energy_pj": 12.284661325489893,
    "window_ns": 15.749277514699374,
    "p50_tokens_per_s": 63494976.138852306,
    "p50_snr_emit": 2.058252290837273e+19,
    "p50_snr_pd": 429189714329157.9,
    "p50_snr_tia": 9.999999999999999e+17
  },
  "baseline_calibrated_alt": {
    "soft": {},
    "binary": {}
  },
  "vote3_p50_ber": null,
  "spatial_oversample_p50_ber": null,
  "lockin_p50_ber": null,
  "chop_p50_ber": 0.0,
  "avg_frames_p50_ber": 0.0,
  "soft_thresh_p50_ber": null,
  "mitigated_p50_ber": null,
  "sanity": {
    "window_non_increasing": true,
    "rin_non_decreasing": true,
    "crosstalk_non_decreasing": true
  },
  "effects": {
    "window_ber_improvement": 1.0,
    "rin_ber_degradation": 0.0,
    "crosstalk_ber_degradation": 0.0
  },
  "window_sweep": {
    "x_window_ns": [
      3.0,
      5.0,
      7.0,
      9.0,
      13.0,
      17.0
    ],
    "p50_ber": [
      1.0,
      0.0,
      0.0,
      0.0,
      0.0,
      0.0
    ]
  },
  "rin_sweep": {
    "x_rin_dbhz": [
      -170.0,
      -160.0,
      -150.0,
      -140.0
    ],
    "p50_ber": [
      0.0,
      0.0,
      0.0,
      0.0
    ]
  },
  "crosstalk_sweep": {
    "x_crosstalk_db": [
      -40.0,
      -32.666666666666664,
      -25.333333333333336,
      -18.0
    ],
    "p50_ber": [
      0.0,
      0.0,
      0.0,
      0.0
    ]
  },
  "calibration": {
    "vth_suggest_mV": -0.08714823103480668,
    "ber_before": 0.0,
    "ber_after": 0.0,
    "ber_delta": 0.0
  },
  "baseline_raw": {
    "p50_ber": 0.0,
    "p50_energy_pj": 2.086954447331374,
    "window_ns": 3.9997336537309995,
    "p50_tokens_per_s": 250016647.75032908,
    "p50_snr_emit": 1.0000037060215817e+18,
    "p50_snr_pd": 286943810519278.5,
    "p50_snr_tia": 9.999999999999999e+17,
    "mean_ber": 0.0
  },
  "sensitivity": null
}