{
  "config": {
    "trials": 360,
    "seed": 6142,
    "sensitivity": false,
    "vote3": false,
    "repeat": 1,
    "neighbor_ct": false,
    "base_window_ns": 10.0,
    "applied_calibration": true,
    "adaptive_input": false,
    "adaptive_max_frames": 12,
    "adaptive_margin_mV": 0.8,
    "avg_frames": 2,
    "classifier": "chop",
    "mask_bad_channels_req": 0,
    "mask_bad_frac_req": 0.0625,
    "mask_applied_count": 1
  },
  "baseline": {
    "p50_ber": 0.0,
    "p50_energy_pj": 89.68529005797083,
    "window_ns": 7.999923086647704,
    "p50_tokens_per_s": 2000019228.5229402,
    "p50_snr_emit": 1.4055559107708084,
    "p50_snr_pd": 1.4069149688296565,
    "p50_snr_tia": 1.8905392839101651,
    "ber_ci95": {
      "lo": 0.0,
      "hi": 0.0011990605278363324,
      "n_bits": 3200,
      "n_err": 0
    },
    "mean_ber": 0.0
  },
  "path_a": {
    "p50_ber": 0.0,
    "p50_energy_pj": null,
    "window_ns": 10.0,
    "mean_ber": 0.6659375
  },
  "path_b": {
    "p50_ber": 0.6875,
    "p50_energy_pj": 1131.9118537268014,
    "window_ns": 8.749869170318359,
    "p50_tokens_per_s": 1828598769.7137017,
    "p50_snr_emit": 1.500732355266261,
    "p50_snr_pd": 389.524296204546,
    "p50_snr_tia": 9.999999999999999e+17,
    "calibrated_optical_bias_mW": [
      0.015082511223027062,
      0.012199434971996048,
      0.01112919985054539,
      0.009775595320753894,
      0.006326034516565215,
      0.008874931537895314,
      0.010506171607882031,
      0.011531750061251067,
      0.012209601153947425,
      0.013054839758795289,
      0.01175125158025292,
      0.012788077391691743,
      0.01158457051420747,
      0.008253102440153981,
      0.014514990616742551,
      0.0061983258017388465
    ],
    "calibrated_optical_trim_final_mW": [
      -0.013640342023775176,
      -0.008821412405694673,
      -0.01115373221898075,
      -0.013207264020010712,
      -0.021165251509286165,
      -0.01772785793348497,
      -0.013297094787047214,
      -0.0032577229564161314,
      -0.017673479322358077,
      -0.007741177091487472,
      -0.007740934240786146,
      -0.014645315464250075,
      -0.010885858337772447,
      -0.01654550567396207,
      -0.005059298194520778,
      -0.015969439893018134
    ],
    "calibrated_offset_mV": [
      549.560546875,
      510.25390625,
      536.62109375,
      483.154296875,
      463.37890625,
      485.595703125,
      480.3466796875,
      507.9345703125,
      528.80859375,
      532.5927734375,
      518.310546875,
      542.48046875,
      533.0810546875,
      439.8193359375,
      558.837890625,
      444.091796875
    ],
    "calibrated_vth_mV": [
      40.0,
      40.0,
      40.0,
      40.0,
      40.0,
      40.0,
      40.0,
      40.0,
      40.0,
      40.0,
      40.0,
      40.0,
      40.0,
      40.0,
      40.0,
      40.0
    ],
    "analog_depth": 3,
    "analog_p50_ber": 0.5625,
    "ber_ci95": {
      "lo": 0.559360907710206,
      "hi": 0.5935804861464691,
      "n_bits": 3200,
      "n_err": 1845
    }
  },
  "path_b_chain": {
    "depth": 3,
    "per_stage_p50_ber_vs_prev": [
      0.3125,
      0.1875,
      0.3125
    ],
    "per_stage_p50_ber_vs_initial": [
      0.3125,
      0.4375,
      0.625
    ]
  },
  "path_b_sweeps": null,
  "path_b_return_map": null,
  "cold_input": null,
  "packs": {
    "emitter": {
      "wavelength_nm": 1550.0,
      "channels": 16,
      "power_mw_per_ch": 12.0,
      "extinction_db": 18.0,
      "rin_dbhz": -140.0,
      "linewidth_hz": 1000000.0,
      "wav_drift_nm_per_C": 0.1,
      "rise_fall_ns_10_90": 8.0,
      "temp_coeff_pct_per_C": 0.15,
      "power_sigma_pct": 4.0,
      "modulation_mode": "pushpull",
      "pushpull_alpha": 0.85,
      "wavelengths_nm": null,
      "channels_per_lambda": null
    },
    "optics": {
      "transmittance": 0.72,
      "w_plus_contrast": 0.85,
      "w_minus_contrast": 0.84,
      "crosstalk_db": -30.0,
      "ct_model": "neighbor",
      "ct_neighbor_db": -30.0,
      "ct_diag_db": -33.0,
      "stray_floor_db": -70.0,
      "psf_kernel": "none",
      "signal_scale": 1.0,
      "amp_on": true,
      "amp_gain_db": 10.0,
      "amp_ase_sigma": 0.01,
      "sat_abs_on": true,
      "sat_I_sat": 0.7,
      "sat_alpha": 1.2,
      "hard_clip_on": false,
      "hard_clip_sat_mw": 0.1,
      "post_clip_on": true,
      "post_clip_sat_mw": 0.1,
      "speckle_on": false,
      "speckle_sigma": 0.0,
      "speckle_corr_px": 7,
      "tile_border_px": 0,
      "tile_gain_sigma_pct": 0.0,
      "tile_isolation": false,
      "grid_px": 0,
      "ins_loss_db_mean": 0.5,
      "ins_loss_db_sigma": 0.5,
      "pdl_db": 0.4,
      "pdl_step_rad": 0.05,
      "memory_tau_frames": 0.0,
      "reflection_event_db": 28.0,
      "reflection_prob": 0.08,
      "speckle_time_on": true,
      "speckle_time_sigma": 0.1,
      "speckle_time_tau_frames": 12,
      "xgm_on": false,
      "xgm_coeff": 0.0,
      "xpm_on": false,
      "xpm_coeff": 0.0,
      "fwm_on": false,
      "fwm_coeff": 0.0,
      "pol_scrambler_on": false,
      "pol_scramble_every_frames": 0,
      "voa_bits": 0,
      "soa_pattern_alpha": 0.0,
      "mode_mix_matrix": null,
      "soa_on": false,
      "soa_small_signal_gain_db": 6.0,
      "soa_psat_mw": 10.0,
      "soa_noise_figure_db": 5.0,
      "soa_tau_ns": 0.5,
      "soa_alpha": 4.0,
      "mzi_on": false,
      "mzi_gain": 1.0,
      "mzi_sat_mw": 5.0,
      "mzi_hysteresis_mw": 0.05,
      "mzi_bias_step": 0.02,
      "mzi_bias_leak": 0.01,
      "mzi_bias_target_mw": 0.0,
      "servo_on": false,
      "servo_kp": 0.01,
      "servo_ki": 0.0,
      "servo_ref_mw": 0.0,
      "servo_leak": 0.0,
      "servo_max_bias_mw": 5.0,
      "eom_gate_on": false,
      "eom_gate_duty": 0.3,
      "eom_gate_jitter_ps": 5.0,
      "eom_gate_hold_noise_mw": 0.01,
      "eom_gate_hold_leak": 0.05,
      "amp_type": "edfa",
      "obpf_bw_nm": 0.5,
      "voa_post_db": 4.0,
      "channels": 0
    },
    "tia": {
      "tia_transimpedance_kohm": 15.0,
      "bw_mhz": 55.0,
      "bw2_mhz": 0.0,
      "in_noise_pA_rthz": 3.6,
      "peaking_q": 0.6,
      "slew_v_per_us": 700.0,
      "adc_bits": 12,
      "adc_fullscale_v": 1.0,
      "adc_read_noise_mV_rms": 0.0,
      "gain_sigma_pct": 1.0
    },
    "comparator": {
      "vth_mV": 5.0,
      "hysteresis_mV": 0.75,
      "input_noise_mV_rms": 0.4,
      "drift_mV_per_C": 0.05,
      "prop_delay_ns": 1.25,
      "prop_jitter_ps_rms": 0.0,
      "saturate_levels": true,
      "vth_sigma_mV": 0.2,
      "metastable_on": false,
      "metastable_width_mV": 0.2,
      "metastable_flip_prob": 0.05
    },
    "clock": {
      "window_ns": 10.0,
      "jitter_ps_rms": 20.0
    }
  },
  "realism": {
    "emitter": {
      "score": 0.76,
      "rin_dbhz": -140.0,
      "extinction_db": 18.0
    },
    "optics": {
      "score": 0.72,
      "crosstalk_db": -30.0,
      "stray_floor_db": -70.0
    },
    "camera": {
      "score": 0.7,
      "read_noise_e_rms": 2.0,
      "full_well_e": 20000.0
    },
    "tia": {
      "score": 0.775,
      "bw_mhz": 120.0,
      "in_noise_pA_rthz": 3.6
    },
    "comparator": {
      "score": 0.667,
      "input_noise_mV_rms": 0.4
    }
  },
  "components": {
    "baseline_p50_ber": 0.0,
    "emitter_ideal_p50_ber": 0.0,
    "optics_ideal_p50_ber": 0.0,
    "pd_ideal_p50_ber": 0.0,
    "tia_ideal_p50_ber": 0.0,
    "comparator_ideal_p50_ber": 0.0,
    "mode": "path_a",
    "delta": {
      "emitter": 0.0,
      "optics": 0.0,
      "pd": 0.0,
      "tia": 0.0,
      "comparator": 0.0
    }
  },
  "ber_per_tile": null,
  "ber_per_tile_after": null,
  "baseline_calibrated": {},
  "baseline_calibrated_alt": {
    "soft": {},
    "binary": {}
  },
  "vote3_p50_ber": null,
  "spatial_oversample_p50_ber": null,
  "lockin_p50_ber": null,
  "chop_p50_ber": 0.0,
  "avg_frames_p50_ber": 0.4,
  "soft_thresh_p50_ber": null,
  "mitigated_p50_ber": null,
  "sanity": {
    "window_non_increasing": true,
    "rin_non_decreasing": true,