{
  "config": {
    "trials": 240,
    "seed": 17001,
    "sensitivity": false,
    "vote3": false,
    "repeat": 1,
    "neighbor_ct": false,
    "base_window_ns": 10.0,
    "applied_calibration": true,
    "adaptive_input": false,
    "adaptive_max_frames": 12,
    "adaptive_margin_mV": 0.8,
    "avg_frames": 2,
    "classifier": "chop",
    "mask_bad_channels_req": 0,
    "mask_bad_frac_req": 0.0,
    "mask_applied_count": 0
  },
  "baseline": {
    "p50_ber": 0.0,
    "p50_energy_pj": 179.35486124920658,
    "window_ns": 7.999281530984287,
    "p50_tokens_per_s": 4000359266.7731123,
    "p50_snr_emit": 1.3807927485817881,
    "p50_snr_pd": 1.3821084352940554,
    "p50_snr_tia": 1.8564988835364957,
    "mean_ber": 0.0
  },
  "path_a": {
    "p50_ber": 0.0,
    "p50_energy_pj": null,
    "window_ns": 10.0,
    "mean_ber": 0.6753125
  },
  "path_b": {
    "p50_ber": 0.65625,
    "p50_energy_pj": 515.5807772824004,
    "window_ns": 10.0,
    "p50_tokens_per_s": 3656839002.25921,
    "p50_snr_emit": 1.4686386588702804,
    "p50_snr_pd": 2.0584837644463,
    "p50_snr_tia": 5e+17,
    "calibrated_optical_bias_mW": [
      1.6689043787406063e-05,
      8.231627187421642e-05,
      -6.89620029636752e-05,
      -6.3399124650910695e-06,
      -1.6385968498574253e-05,
      -5.123430434878255e-05,
      -3.097737204476041e-06,
      4.81925341438102e-05,
      -4.9236791659184524e-05,
      -5.282416491120398e-05,
      3.322281464331403e-05,
      -8.742030960458334e-05,
      -1.578042320880856e-05,
      1.7148510138749744e-05,
      6.284239369603846e-05,
      -1.8233491617390663e-05,
      9.330037594432866e-05,
      8.834954090374025e-05,
      -5.972828656625477e-05,
      4.4984951677073926e-05,
      -5.2222567418870884e-05,
      5.247954674600234e-05,
      8.26002867611637e-05,
      -2.9684764855285426e-05,
      1.9727592066058923e-05,
      -7.74909314413631e-05,
      -9.035965853321747e-05,
      7.154259827934877e-05,
      6.539874896278593e-05,
      2.3632510921840853e-05,
      -3.455899752944974e-05,
      -5.004578893915302e-05
    ],
    "calibrated_optical_trim_final_mW": [
      6.329257050797924e-05,
      6.921781677437163e-05,
      -6.613844722580618e-05,
      -5.9315732153681944e-05,
      -6.276668030542328e-05,
      -6.57238925236768e-05,
      -5.229164643396906e-05,
      6.347640462288777e-05,
      -6.658751845733886e-05,
      -6.282845908482228e-05,
      6.356933709852273e-05,
      -6.729990027599676e-05,
      -6.50469991565041e-05,
      6.16122897170652e-05,
      6.260754330163089e-05,
      -6.31399208663326e-05,
      6.11114513172031e-05,
      6.866918971979157e-05,
      -6.582541407786592e-05,
      6.629300711596576e-05,
      -6.231017298488156e-05,
      6.197521107889957e-05,
      6.590197874756297e-05,
      -6.42005320584982e-05,
      6.089208612512816e-05,
      -6.78569102828106e-05,
      -6.622958122021194e-05,
      6.672423404319771e-05,
      6.800869986674522e-05,
      6.206715101269358e-05,
      -6.063227216775074e-05,
      -6.57364459689913e-05
    ],
    "calibrated_offset_mV": [
      1.46484375,
      2.3193359375,
      -0.8544921875,
      0.3662109375,
      0.244140625,
      -0.732421875,
      0.48828125,
      1.953125,
      -0.3662109375,
      -0.48828125,
      1.953125,
      -0.732421875,
      0.0,
      1.46484375,
      1.953125,
      0.1220703125,
      2.44140625,
      2.9296875,
      -0.3662109375,
      1.708984375,
      -0.732421875,
      2.3193359375,
      2.44140625,
      -0.1220703125,
      1.46484375,
      -1.0986328125,
      -0.732421875,
      1.953125,
      2.3193359375,
      1.3427734375,
      -0.244140625,
      -0.3662109375
    ],
    "calibrated_vth_mV": [
      1.0,
      1.15966796875,
      1.0,
      1.0,
      1.0,
      1.0,
      1.0,
      1.0,
      1.0,
      1.0,
      1.0,
      1.0,
      1.0,
      1.0,
      1.0,
      1.0,
      1.220703125,
      1.46484375,
      1.0,
      1.0,
      1.0,
      1.15966796875,
      1.220703125,
      1.0,
      1.0,
      1.0,
      1.0,
      1.0,
      1.15966796875,
      1.0,
      1.0,
      1.0
    ],
    "analog_depth": 5,
    "analog_p50_ber": 0.125,
    "sparse_active_k": 8,
    "eval_active_only": true,
    "tdm_micro_passes": 20,
    "tdm_symbol_time_ns": 200.0,
    "tdm_symbols_per_s": 5000000.0,
    "tdm_pj_per_symbol_est": 10311.615545648008
  },
  "path_b_chain": {
    "depth": 5,
    "per_stage_p50_ber_vs_prev": [
      0.0,
      0.125,
      0.125,
      0.0,
      0.0
    ],
    "per_stage_p50_ber_vs_initial": [
      0.0,
      0.125,
      0.25,
      0.25,
      0.25
    ]
  },
  "path_b_sweeps": null,
  "path_b_return_map": null,
  "cold_input": null,
  "packs": {
    "emitter": {
      "wavelength_nm": 1550.0,
      "channels": 32,
      "power_mw_per_ch": 12.0,
      "extinction_db": 18.0,
      "rin_dbhz": -140.0,
      "linewidth_hz": 1000000.0,
      "wav_drift_nm_per_C": 0.1,
      "rise_fall_ns_10_90": 8.0,
      "temp_coeff_pct_per_C": 0.15,
      "power_sigma_pct": 4.0,
      "modulation_mode": "pushpull",
      "pushpull_alpha": 0.85,
      "wavelengths_nm": null,
      "channels_per_lambda": null
    },
    "optics": {
      "transmittance": 0.72,
      "w_plus_contrast": 0.85,
      "w_minus_contrast": 0.84,
      "crosstalk_db": -30.0,
      "ct_model": "neighbor",
      "ct_neighbor_db": -30.0,
      "ct_diag_db": -33.0,
      "stray_floor_db": -70.0,
      "psf_kernel": "none",
      "signal_scale": 1.0,
      "amp_on": true,
      "amp_gain_db": 2.0,
      "amp_ase_sigma": 0.03,
      "sat_abs_on": true,
      "sat_I_sat": 1.4,
      "sat_alpha": 0.7,
      "hard_clip_on": false,
      "hard_clip_sat_mw": 0.1,
      "post_clip_on": false,
      "post_clip_sat_mw": 0.1,
      "speckle_on": false,
      "speckle_sigma": 0.0,
      "speckle_corr_px": 7,
      "tile_border_px": 0,
      "tile_gain_sigma_pct": 0.0,
      "tile_isolation": false,
      "grid_px": 0,
      "ins_loss_db_mean": 0.5,
      "ins_loss_db_sigma": 0.5,
      "pdl_db": 0.4,
      "pdl_step_rad": 0.05,
      "memory_tau_frames": 0.0,
      "reflection_event_db": 28.0,
      "reflection_prob": 0.08,
      "speckle_time_on": true,
      "speckle_time_sigma": 0.1,
      "speckle_time_tau_frames": 12,
      "xgm_on": false,
      "xgm_coeff": 0.0,
      "xpm_on": false,
      "xpm_coeff": 0.0,
      "fwm_on": false,
      "fwm_coeff": 0.0,
      "pol_scrambler_on": false,
      "pol_scramble_every_frames": 0,
      "voa_bits": 0,
      "soa_pattern_alpha": 0.0,
      "mode_mix_matrix": null,
      "soa_on": false,
      "soa_small_signal_gain_db": 0.0,
      "soa_psat_mw": 10.0,
      "soa_noise_figure_db": 6.0,
      "soa_tau_ns": 0.5,
      "soa_alpha": 4.0,
      "mzi_on": false,
      "mzi_gain": 1.0,
      "mzi_sat_mw": 5.0,
      "mzi_hysteresis_mw": 0.05,
      "mzi_bias_step": 0.02,
      "mzi_bias_leak": 0.01,
      "mzi_bias_target_mw": 0.0,
      "servo_on": false,
      "servo_kp": 0.01,
      "servo_ki": 0.0,
      "servo_ref_mw": 0.0,
      "servo_leak": 0.0,
      "servo_max_bias_mw": 5.0,
      "eom_gate_on": false,
      "eom_gate_duty": 0.3,
      "eom_gate_jitter_ps": 5.0,
      "eom_gate_hold_noise_mw": 0.01,
      "eom_gate_hold_leak": 0.05,
      "amp_type": "soa",
      "obpf_bw_nm": 0.5,
      "voa_post_db": 2.0,
      "channels": 0
    },
    "tia": {
      "tia_transimpedance_kohm": 15.0,
      "bw_mhz": 55.0,
      "bw2_mhz": 0.0,
      "in_noise_pA_rthz": 3.6,
      "peaking_q": 0.6,
      "slew_v_per_us": 700.0,
      "adc_bits": 12,
      "adc_fullscale_v": 1.0,
      "adc_read_noise_mV_rms": 0.0,
      "gain_sigma_pct": 1.0
    },
    "comparator": {
      "vth_mV": 5.0,
      "hysteresis_mV": 0.75,
      "input_noise_mV_rms": 0.4,
      "drift_mV_per_C": 0.05,
      "prop_delay_ns": 1.25,
      "prop_jitter_ps_rms": 0.0,
      "saturate_levels": true,
      "vth_sigma_mV": 0.2,
      "metastable_on": false,
      "metastable_width_mV": 0.2,