{
  "config": {
    "trials": 1000,
    "seed": 14502,
    "sensitivity": false,
    "vote3": false,
    "repeat": 1,
    "neighbor_ct": false,
    "base_window_ns": 22.0,
    "applied_calibration": true,
    "adaptive_input": false,
    "adaptive_max_frames": 12,
    "adaptive_margin_mV": 0.8,
    "avg_frames": 3,
    "classifier": "chop",
    "mask_bad_channels_req": 0,
    "mask_bad_frac_req": 0.05,
    "mask_applied_count": 6
  },
  "baseline": {
    "p50_ber": 0.640625,
    "p50_energy_pj": 1309.666988809355,
    "window_ns": 19.999763967072035,
    "p50_snr_emit": 1.3650578099883637,
    "p50_snr_pd": 13.345082104212068,
    "p50_snr_tia": 33.8657274891193,
    "mean_ber": 0.630625
  },
  "path_a": {
    "p50_ber": 0.58203125,
    "p50_energy_pj": null,
    "window_ns": 22.0,
    "mean_ber": 0.66546875
  },
  "path_b": {
    "p50_ber": 0.6640625,
    "p50_energy_pj": 3815.227858672436,
    "window_ns": 20.999944134188333,
    "p50_snr_emit": 1.363992064959402,
    "p50_snr_pd": 12.069513387577288,
    "p50_snr_tia": 9.999999999999999e+17,
    "analog_depth": 3,
    "analog_p50_ber": 0.671875
  },
  "path_b_chain": {
    "depth": 5,
    "per_stage_p50_ber_vs_prev": [
      0.671875,
      0.0,
      0.0,
      0.0,
      0.0
    ],
    "per_stage_p50_ber_vs_initial": [
      0.671875,
      0.671875,
      0.671875,
      0.671875,
      0.671875
    ]
  },
  "path_b_sweeps": null,
  "cold_input": {
    "p50_ber": 0.4296875,
    "p50_energy_pj": 529.6304880946554,
    "window_ns": 20.000354790167272,
    "p50_snr_emit": 0.9208594574337607,
    "p50_snr_pd": 9.055054433074597,
    "p50_snr_tia": 8.65852575632267
  },
  "packs": {
    "emitter": {
      "wavelength_nm": 850,
      "channels": 128,
      "power_mw_per_ch": 0.7,
      "extinction_db": 20.0,
      "rin_dbhz": -150.0,
      "rise_fall_ns_10_90": 1.0,
      "temp_coeff_pct_per_C": 0.2,
      "power_sigma_pct": 2.0,
      "modulation_mode": "pushpull",
      "pushpull_alpha": 0.9
    },
    "optics": {
      "transmittance": 0.9,
      "w_plus_contrast": 0.92,
      "w_minus_contrast": 0.92,
      "crosstalk_db": -35.0,
      "ct_model": "neighbor",
      "ct_neighbor_db": -40.0,
      "ct_diag_db": -43.0,
      "stray_floor_db": -46.0,
      "psf_kernel": "lorentzian:w=2.00",
      "signal_scale": 1.35,
      "amp_on": true,
      "amp_gain_db": 4.0,
      "amp_ase_sigma": 0.006,
      "sat_abs_on": true,
      "sat_I_sat": 1.8,
      "sat_alpha": 0.55,
      "speckle_on": false,
      "speckle_sigma": 0.0,
      "speckle_corr_px": 7,
      "tile_border_px": 0,
      "tile_gain_sigma_pct": 0.0,
      "tile_isolation": false,
      "grid_px": 64
    },
    "tia": {
      "tia_transimpedance_kohm": 15.0,
      "bw_mhz": 55.0,
      "in_noise_pA_rthz": 3.6,
      "peaking_q": 0.6,
      "slew_v_per_us": 700.0,
      "adc_bits": 12,
      "adc_fullscale_v": 1.0,
      "adc_read_noise_mV_rms": 0.0,
      "gain_sigma_pct": 1.0
    },
    "comparator": {
      "vth_mV": 5.0,
      "hysteresis_mV": 0.5,
      "input_noise_mV_rms": 0.24,
      "drift_mV_per_C": 0.05,
      "prop_delay_ns": 1.0,
      "saturate_levels": true,
      "vth_sigma_mV": 0.1,
      "metastable_on": false,
      "metastable_width_mV": 0.2,
      "metastable_flip_prob": 0.05
    },
    "clock": {
      "window_ns": 22.0,
      "jitter_ps_rms": 10.0
    }
  },
  "realism": {
    "emitter": {
      "score": 0.8,
      "rin_dbhz": -150.0,
      "extinction_db": 20.0
    },
    "optics": {
      "score": 0.865,
      "crosstalk_db": -35.0,
      "stray_floor_db": -46.0
    },
    "camera": {
      "score": 0.7,
      "read_noise_e_rms": 2.0,
      "full_well_e": 20000.0
    },
    "tia": {
      "score": 0.775,
      "bw_mhz": 120.0,
      "in_noise_pA_rthz": 3.6
    },
    "comparator": {
      "score": 0.8,
      "input_noise_mV_rms": 0.24
    }
  },
  "components": {
    "baseline_p50_ber": 0.6328125,
    "emitter_ideal_p50_ber": 0.6328125,
    "optics_ideal_p50_ber": 0.6484375,
    "pd_ideal_p50_ber": 0.6328125,
    "tia_ideal_p50_ber": 0.6328125,
    "comparator_ideal_p50_ber": 0.6328125,
    "mode": "path_a",
    "delta": {
      "emitter": 0.0,
      "optics": 0.0,
      "pd": 0.0,
      "tia": 0.0,
      "comparator": 0.0
    }
  },
  "ber_per_tile": null,
  "ber_per_tile_after": null,
  "baseline_calibrated": {},
  "baseline_calibrated_alt": {
    "soft": {},
    "binary": {}
  },
  "vote3_p50_ber": null,
  "spatial_oversample_p50_ber": null,
  "lockin_p50_ber": null,
  "chop_p50_ber": 0.58203125,
  "avg_frames_p50_ber": 0.65625,
  "soft_thresh_p50_ber": null,
  "mitigated_p50_ber": null,
  "sanity": {
    "window_non_increasing": true,
    "rin_non_decreasing": true,
    "crosstalk_non_decreasing": true
  },
  "effects": {
    "window_ber_improvement": 0.0,
    "rin_ber_degradation": 0.0,
    "crosstalk_ber_degradation": 0.0
  },
  "window_sweep": {
    "x_window_ns": [
      22.0
    ],
    "p50_ber": [
      null
    ]
  },
  "rin_sweep": {
    "x_rin_dbhz": [],
    "p50_ber": []
  },
  "crosstalk_sweep": {
    "x_crosstalk_db": [],
    "p50_ber": []
  },
  "calibration": {
    "vth_suggest_mV": null,
    "ber_before": 0.640625,
    "ber_after": null,
    "ber_delta": null
  },
  "sensitivity": null
}