{
  "config": {
    "trials": 1000,
    "seed": 14502,
    "sensitivity": false,
    "vote3": false,
    "repeat": 1,
    "neighbor_ct": false,
    "base_window_ns": 20.0,
    "applied_calibration": true,
    "adaptive_input": false,
    "adaptive_max_frames": 12,
    "adaptive_margin_mV": 0.8,
    "avg_frames": 3,
    "classifier": "chop",
    "mask_bad_channels_req": 0,
    "mask_bad_frac_req": 0.05,
    "mask_applied_count": 12
  },
  "baseline": {
    "p50_ber": 0.6640625,
    "p50_energy_pj": 7009.070454345523,
    "window_ns": 18.999061173161987,
    "p50_snr_emit": 1.3629740068448486,
    "p50_snr_pd": 18.08233365753737,
    "p50_snr_tia": 9.999999999999999e+17
  },
  "path_a": {
    "p50_ber": 0.62109375,
    "p50_energy_pj": null,
    "window_ns": 20.0,
    "mean_ber": 0.66279296875
  },
  "path_b": {
    "p50_ber": 0.66796875,
    "p50_energy_pj": 7008.556950823166,
    "window_ns": 18.99960120034008,
    "p50_snr_emit": 1.3633499754881848,
    "p50_snr_pd": 18.12570043081253,
    "p50_snr_tia": 9.999999999999999e+17,
    "analog_depth": 3,
    "analog_p50_ber": 0.6640625
  },
  "path_b_chain": {
    "depth": 5,
    "per_stage_p50_ber_vs_prev": [
      0.66796875,
      0.0,
      0.0,
      0.0,
      0.0
    ],
    "per_stage_p50_ber_vs_initial": [
      0.66796875,
      0.66796875,
      0.66796875,
      0.66796875,
      0.66796875
    ]
  },
  "path_b_sweeps": null,
  "cold_input": {
    "p50_ber": 0.4609375,
    "p50_energy_pj": 967.5718657003127,
    "window_ns": 18.000548168156524,
    "p50_snr_emit": 0.9170707371203077,
    "p50_snr_pd": 13.912430872864498,
    "p50_snr_tia": 12.543142292608993
  },
  "packs": {
    "emitter": {
      "wavelength_nm": 850,
      "channels": 256,
      "power_mw_per_ch": 0.7,
      "extinction_db": 20.0,
      "rin_dbhz": -150.0,
      "rise_fall_ns_10_90": 1.0,
      "temp_coeff_pct_per_C": 0.2,
      "power_sigma_pct": 2.0,
      "modulation_mode": "pushpull",
      "pushpull_alpha": 0.9
    },
    "optics": {
      "transmittance": 0.9,
      "w_plus_contrast": 0.92,
      "w_minus_contrast": 0.92,
      "crosstalk_db": -35.0,
      "ct_model": "neighbor",
      "ct_neighbor_db": -40.0,
      "ct_diag_db": -43.0,
      "stray_floor_db": -46.0,
      "psf_kernel": "lorentzian:w=2.00",
      "signal_scale": 1.35,
      "amp_on": true,
      "amp_gain_db": 4.0,
      "amp_ase_sigma": 0.006,
      "sat_abs_on": true,
      "sat_I_sat": 1.8,
      "sat_alpha": 0.55,
      "speckle_on": false,
      "speckle_sigma": 0.0,
      "speckle_corr_px": 7,
      "tile_border_px": 0,
      "tile_gain_sigma_pct": 0.0,
      "tile_isolation": false,
      "grid_px": 64
    },
    "tia": {
      "tia_transimpedance_kohm": 15.0,
      "bw_mhz": 55.0,
      "in_noise_pA_rthz": 3.6,
      "peaking_q": 0.6,
      "slew_v_per_us": 700.0,
      "adc_bits": 12,
      "adc_fullscale_v": 1.0,
      "adc_read_noise_mV_rms": 0.0,
      "gain_sigma_pct": 1.0
    },
    "comparator": {
      "vth_mV": 5.0,
      "hysteresis_mV": 0.5,
      "input_noise_mV_rms": 0.24,
      "drift_mV_per_C": 0.05,
      "prop_delay_ns": 1.0,
      "saturate_levels": true,
      "vth_sigma_mV": 0.1,
      "metastable_on": false,
      "metastable_width_mV": 0.2,
      "metastable_flip_prob": 0.05
    },
    "clock": {
      "window_ns": 20.0,
      "jitter_ps_rms": 10.0
    }
  },
  "realism": {
    "emitter": {
      "score": 0.8,
      "rin_dbhz": -150.0,
      "extinction_db": 20.0
    },
    "optics": {
      "score": 0.865,
      "crosstalk_db": -35.0,
      "stray_floor_db": -46.0
    },
    "camera": {
      "score": 0.7,
      "read_noise_e_rms": 2.0,
      "full_well_e": 20000.0
    },
    "tia": {
      "score": 0.775,
      "bw_mhz": 120.0,
      "in_noise_pA_rthz": 3.6
    },
    "comparator": {
      "score": 0.8,
      "input_noise_mV_rms": 0.24
    }
  },
  "components": {
    "baseline_p50_ber": 0.65234375,
    "emitter_ideal_p50_ber": 0.65625,
    "optics_ideal_p50_ber": 0.65625,
    "pd_ideal_p50_ber": 0.65625,
    "tia_ideal_p50_ber": 0.65625,
    "comparator_ideal_p50_ber": 0.65234375,
    "mode": "path_a",
    "delta": {
      "emitter": 0.0,
      "optics": 0.0,
      "pd": 0.0,
      "tia": 0.0,
      "comparator": 0.0
    }
  },
  "ber_per_tile": [
    [
      0.675,
      0.395,
      0.45,
      0.51,
      0.48,
      0.495,
      0.565,
      0.58,
      0.55,
      0.51,
      0.56,
      0.465,
      0.465,
      0.45,
      0.395,
      0.62
    ],
    [
      0.67,
      0.64,
      0.645,
      0.685,
      0.6,
      0.64,
      0.655,
      0.68,
      0.66,
      0.7,
      0.59,
      0.69,
      0.635,
      0.65,
      0.65,
      0.565
    ],
    [
      0.695,
      0.7,
      0.69,
      0.66,
      0.69,
      0.655,
      0.67,
      0.68,
      0.715,
      0.665,
      0.68,
      0.68,
      0.635,
      0.65,
      0.66,
      0.55
    ],
    [
      0.665,
      0.67,
      0.71,
      0.635,
      0.66,
      0.64,
      0.635,
      0.69,
      0.625,
      0.675,
      0.63,
      0.665,
      0.65,
      0.72,
      0.715,
      0.62
    ],
    [
      0.63,
      0.715,
      0.69,
      0.62,
      0.685,
      0.64,
      0.685,
      0.7,
      0.695,
      0.695,
      0.64,
      0.695,
      0.65,
      0.655,
      0.66,
      0.665
    ],
    [
      0.64,
      0.695,
      0.665,
      0.65,
      0.615,
      0.63,
      0.7,
      0.68,
      0.65,
      0.745,
      0.69,
      0.645,
      0.64,
      0.66,
      0.695,
      0.66
    ],
    [
      0.615,
      0.64,
      0.68,
      0.665,
      0.65,
      0.685,
      0.705,
      0.67,
      0.6,
      0.655,
      0.71,
      0.65,
      0.64,
      0.69,
      0.66,
      0.69
    ],
    [
      0.635,
      0.62,
      0.685,
      0.62,
      0.63,
      0.67,
      0.69,
      0.67,
      0.7,
      0.785,
      0.66,
      0.7,
      0.69,
      0.675,
      0.625,
      0.62
    ],
    [
      0.665,
      0.675,
      0.6,
      0.68,
      0.655,
      0.59,
      0.69,
      0.705,
      0.61,
      0.67,
      0.61,
      0.705,
      0.74,
      0.67,
      0.66,
      0.635
    ],
    [
      0.57,
      0.58,
      0.625,
      0.68,
      0.67,
      0.695,
      0.665,
      0.675,
      0.64,
      0.7,
      0.685,
      0.67,
      0.675,
      0.695,
      0.725,
      0.675
    ],
    [
      0.595,
      0.655,
      0.655,
      0.675,
      0.63,
      0.69,
      0.655,
      0.68,
      0.565,
      0.605,
      0.635,
      0.69,
      0.63,
      0.66,
      0.69,
      0.64
    ],
    [
      0.7,
      0.725,
      0.6,
      0.645,
      0.68,
      0.67,
      0.675,
      0.63,
      0.63,
      0.64,
      0.635,
      0.645,
      0.6,
      0.68,
      0.655,
      0.615
    ],
    [
      0.63,
      0.675,
      0.615,
      0.665,
      0.6,
      0.67,
      0.705,
      0.72,
      0.715,
      0.695,
      0.66,
      0.64,
      0.675,
      0.63,
      0.6,
      0.645
    ],
    [
      0.585,
      0.62,
      0.635,
      0.66,
      0.665,
      0.735,
      0.66,
      0.645,
      0.645,
      0.625,
      0.615,
      0.69,
      0.665,
      0.665,
      0.67,
      0.595
    ],
    [
      0.62,
      0.62,
      0.705,
      0.695,
      0.63,
      0.63,
      0.68,
      0.655,
      0.705,
      0.7,
      0.595,
      0.68,
      0.72,
      0.63,
      0.7,
      0.565
    ],
    [
      0.685,
      0.565,
      0.625,
      0.655,
      0.665,
      0.65,
      0.705,
      0.685,
      0.78,
      0.68,
      0.665,
      0.69,
      0.685,
      0.695,
      0.62,
      0.71
    ]
  ],
  "ber_per_tile_after": null,
  "baseline_calibrated": {
    "p50_ber": 0.6640625,
    "p50_energy_pj": 7009.070454345523,
    "window_ns": 18.999061173161987,
    "p50_snr_emit": 1.3629740068448486,
    "p50_snr_pd": 18.08233365753737,
    "p50_snr_tia": 9.999999999999999e+17
  },
  "baseline_calibrated_alt": {
    "soft": {},
    "binary": {}
  },
  "vote3_p50_ber": null,