{
  "p50_ber": 0.6875,
  "p50_energy_pj": 67.7632351943314,
  "window_ns": 7.998695918382197
}