{
  "config": {
    "trials": 400,
    "seed": 12103,
    "sensitivity": false,
    "vote3": false,
    "repeat": 1,
    "neighbor_ct": false,
    "base_window_ns": 10.0,
    "applied_calibration": true,
    "adaptive_input": false,
    "adaptive_max_frames": 12,
    "adaptive_margin_mV": 0.8,
    "avg_frames": 2,
    "classifier": "chop",
    "mask_bad_channels_req": 0,
    "mask_bad_frac_req": 0.0,
    "mask_applied_count": 0
  },
  "baseline": {
    "p50_ber": 0.6875,
    "p50_energy_pj": 687.1916031633145,
    "window_ns": 8.750819275490132,
    "p50_tokens_per_s": 1828400232.7432184,
    "p50_snr_emit": 1.4793591295995299,
    "p50_snr_pd": 46.510503729045766,
    "p50_snr_tia": 9.999999999999999e+17
  },
  "path_a": {
    "p50_ber": 0.0,
    "p50_energy_pj": null,
    "window_ns": 10.0,
    "mean_ber": 0.66875
  },
  "path_b": {
    "p50_ber": 0.6875,
    "p50_energy_pj": 862.2921298677666,
    "window_ns": 10.0,
    "p50_tokens_per_s": 1828720083.1346805,
    "p50_snr_emit": 1.4897511541462147,
    "p50_snr_pd": 3.8530578606895096,
    "p50_snr_tia": 9.999999999999999e+17,
    "calibrated_optical_bias_mW": [
      0.0030344923490314146,
      0.002466114630325311,
      0.003164087745814226,
      0.002628233798201429,
      0.004129070501142973,
      0.0025985808968884694,
      0.003068766041744664,
      0.003032641171245465,
      0.0034165557711169914,
      0.0038149698871894344,
      0.001985271777932507,
      0.003066310366101832,
      0.0032590997315173897,
      0.0017779623639240238,
      0.003221663232159444,
      0.004108985871000725
    ],
    "calibrated_optical_trim_final_mW": [
      -0.022110997471825433,
      -0.01920378586860734,
      -0.018883001156470708,
      -0.021016270281970145,
      -0.017683051529219146,
      -0.02192179716845853,
      -0.02278151937133699,
      -0.026840916047358346,
      -0.020457644153004814,
      -0.020649279313596516,
      -0.0203060692611452,
      -0.022431406755255692,
      -0.026806718843067123,
      -0.020175844765900203,
      -0.0247161754175569,
      -0.01814975908730955
    ],
    "calibrated_offset_mV": [
      353.8818359375,
      337.5244140625,
      360.83984375,
      346.6796875,
      373.9013671875,
      337.7685546875,
      347.5341796875,
      367.0654296875,
      361.083984375,
      363.6474609375,
      342.7734375,
      347.900390625,
      359.7412109375,
      340.9423828125,
      369.0185546875,
      378.173828125
    ],
    "calibrated_vth_mV": [
      40.0,
      40.0,
      40.0,
      40.0,
      40.0,
      40.0,
      40.0,
      40.0,
      40.0,
      40.0,
      40.0,
      40.0,
      40.0,
      40.0,
      40.0,
      40.0
    ],
    "analog_depth": 5,
    "analog_p50_ber": 0.0,
    "sparse_active_k": 8,
    "eval_active_only": true,
    "tdm_micro_passes": 10,
    "tdm_symbol_time_ns": 100.0,
    "tdm_symbols_per_s": 10000000.0
  },
  "path_b_chain": {
    "depth": 5,
    "per_stage_p50_ber_vs_prev": [
      0.4375,
      0.25,
      0.0625,
      0.0,
      0.125
    ],
    "per_stage_p50_ber_vs_initial": [
      0.4375,
      0.4375,
      0.5,
      0.5,
      0.4375
    ]
  },
  "path_b_sweeps": null,
  "path_b_return_map": null,
  "cold_input": null,
  "packs": {
    "emitter": {
      "wavelength_nm": 1550.0,
      "channels": 16,
      "power_mw_per_ch": 12.0,
      "extinction_db": 18.0,
      "rin_dbhz": -140.0,
      "linewidth_hz": 1000000.0,
      "wav_drift_nm_per_C": 0.1,
      "rise_fall_ns_10_90": 8.0,
      "temp_coeff_pct_per_C": 0.15,
      "power_sigma_pct": 4.0,
      "modulation_mode": "pushpull",
      "pushpull_alpha": 0.85,
      "wavelengths_nm": null,
      "channels_per_lambda": null
    },
    "optics": {
      "transmittance": 0.72,
      "w_plus_contrast": 0.85,
      "w_minus_contrast": 0.84,
      "crosstalk_db": -30.0,
      "ct_model": "neighbor",
      "ct_neighbor_db": -30.0,
      "ct_diag_db": -33.0,
      "stray_floor_db": -70.0,
      "psf_kernel": "none",
      "signal_scale": 1.0,
      "amp_on": true,
      "amp_gain_db": 2.0,
      "amp_ase_sigma": 0.03,
      "sat_abs_on": true,
      "sat_I_sat": 0.6,
      "sat_alpha": 1.2,
      "hard_clip_on": false,
      "hard_clip_sat_mw": 0.1,
      "post_clip_on": false,
      "post_clip_sat_mw": 0.1,
      "speckle_on": false,
      "speckle_sigma": 0.0,
      "speckle_corr_px": 7,
      "tile_border_px": 0,
      "tile_gain_sigma_pct": 0.0,
      "tile_isolation": false,
      "grid_px": 0,
      "ins_loss_db_mean": 0.5,
      "ins_loss_db_sigma": 0.5,
      "pdl_db": 0.4,
      "pdl_step_rad": 0.05,
      "memory_tau_frames": 0.0,
      "reflection_event_db": 28.0,
      "reflection_prob": 0.08,
      "speckle_time_on": true,
      "speckle_time_sigma": 0.1,
      "speckle_time_tau_frames": 12,
      "xgm_on": false,
      "xgm_coeff": 0.0,
      "xpm_on": false,
      "xpm_coeff": 0.0,
      "fwm_on": false,
      "fwm_coeff": 0.0,
      "pol_scrambler_on": false,
      "pol_scramble_every_frames": 0,
      "voa_bits": 0,
      "soa_pattern_alpha": 0.0,
      "mode_mix_matrix": null,
      "soa_on": false,
      "soa_small_signal_gain_db": 3.0,
      "soa_psat_mw": 20.0,
      "soa_noise_figure_db": 6.0,
      "soa_tau_ns": 20.0,
      "soa_alpha": 4.0,
      "mzi_on": false,
      "mzi_gain": 1.0,
      "mzi_sat_mw": 5.0,
      "mzi_hysteresis_mw": 0.05,
      "mzi_bias_step": 0.02,
      "mzi_bias_leak": 0.01,
      "mzi_bias_target_mw": 0.0,
      "servo_on": false,
      "servo_kp": 0.01,
      "servo_ki": 0.0,
      "servo_ref_mw": 0.0,
      "servo_leak": 0.0,
      "servo_max_bias_mw": 5.0,
      "eom_gate_on": false,
      "eom_gate_duty": 0.3,
      "eom_gate_jitter_ps": 5.0,
      "eom_gate_hold_noise_mw": 0.01,
      "eom_gate_hold_leak": 0.05,
      "amp_type": "soa",
      "obpf_bw_nm": 0.5,
      "voa_post_db": 2.0,
      "channels": 0
    },
    "tia": {
      "tia_transimpedance_kohm": 15.0,
      "bw_mhz": 55.0,
      "bw2_mhz": 0.0,
      "in_noise_pA_rthz": 3.6,
      "peaking_q": 0.6,
      "slew_v_per_us": 700.0,
      "adc_bits": 12,
      "adc_fullscale_v": 1.0,
      "adc_read_noise_mV_rms": 0.0,
      "gain_sigma_pct": 1.0
    },
    "comparator": {
      "vth_mV": 5.0,
      "hysteresis_mV": 0.75,
      "input_noise_mV_rms": 0.4,
      "drift_mV_per_C": 0.05,
      "prop_delay_ns": 1.25,
      "prop_jitter_ps_rms": 0.0,
      "saturate_levels": true,
      "vth_sigma_mV": 0.2,
      "metastable_on": false,
      "metastable_width_mV": 0.2,
      "metastable_flip_prob": 0.05
    },
    "clock": {
      "window_ns": 10.0,
      "jitter_ps_rms": 20.0
    }
  },
  "realism": {
    "emitter": {
      "score": 0.76,
      "rin_dbhz": -140.0,
      "extinction_db": 18.0
    },
    "optics": {
      "score": 0.72,
      "crosstalk_db": -30.0,
      "stray_floor_db": -70.0
    },
    "camera": {
      "score": 0.7,
      "read_noise_e_rms": 2.0,
      "full_well_e": 20000.0
    },
    "tia": {
      "score": 0.775,
      "bw_mhz": 120.0,
      "in_noise_pA_rthz": 3.6
    },
    "comparator": {
      "score": 0.667,
      "input_noise_mV_rms": 0.4
    }
  },
  "components": {
    "baseline_p50_ber": 0.0,
    "emitter_ideal_p50_ber": 0.0,
    "optics_ideal_p50_ber": 0.0,
    "pd_ideal_p50_ber": 0.0,
    "tia_ideal_p50_ber": 0.0,
    "comparator_ideal_p50_ber": 0.0,
    "mode": "path_a",
    "delta": {
      "emitter": 0.0,
      "optics": 0.0,
      "pd": 0.0,
      "tia": 0.0,
      "comparator": 0.0
    }
  },
  "ber_per_tile": [
    [
      0.0,
      0.0,
      0.0,
      0.0
    ],
    [
      0.0,
      0.0,
      0.0,
      0.0
    ],
    [
      0.0,
      0.0,
      0.0,
      0.0
    ],
    [
      0.0,
      0.0,
      0.0,
      0.0
    ]
  ],
  "ber_per_tile_after": null,
  "baseline_calibrated": {
    "p50_ber": 0.6875,
    "p50_energy_pj": 687.1916031633145,
    "window_ns": 8.750819275490132,
    "p50_tokens_per_s": 1828400232.7432184,
    "p50_snr_emit": 1.4793591295995299,