{
  "config": {
    "trials": 640,
    "seed": 6221,
    "sensitivity": false,
    "vote3": false,
    "repeat": 1,
    "neighbor_ct": false,
    "base_window_ns": 6.0,
    "applied_calibration": true,
    "adaptive_input": false,
    "adaptive_max_frames": 12,
    "adaptive_margin_mV": 0.8,
    "avg_frames": 2,
    "classifier": "chop",
    "mask_bad_channels_req": 0,
    "mask_bad_frac_req": 0.0625,
    "mask_applied_count": 0
  },
  "baseline": {
    "p50_ber": 0.0,
    "p50_energy_pj": 22.422079168354664,
    "window_ns": 4.000140444727206,
    "p50_tokens_per_s": 1999929780.1019006,
    "p50_snr_emit": 1.423358965102592,
    "p50_snr_pd": 1.424764896778976,
    "p50_snr_tia": 2.160724993644963,
    "ber_ci95": {
      "lo": 0.0,
      "hi": 0.002395249007133871,
      "n_bits": 1600,
      "n_err": 0
    },
    "mean_ber": 0.0
  },
  "path_a": {
    "p50_ber": 0.0,
    "p50_energy_pj": null,
    "window_ns": 6.0,
    "mean_ber": 0.6675
  },
  "path_b": {
    "p50_ber": 0.625,
    "p50_energy_pj": 260.1073940954526,
    "window_ns": 4.749116528191488,
    "p50_tokens_per_s": 1684523837.7518778,
    "p50_snr_emit": 1.5165475517344371,
    "p50_snr_pd": 3.9078229719942668,
    "p50_snr_tia": 9.999999999999999e+17,
    "calibrated_optical_bias_mW": [
      0.006209567058081511,
      0.003701395242353911,
      0.003924346487061303,
      0.005674888997816208,
      0.004853486670202578,
      0.0035577607492935925,
      0.006964900292317999,
      0.006282501984787636
    ],
    "calibrated_optical_trim_final_mW": [
      -0.04103475169762011,
      -0.042627295307057944,
      -0.03891114199308843,
      -0.03823892144082952,
      -0.03776537361702903,
      -0.04181612343879515,
      -0.03839933525430561,
      -0.03959013914074727
    ],
    "calibrated_offset_mV": [
      913.2080078125,
      900.146484375,
      898.681640625,
      905.2734375,
      900.390625,
      894.6533203125,
      911.0107421875,
      912.841796875
    ],
    "calibrated_vth_mV": [
      40.0,
      40.0,
      40.0,
      40.0,
      40.0,
      40.0,
      40.0,
      40.0
    ],
    "analog_depth": 5,
    "analog_p50_ber": 0.375,
    "ber_ci95": {
      "lo": 0.3122920173180623,
      "hi": 0.35849841485429185,
      "n_bits": 1600,
      "n_err": 536
    }
  },
  "path_b_chain": {
    "depth": 5,
    "per_stage_p50_ber_vs_prev": [
      0.5,
      0.0,
      0.0,
      0.125,
      0.0
    ],
    "per_stage_p50_ber_vs_initial": [
      0.5,
      0.5,
      0.5,
      0.375,
      0.375
    ]
  },
  "path_b_sweeps": null,
  "path_b_return_map": {
    "levels": [
      -1,
      0,
      1
    ],
    "stage_slopes": [
      [
        0.24964515562223413,
        0.6076187937965637,
        0.622437840301175,
        0.6482522329834706,
        0.6162904349950562
      ],
      [
        3.746369541001033,
        1.000525056079031,
        0.7912949391176686,
        0.908829272498388,
        0.8450656707692024
      ],
      [
        0.24973226983077146,
        0.6081061562650067,
        0.6228424920075395,
        0.6484708131543055,
        0.6166368317912929
      ]
    ],
    "deadzone_fraction": [
      [
        0.0,
        0.0,
        0.0,
        0.0,
        0.0
      ],
      [
        0.125,
        0.125,
        0.125,
        0.125,
        0.25
      ],
      [
        0.0,
        0.0,
        0.0,
        0.0,
        0.0
      ]
    ],
    "rail_positive_fraction": [
      [
        0.0,
        0.0,
        0.0,
        0.0,
        0.0
      ],
      [
        0.5,
        0.5,
        0.5,
        0.5,
        0.375
      ],
      [
        1.0,
        1.0,
        1.0,
        1.0,
        1.0
      ]
    ],
    "rail_negative_fraction": [
      [
        1.0,
        1.0,
        1.0,
        1.0,
        1.0
      ],
      [
        0.375,
        0.375,
        0.375,
        0.375,
        0.375
      ],
      [
        0.0,
        0.0,
        0.0,
        0.0,
        0.0
      ]
    ],
    "stage_diff_in": [
      [
        10.184860135373615,
        2.542523468682342,
        1.545106488144504,
        0.9614438483664083,
        0.6232014749894786
      ],
      [
        0.0023446949532506256,
        0.008615159554033358,
        0.007347647292327841,
        0.005843136817168526,
        0.0052674273981070385
      ],
      [
        10.181444125650128,
        2.542549479372994,
        1.546094764139028,
        0.9637523992796917,
        0.6246789417397653
      ]
    ],
    "stage_diff_out": [
      [
        2.542523468682342,
        1.545106488144504,
        0.9614438483664083,
        0.6232014749894786,
        0.3842916017446213
      ],
      [
        0.008615159554033358,
        0.007347647292327841,
        0.005843136817168526,
        0.0052674273981070385,
        0.0043660266669198755
      ],
      [
        2.542549479372994,
        1.546094764139028,
        0.9637523992796917,
        0.6246789417397653,
        0.38485023085957254
      ]
    ],
    "median_stage_slope": 0.6228424920075395,
    "max_stage_slope": 3.746369541001033,
    "median_diff_in": 0.9614438483664083,
    "median_diff_out": 0.6232014749894786
  },
  "cold_input": null,
  "packs": {
    "emitter": {
      "wavelength_nm": 1550.0,
      "channels": 8,
      "power_mw_per_ch": 12.0,
      "extinction_db": 18.0,
      "rin_dbhz": -140.0,
      "linewidth_hz": 1000000.0,
      "wav_drift_nm_per_C": 0.1,
      "rise_fall_ns_10_90": 8.0,
      "temp_coeff_pct_per_C": 0.15,
      "power_sigma_pct": 4.0,
      "modulation_mode": "pushpull",
      "pushpull_alpha": 0.85,
      "wavelengths_nm": null,
      "channels_per_lambda": null
    },
    "optics": {
      "transmittance": 0.72,
      "w_plus_contrast": 0.85,
      "w_minus_contrast": 0.84,
      "crosstalk_db": -30.0,
      "ct_model": "neighbor",
      "ct_neighbor_db": -30.0,
      "ct_diag_db": -33.0,
      "stray_floor_db": -75.0,
      "psf_kernel": "lorentzian:w=2.5",
      "signal_scale": 1.0,
      "amp_on": true,
      "amp_gain_db": 2.0,
      "amp_ase_sigma": 0.03,
      "sat_abs_on": true,
      "sat_I_sat": 0.6,
      "sat_alpha": 1.2,
      "hard_clip_on": false,
      "hard_clip_sat_mw": 0.1,
      "post_clip_on": false,
      "post_clip_sat_mw": 0.1,
      "speckle_on": false,
      "speckle_sigma": 0.0,
      "speckle_corr_px": 7,
      "tile_border_px": 0,
      "tile_gain_sigma_pct": 0.0,
      "tile_isolation": false,
      "grid_px": 64,
      "ins_loss_db_mean": 0.0,
      "ins_loss_db_sigma": 0.0,
      "pdl_db": 0.0,
      "pdl_step_rad": 0.0,
      "memory_tau_frames": 0.0,
      "reflection_event_db": 0.0,
      "reflection_prob": 0.0,
      "speckle_time_on": false,
      "speckle_time_sigma": 0.0,
      "speckle_time_tau_frames": 0,
      "xgm_on": false,
      "xgm_coeff": 0.0,
      "xpm_on": false,
      "xpm_coeff": 0.0,
      "fwm_on": false,
      "fwm_coeff": 0.0,
      "pol_scrambler_on": false,
      "pol_scramble_every_frames": 0,
      "voa_bits": 0,
      "soa_pattern_alpha": 0.0,
      "mode_mix_matrix": null,
      "soa_on": false,
      "soa_small_signal_gain_db": 3.0,
      "soa_psat_mw": 20.0,
      "soa_noise_figure_db": 6.0,
      "soa_tau_ns": 20.0,
      "soa_alpha": 4.0,
      "mzi_on": false,
      "mzi_gain": 1.0,
      "mzi_sat_mw": 5.0,
      "mzi_hysteresis_mw": 0.05,
      "mzi_bias_step": 0.02,
      "mzi_bias_leak": 0.01,
      "mzi_bias_target_mw": 0.0,
      "servo_on": false,
      "servo_kp": 0.01,
      "servo_ki": 0.0,
      "servo_ref_mw": 0.0,
      "servo_leak": 0.0,
      "servo_max_bias_mw": 5.0,
      "eom_gate_on": false,
      "eom_gate_duty": 0.3,
      "eom_gate_jitter_ps": 5.0,
      "eom_gate_hold_noise_mw": 0.01,
      "eom_gate_hold_leak": 0.05,
      "amp_type": "soa",
      "obpf_bw_nm": 0.5,
      "voa_post_db": 2.0,
      "channels": 0
    },
    "tia": {
      "tia_transimpedance_kohm": 15.0,
      "bw_mhz": 55.0,
      "bw2_mhz": 0.0,
      "in_noise_pA_rthz": 3.6,