{
  "config": {
    "trials": 160,
    "seed": 6003,
    "sensitivity": false,
    "vote3": false,
    "repeat": 1,
    "neighbor_ct": false,
    "base_window_ns": 10.0,
    "applied_calibration": true,
    "adaptive_input": false,
    "adaptive_max_frames": 12,
    "adaptive_margin_mV": 0.8,
    "avg_frames": 2,
    "classifier": "chop",
    "mask_bad_channels_req": 0,
    "mask_bad_frac_req": 0.0,
    "mask_applied_count": 0
  },
  "baseline": {
    "p50_ber": 0.0,
    "p50_energy_pj": 44.83508198299749,
    "window_ns": 7.999098373138383,
    "p50_tokens_per_s": 1000112716.0611805,
    "p50_snr_emit": 1.423354332109148,
    "p50_snr_pd": 1.4246966600766025,
    "p50_snr_tia": 1.9144030255490159,
    "mean_ber": 0.0
  },
  "path_a": {
    "p50_ber": 0.0,
    "p50_energy_pj": null,
    "window_ns": 10.0,
    "mean_ber": 0.66640625
  },
  "path_b": {
    "p50_ber": 0.75,
    "p50_energy_pj": 470.4997346123273,
    "window_ns": 8.749940532668276,
    "p50_tokens_per_s": 914291928.0573002,
    "p50_snr_emit": 1.504945407213956,
    "p50_snr_pd": 3.8401497689258917,
    "p50_snr_tia": 9.999999999999999e+17,
    "calibrated_offset_mV": [
      3.662109375,
      21.6064453125,
      -11.71875,
      -28.076171875,
      -29.541015625,
      -1.0986328125,
      -28.564453125,
      -29.1748046875
    ],
    "calibrated_vth_mV": [
      11.4501953125,
      12.451171875,
      11.23046875,
      10.9619140625,
      11.4990234375,
      11.083984375,
      11.669921875,
      11.279296875
    ],
    "analog_depth": 5,
    "analog_p50_ber": 0.375
  },
  "path_b_chain": {
    "depth": 5,
    "per_stage_p50_ber_vs_prev": [
      0.5,
      0.0,
      0.125,
      0.0,
      0.0
    ],
    "per_stage_p50_ber_vs_initial": [
      0.5,
      0.5,
      0.375,
      0.375,
      0.375
    ]
  },
  "path_b_sweeps": null,
  "path_b_return_map": {
    "levels": [
      -1,
      0,
      1
    ],
    "stage_slopes": [
      [
        0.22165996646139519,
        0.5714601280282183,
        0.652046316244713,
        0.7330943954182587,
        0.7436600156888145
      ],
      [
        2.871185122241939,
        0.93853442495675,
        0.8461058966919162,
        1.0049475919301591,
        1.0350264967424987
      ],
      [
        0.221611400158695,
        0.571930296709673,
        0.651893348249445,
        0.7328850402286794,
        0.7432042991096939
      ]
    ],
    "deadzone_fraction": [
      [
        0.0,
        0.0,
        0.0,
        0.0,
        0.0
      ],
      [
        0.125,
        0.125,
        0.125,
        0.125,
        0.125
      ],
      [
        0.0,
        0.0,
        0.0,
        0.0,
        0.0
      ]
    ],
    "rail_positive_fraction": [
      [
        0.0,
        0.0,
        0.0,
        0.0,
        0.0
      ],
      [
        0.5,
        0.375,
        0.375,
        0.375,
        0.375
      ],
      [
        1.0,
        1.0,
        1.0,
        1.0,
        1.0
      ]
    ],
    "rail_negative_fraction": [
      [
        1.0,
        1.0,
        1.0,
        1.0,
        1.0
      ],
      [
        0.375,
        0.5,
        0.375,
        0.375,
        0.375
      ],
      [
        0.0,
        0.0,
        0.0,
        0.0,
        0.0
      ]
    ],
    "stage_diff_in": [
      [
        10.183381027534336,
        2.256981289203541,
        1.289748162698092,
        0.8406231838420017,
        0.6160720022364858
      ],
      [
        0.0017040810015072072,
        0.004726445612487029,
        0.004264378800048707,
        0.003722146058728837,
        0.003683255609552627
      ],
      [
        10.185911004302806,
        2.256986502230029,
        1.2908610484319767,
        0.8411513935914618,
        0.6163812916912739
      ]
    ],
    "stage_diff_out": [
      [
        2.256981289203541,
        1.289748162698092,
        0.8406231838420017,
        0.6160720022364858,
        0.4582180319689568
      ],
      [
        0.004726445612487029,
        0.004264378800048707,
        0.003722146058728837,
        0.003683255609552627,
        0.004036993059843674
      ],
      [
        2.256986502230029,
        1.2908610484319767,
        0.8411513935914618,
        0.6163812916912739,
        0.45793046786761404
      ]
    ],
    "median_stage_slope": 0.7330943954182587,
    "max_stage_slope": 2.871185122241939,
    "median_diff_in": 0.8406231838420017,
    "median_diff_out": 0.6160720022364858
  },
  "cold_input": null,
  "packs": {
    "emitter": {
      "wavelength_nm": 1550.0,
      "channels": 8,
      "power_mw_per_ch": 12.0,
      "extinction_db": 18.0,
      "rin_dbhz": -140.0,
      "linewidth_hz": 1000000.0,
      "wav_drift_nm_per_C": 0.1,
      "rise_fall_ns_10_90": 8.0,
      "temp_coeff_pct_per_C": 0.15,
      "power_sigma_pct": 4.0,
      "modulation_mode": "pushpull",
      "pushpull_alpha": 0.85,
      "wavelengths_nm": null,
      "channels_per_lambda": null
    },
    "optics": {
      "transmittance": 0.72,
      "w_plus_contrast": 0.85,
      "w_minus_contrast": 0.84,
      "crosstalk_db": -30.0,
      "ct_model": "neighbor",
      "ct_neighbor_db": -30.0,
      "ct_diag_db": -33.0,
      "stray_floor_db": -75.0,
      "psf_kernel": "lorentzian:w=2.5",
      "signal_scale": 1.0,
      "amp_on": true,
      "amp_gain_db": 2.0,
      "amp_ase_sigma": 0.03,
      "sat_abs_on": true,
      "sat_I_sat": 0.6,
      "sat_alpha": 1.2,
      "hard_clip_on": false,
      "hard_clip_sat_mw": 0.1,
      "post_clip_on": false,
      "post_clip_sat_mw": 0.1,
      "speckle_on": false,
      "speckle_sigma": 0.0,
      "speckle_corr_px": 7,
      "tile_border_px": 0,
      "tile_gain_sigma_pct": 0.0,
      "tile_isolation": false,
      "grid_px": 64,
      "ins_loss_db_mean": 0.0,
      "ins_loss_db_sigma": 0.0,
      "pdl_db": 0.0,
      "pdl_step_rad": 0.0,
      "memory_tau_frames": 0.0,
      "reflection_event_db": 0.0,
      "reflection_prob": 0.0,
      "speckle_time_on": false,
      "speckle_time_sigma": 0.0,
      "speckle_time_tau_frames": 0,
      "xgm_on": false,
      "xgm_coeff": 0.0,
      "xpm_on": false,
      "xpm_coeff": 0.0,
      "fwm_on": false,
      "fwm_coeff": 0.0,
      "pol_scrambler_on": false,
      "pol_scramble_every_frames": 0,
      "voa_bits": 0,
      "soa_pattern_alpha": 0.0,
      "mode_mix_matrix": null,
      "soa_on": false,
      "soa_small_signal_gain_db": 3.0,
      "soa_psat_mw": 20.0,
      "soa_noise_figure_db": 6.0,
      "soa_tau_ns": 20.0,
      "soa_alpha": 4.0,
      "mzi_on": false,
      "mzi_gain": 1.0,
      "mzi_sat_mw": 5.0,
      "mzi_hysteresis_mw": 0.05,
      "mzi_bias_step": 0.02,
      "mzi_bias_leak": 0.01,
      "mzi_bias_target_mw": 0.0,
      "servo_on": false,
      "servo_kp": 0.01,
      "servo_ki": 0.0,
      "servo_ref_mw": 0.0,
      "servo_leak": 0.0,
      "servo_max_bias_mw": 5.0,
      "eom_gate_on": false,
      "eom_gate_duty": 0.3,
      "eom_gate_jitter_ps": 5.0,
      "eom_gate_hold_noise_mw": 0.01,
      "eom_gate_hold_leak": 0.05,
      "amp_type": "soa",
      "obpf_bw_nm": 0.5,
      "voa_post_db": 2.0,
      "channels": 0
    },
    "tia": {
      "tia_transimpedance_kohm": 15.0,
      "bw_mhz": 55.0,
      "bw2_mhz": 0.0,
      "in_noise_pA_rthz": 3.6,
      "peaking_q": 0.6,
      "slew_v_per_us": 700.0,
      "adc_bits": 12,
      "adc_fullscale_v": 1.0,
      "adc_read_noise_mV_rms": 0.0,
      "gain_sigma_pct": 1.0
    },
    "comparator": {
      "vth_mV": 20.0,
      "hysteresis_mV": 3.0,
      "input_noise_mV_rms": 0.05,
      "drift_mV_per_C": 0.05,
      "prop_delay_ns": 1.25,
      "prop_jitter_ps_rms": 0.0,
      "saturate_levels": true,
      "vth_sigma_mV": 0.2,
      "metastable_on": false,
      "metastable_width_mV": 0.2,
      "metastable_flip_prob": 0.05
    },
    "clock": {
      "window_ns": 10.0,
      "jitter_ps_rms": 20.0
    }
  },
  "realism": {
    "emitter": {
      "score": 0.76,
      "rin_dbhz": -140.0,
      "extinction_db": 18.0
    },