{
  "config": {
    "trials": 900,
    "seed": 6331,
    "sensitivity": false,
    "vote3": false,
    "repeat": 1,
    "neighbor_ct": false,
    "base_window_ns": 12.0,
    "applied_calibration": true,
    "adaptive_input": false,
    "adaptive_max_frames": 12,
    "adaptive_margin_mV": 0.8,
    "avg_frames": 2,
    "classifier": "chop",
    "mask_bad_channels_req": 0,
    "mask_bad_frac_req": 0.125,
    "mask_applied_count": 1
  },
  "baseline": {
    "p50_ber": 0.0,
    "p50_energy_pj": 56.0576085212602,
    "window_ns": 10.000518756547763,
    "p50_tokens_per_s": 799958501.6289341,
    "p50_snr_emit": 1.42341342988017,
    "p50_snr_pd": 1.424795443152437,
    "p50_snr_tia": 1.90327436436292,
    "ber_ci95": {
      "lo": 0.0,
      "hi": 0.002395249007133871,
      "n_bits": 1600,
      "n_err": 0
    },
    "mean_ber": 0.0
  },
  "path_a": {
    "p50_ber": 0.0,
    "p50_energy_pj": null,
    "window_ns": 12.0,
    "mean_ber": 0.65125
  },
  "path_b": {
    "p50_ber": 0.625,
    "p50_energy_pj": 586.9373803514634,
    "window_ns": 10.750437305449793,
    "p50_tokens_per_s": 744155774.569701,
    "p50_snr_emit": 1.503563675034729,
    "p50_snr_pd": 3.8956638822301777,
    "p50_snr_tia": 9.999999999999999e+17,
    "calibrated_optical_bias_mW": [
      0.0030235223401136047,
      0.00655953541279275,
      0.004518094805953998,
      0.004320191633705894,
      0.0037870895705194307,
      0.005257737957023334,
      0.004396286253324888,
      0.004677550475750136
    ],
    "calibrated_optical_trim_final_mW": [
      -0.04463947391108797,
      -0.03941291712758033,
      -0.042248976085767,
      -0.044126810103499,
      -0.04123637594101692,
      -0.04249265225006299,
      -0.04033452201800958,
      -0.04146106298616331
    ],
    "calibrated_offset_mV": [
      683.7158203125,
      745.60546875,
      712.0361328125,
      684.6923828125,
      700.3173828125,
      724.365234375,
      712.158203125,
      709.1064453125
    ],
    "calibrated_vth_mV": [
      40.0,
      40.0,
      40.0,
      40.0,
      40.0,
      40.0,
      40.0,
      40.0
    ],
    "analog_depth": 5,
    "analog_p50_ber": 0.375,
    "ber_ci95": {
      "lo": 0.3239440315376551,
      "hi": 0.37053951347077957,
      "n_bits": 1600,
      "n_err": 555
    }
  },
  "path_b_chain": {
    "depth": 5,
    "per_stage_p50_ber_vs_prev": [
      0.5,
      0.0,
      0.125,
      0.0,
      0.0
    ],
    "per_stage_p50_ber_vs_initial": [
      0.5,
      0.5,
      0.375,
      0.375,
      0.375
    ]
  },
  "path_b_sweeps": null,
  "path_b_return_map": {
    "levels": [
      -1,
      0,
      1
    ],
    "stage_slopes": [
      [
        0.2470263555746025,
        0.582739237302575,
        0.6453813142600692,
        0.695702513499822,
        0.6791904356666729
      ],
      [
        2.3841587946060274,
        1.1622825186717538,
        1.0078817506138464,
        0.9289143351698579,
        0.904584846649668
      ],
      [
        0.24713813136002066,
        0.5826511273723107,
        0.6453899380844231,
        0.6953830765377431,
        0.6800603735027441
      ]
    ],
    "deadzone_fraction": [
      [
        0.0,
        0.0,
        0.0,
        0.0,
        0.0
      ],
      [
        0.375,
        0.25,
        0.25,
        0.25,
        0.25
      ],
      [
        0.0,
        0.0,
        0.0,
        0.0,
        0.0
      ]
    ],
    "rail_positive_fraction": [
      [
        0.0,
        0.0,
        0.0,
        0.0,
        0.0
      ],
      [
        0.25,
        0.375,
        0.375,
        0.375,
        0.25
      ],
      [
        1.0,
        1.0,
        1.0,
        1.0,
        1.0
      ]
    ],
    "rail_negative_fraction": [
      [
        1.0,
        1.0,
        1.0,
        1.0,
        1.0
      ],
      [
        0.375,
        0.375,
        0.375,
        0.375,
        0.375
      ],
      [
        0.0,
        0.0,
        0.0,
        0.0,
        0.0
      ]
    ],
    "stage_diff_in": [
      [
        10.21218605094891,
        2.5223395052145863,
        1.4696578280141779,
        0.9482070215957387,
        0.6596817393371437
      ],
      [
        0.0015896061855187327,
        0.0037303596564162156,
        0.0039365069506976935,
        0.0036897558295408417,
        0.0034290486721124114
      ],
      [
        10.20630837302935,
        2.5222286481776206,
        1.4694388629257666,
        0.9477906682832855,
        0.6595896493472548
      ]
    ],
    "stage_diff_out": [
      [
        2.5223395052145863,
        1.4696578280141779,
        0.9482070215957387,
        0.6596817393371437,
        0.44790075832003995
      ],
      [
        0.0037303596564162156,
        0.0039365069506976935,
        0.0036897558295408417,
        0.0034290486721124114,
        0.002990771841858253
      ],
      [
        2.5222286481776206,
        1.4694388629257666,
        0.9477906682832855,
        0.6595896493472548,
        0.44805990763915804
      ]
    ],
    "median_stage_slope": 0.6800603735027441,
    "max_stage_slope": 2.3841587946060274,
    "median_diff_in": 0.9477906682832855,
    "median_diff_out": 0.6595896493472548
  },
  "cold_input": null,
  "packs": {
    "emitter": {
      "wavelength_nm": 1550.0,
      "channels": 8,
      "power_mw_per_ch": 12.0,
      "extinction_db": 18.0,
      "rin_dbhz": -140.0,
      "linewidth_hz": 1000000.0,
      "wav_drift_nm_per_C": 0.1,
      "rise_fall_ns_10_90": 8.0,
      "temp_coeff_pct_per_C": 0.15,
      "power_sigma_pct": 4.0,
      "modulation_mode": "pushpull",
      "pushpull_alpha": 0.85,
      "wavelengths_nm": null,
      "channels_per_lambda": null
    },
    "optics": {
      "transmittance": 0.72,
      "w_plus_contrast": 0.85,
      "w_minus_contrast": 0.84,
      "crosstalk_db": -30.0,
      "ct_model": "neighbor",
      "ct_neighbor_db": -30.0,
      "ct_diag_db": -33.0,
      "stray_floor_db": -75.0,
      "psf_kernel": "lorentzian:w=2.5",
      "signal_scale": 1.0,
      "amp_on": true,
      "amp_gain_db": 2.0,
      "amp_ase_sigma": 0.03,
      "sat_abs_on": true,
      "sat_I_sat": 0.6,
      "sat_alpha": 1.2,
      "hard_clip_on": false,
      "hard_clip_sat_mw": 0.1,
      "post_clip_on": false,
      "post_clip_sat_mw": 0.1,
      "speckle_on": false,
      "speckle_sigma": 0.0,
      "speckle_corr_px": 7,
      "tile_border_px": 0,
      "tile_gain_sigma_pct": 0.0,
      "tile_isolation": false,
      "grid_px": 64,
      "ins_loss_db_mean": 0.0,
      "ins_loss_db_sigma": 0.0,
      "pdl_db": 0.0,
      "pdl_step_rad": 0.0,
      "memory_tau_frames": 0.0,
      "reflection_event_db": 0.0,
      "reflection_prob": 0.0,
      "speckle_time_on": false,
      "speckle_time_sigma": 0.0,
      "speckle_time_tau_frames": 0,
      "xgm_on": false,
      "xgm_coeff": 0.0,
      "xpm_on": false,
      "xpm_coeff": 0.0,
      "fwm_on": false,
      "fwm_coeff": 0.0,
      "pol_scrambler_on": false,
      "pol_scramble_every_frames": 0,
      "voa_bits": 0,
      "soa_pattern_alpha": 0.0,
      "mode_mix_matrix": null,
      "soa_on": false,
      "soa_small_signal_gain_db": 3.0,
      "soa_psat_mw": 20.0,
      "soa_noise_figure_db": 6.0,
      "soa_tau_ns": 20.0,
      "soa_alpha": 4.0,
      "mzi_on": false,
      "mzi_gain": 1.0,
      "mzi_sat_mw": 5.0,
      "mzi_hysteresis_mw": 0.05,
      "mzi_bias_step": 0.02,
      "mzi_bias_leak": 0.01,
      "mzi_bias_target_mw": 0.0,
      "servo_on": false,
      "servo_kp": 0.01,
      "servo_ki": 0.0,
      "servo_ref_mw": 0.0,
      "servo_leak": 0.0,
      "servo_max_bias_mw": 5.0,
      "eom_gate_on": false,
      "eom_gate_duty": 0.3,
      "eom_gate_jitter_ps": 5.0,
      "eom_gate_hold_noise_mw": 0.01,
      "eom_gate_hold_leak": 0.05,
      "amp_type": "soa",
      "obpf_bw_nm": 0.5,
      "voa_post_db": 2.0,
      "channels": 0
    },
    "tia": {
      "tia_transimpedance_kohm": 15.0,
      "bw_mhz": 55.0,
      "bw2_mhz": 0.0,
      "in_noise_pA_rthz": 3.6,