{
  "config": {
    "trials": 720,
    "seed": 6222,
    "sensitivity": false,
    "vote3": false,
    "repeat": 1,
    "neighbor_ct": false,
    "base_window_ns": 8.0,
    "applied_calibration": true,
    "adaptive_input": false,
    "adaptive_max_frames": 12,
    "adaptive_margin_mV": 0.8,
    "avg_frames": 2,
    "classifier": "chop",
    "mask_bad_channels_req": 0,
    "mask_bad_frac_req": 0.0625,
    "mask_applied_count": 0
  },
  "baseline": {
    "p50_ber": 0.0,
    "p50_energy_pj": 33.629928490410876,
    "window_ns": 5.999510439217257,
    "p50_tokens_per_s": 1333442133.4957693,
    "p50_snr_emit": 1.4235289761376388,
    "p50_snr_pd": 1.4249611223389311,
    "p50_snr_tia": 1.9749294364680217,
    "ber_ci95": {
      "lo": 0.0,
      "hi": 0.002395249007133871,
      "n_bits": 1600,
      "n_err": 0
    },
    "mean_ber": 0.0
  },
  "path_a": {
    "p50_ber": 0.0,
    "p50_energy_pj": null,
    "window_ns": 8.0,
    "mean_ber": 0.6475
  },
  "path_b": {
    "p50_ber": 0.625,
    "p50_energy_pj": 368.76205869378146,
    "window_ns": 6.7518267911912595,
    "p50_tokens_per_s": 1184864518.508852,
    "p50_snr_emit": 1.5295523591154838,
    "p50_snr_pd": 3.9003627964397043,
    "p50_snr_tia": 9.999999999999999e+17,
    "calibrated_optical_bias_mW": [
      0.004268393501517309,
      0.0066530891796876546,
      0.005112215792194341,
      0.006341717761721544,
      0.0030169914817821386,
      0.0019608056525020068,
      0.00833977370089567,
      0.005087994788980144
    ],
    "calibrated_optical_trim_final_mW": [
      -0.04152622681714846,
      -0.04153098641987546,
      -0.04117740230941319,
      -0.043055849234364785,
      -0.03875332987761415,
      -0.038284434406473666,
      -0.03836331609886795,
      -0.04125070320422369
    ],
    "calibrated_offset_mV": [
      1104.248046875,
      1116.5771484375,
      1108.0322265625,
      1117.67578125,
      1096.3134765625,
      1083.251953125,
      1125.3662109375,
      1104.248046875
    ],
    "calibrated_vth_mV": [
      40.0,
      40.0,
      40.0,
      40.0,
      40.0,
      40.0,
      40.0,
      40.0
    ],
    "analog_depth": 5,
    "analog_p50_ber": 0.5,
    "ber_ci95": {
      "lo": 0.4655581947743468,
      "hi": 0.5144897102057958,
      "n_bits": 1600,
      "n_err": 784
    }
  },
  "path_b_chain": {
    "depth": 5,
    "per_stage_p50_ber_vs_prev": [
      0.375,
      0.0,
      0.125,
      0.0,
      0.25
    ],
    "per_stage_p50_ber_vs_initial": [
      0.375,
      0.375,
      0.375,
      0.375,
      0.625
    ]
  },
  "path_b_sweeps": null,
  "path_b_return_map": {
    "levels": [
      -1,
      0,
      1
    ],
    "stage_slopes": [
      [
        0.2492132256696873,
        0.586866928902338,
        0.6197472760082872,
        0.6592297299668346,
        0.6344780162465542
      ],
      [
        3.605071909523424,
        0.996753352921951,
        0.8263810198061603,
        0.9182984530862986,
        0.8349145597758487
      ],
      [
        0.24915422279305516,
        0.587295583891611,
        0.6200407930484331,
        0.6597751521573672,
        0.6349301537565639
      ]
    ],
    "deadzone_fraction": [
      [
        0.0,
        0.0,
        0.0,
        0.0,
        0.0
      ],
      [
        0.125,
        0.125,
        0.25,
        0.25,
        0.25
      ],
      [
        0.0,
        0.0,
        0.0,
        0.0,
        0.0
      ]
    ],
    "rail_positive_fraction": [
      [
        0.0,
        0.0,
        0.0,
        0.0,
        0.0
      ],
      [
        0.5,
        0.5,
        0.5,
        0.4375,
        0.375
      ],
      [
        1.0,
        1.0,
        1.0,
        1.0,
        1.0
      ]
    ],
    "rail_negative_fraction": [
      [
        1.0,
        1.0,
        1.0,
        1.0,
        1.0
      ],
      [
        0.375,
        0.375,
        0.375,
        0.375,
        0.375
      ],
      [
        0.0,
        0.0,
        0.0,
        0.0,
        0.0
      ]
    ],
    "stage_diff_in": [
      [
        10.187414934153542,
        2.53865946191486,
        1.489967928558836,
        0.9233101930116902,
        0.6087581214164033
      ],
      [
        0.001961332983550834,
        0.006771589486718632,
        0.006076404829427284,
        0.0050792483433463875,
        0.004654085102718697
      ],
      [
        10.18955761279652,
        2.538704966847869,
        1.4909694568191605,
        0.9247760730330536,
        0.6100795231708945
      ]
    ],
    "stage_diff_out": [
      [
        2.53865946191486,
        1.489967928558836,
        0.9233101930116902,
        0.6087581214164033,
        0.3863702777427318
      ],
      [
        0.006771589486718632,
        0.006076404829427284,
        0.0050792483433463875,
        0.004654085102718697,
        0.003963610860068301
      ],
      [
        2.538704966847869,
        1.4909694568191605,
        0.9247760730330536,
        0.6100795231708945,
        0.3874471382977015
      ]
    ],
    "median_stage_slope": 0.6349301537565639,
    "max_stage_slope": 3.605071909523424,
    "median_diff_in": 0.9233101930116902,
    "median_diff_out": 0.6087581214164033
  },
  "cold_input": null,
  "packs": {
    "emitter": {
      "wavelength_nm": 1550.0,
      "channels": 8,
      "power_mw_per_ch": 12.0,
      "extinction_db": 18.0,
      "rin_dbhz": -140.0,
      "linewidth_hz": 1000000.0,
      "wav_drift_nm_per_C": 0.1,
      "rise_fall_ns_10_90": 8.0,
      "temp_coeff_pct_per_C": 0.15,
      "power_sigma_pct": 4.0,
      "modulation_mode": "pushpull",
      "pushpull_alpha": 0.85,
      "wavelengths_nm": null,
      "channels_per_lambda": null
    },
    "optics": {
      "transmittance": 0.72,
      "w_plus_contrast": 0.85,
      "w_minus_contrast": 0.84,
      "crosstalk_db": -30.0,
      "ct_model": "neighbor",
      "ct_neighbor_db": -30.0,
      "ct_diag_db": -33.0,
      "stray_floor_db": -75.0,
      "psf_kernel": "lorentzian:w=2.5",
      "signal_scale": 1.0,
      "amp_on": true,
      "amp_gain_db": 2.0,
      "amp_ase_sigma": 0.03,
      "sat_abs_on": true,
      "sat_I_sat": 0.6,
      "sat_alpha": 1.2,
      "hard_clip_on": false,
      "hard_clip_sat_mw": 0.1,
      "post_clip_on": false,
      "post_clip_sat_mw": 0.1,
      "speckle_on": false,
      "speckle_sigma": 0.0,
      "speckle_corr_px": 7,
      "tile_border_px": 0,
      "tile_gain_sigma_pct": 0.0,
      "tile_isolation": false,
      "grid_px": 64,
      "ins_loss_db_mean": 0.0,
      "ins_loss_db_sigma": 0.0,
      "pdl_db": 0.0,
      "pdl_step_rad": 0.0,
      "memory_tau_frames": 0.0,
      "reflection_event_db": 0.0,
      "reflection_prob": 0.0,
      "speckle_time_on": false,
      "speckle_time_sigma": 0.0,
      "speckle_time_tau_frames": 0,
      "xgm_on": false,
      "xgm_coeff": 0.0,
      "xpm_on": false,
      "xpm_coeff": 0.0,
      "fwm_on": false,
      "fwm_coeff": 0.0,
      "pol_scrambler_on": false,
      "pol_scramble_every_frames": 0,
      "voa_bits": 0,
      "soa_pattern_alpha": 0.0,
      "mode_mix_matrix": null,
      "soa_on": false,
      "soa_small_signal_gain_db": 3.0,
      "soa_psat_mw": 20.0,
      "soa_noise_figure_db": 6.0,
      "soa_tau_ns": 20.0,
      "soa_alpha": 4.0,
      "mzi_on": false,
      "mzi_gain": 1.0,
      "mzi_sat_mw": 5.0,
      "mzi_hysteresis_mw": 0.05,
      "mzi_bias_step": 0.02,
      "mzi_bias_leak": 0.01,
      "mzi_bias_target_mw": 0.0,
      "servo_on": false,
      "servo_kp": 0.01,
      "servo_ki": 0.0,
      "servo_ref_mw": 0.0,
      "servo_leak": 0.0,
      "servo_max_bias_mw": 5.0,
      "eom_gate_on": false,
      "eom_gate_duty": 0.3,
      "eom_gate_jitter_ps": 5.0,
      "eom_gate_hold_noise_mw": 0.01,
      "eom_gate_hold_leak": 0.05,
      "amp_type": "soa",
      "obpf_bw_nm": 0.5,
      "voa_post_db": 2.0,
      "channels": 0
    },
    "tia": {
      "tia_transimpedance_kohm": 15.0,
      "bw_mhz": 55.0,
      "bw2_mhz": 0.0,
      "in_noise_pA_rthz": 3.6,