{
  "config": {
    "trials": 560,
    "seed": 6232,
    "sensitivity": false,
    "vote3": false,
    "repeat": 1,
    "neighbor_ct": false,
    "base_window_ns": 6.0,
    "applied_calibration": true,
    "adaptive_input": false,
    "adaptive_max_frames": 12,
    "adaptive_margin_mV": 0.8,
    "avg_frames": 2,
    "classifier": "chop",
    "mask_bad_channels_req": 0,
    "mask_bad_frac_req": 0.0625,
    "mask_applied_count": 0
  },
  "baseline": {
    "p50_ber": 0.0,
    "p50_energy_pj": 16.81382916762815,
    "window_ns": 3.99955802328134,
    "p50_tokens_per_s": 1500165759.584967,
    "p50_snr_emit": 1.4905576236920703,
    "p50_snr_pd": 1.4919645238065524,
    "p50_snr_tia": 2.3027762557929474,
    "ber_ci95": {
      "lo": 0.0,
      "hi": 0.00319111750250199,
      "n_bits": 1200,
      "n_err": 0
    },
    "mean_ber": 0.0
  },
  "path_a": {
    "p50_ber": 0.0,
    "p50_energy_pj": null,
    "window_ns": 6.0,
    "mean_ber": 0.6816666666666663
  },
  "path_b": {
    "p50_ber": 0.6666666666666666,
    "p50_energy_pj": 196.59774926508942,
    "window_ns": 4.749770021024534,
    "p50_tokens_per_s": 1263219055.5419333,
    "p50_snr_emit": 1.5718903330265062,
    "p50_snr_pd": 4.120833452858314,
    "p50_snr_tia": 9.999999999999999e+17,
    "calibrated_optical_bias_mW": [
      0.004801386510210559,
      0.003021522135242538,
      0.003023525023955198,
      0.00675592012647197,
      0.005184412759923873,
      0.006411571638852198
    ],
    "calibrated_optical_trim_final_mW": [
      -0.042559499082977736,
      -0.040219443881755246,
      -0.037327591986352104,
      -0.03906286102874296,
      -0.040307451462208266,
      -0.04030364323155372
    ],
    "calibrated_offset_mV": [
      905.029296875,
      891.845703125,
      890.869140625,
      911.1328125,
      901.7333984375,
      913.9404296875
    ],
    "calibrated_vth_mV": [
      40.0,
      40.0,
      40.0,
      40.0,
      40.0,
      40.0
    ],
    "analog_depth": 5,
    "analog_p50_ber": 0.3333333333333333,
    "ber_ci95": {
      "lo": 0.3007205489447549,
      "hi": 0.35371903845611236,
      "n_bits": 1200,
      "n_err": 392
    }
  },
  "path_b_chain": {
    "depth": 5,
    "per_stage_p50_ber_vs_prev": [
      0.5,
      0.0,
      0.0,
      0.16666666666666666,
      0.0
    ],
    "per_stage_p50_ber_vs_initial": [
      0.5,
      0.5,
      0.5,
      0.3333333333333333,
      0.3333333333333333
    ]
  },
  "path_b_sweeps": null,
  "path_b_return_map": {
    "levels": [
      -1,
      0,
      1
    ],
    "stage_slopes": [
      [
        0.25002144277201244,
        0.6079942923190778,
        0.622695931141755,
        0.648581434402611,
        0.6163258650094325
      ],
      [
        3.489642557818711,
        0.9957319067816051,
        0.7362101514111111,
        0.8655698575839599,
        0.8867362177448267
      ],
      [
        0.2499087862273118,
        0.6080699357919396,
        0.6228616080630693,
        0.6480215989835185,
        0.6162496775646943
      ]
    ],
    "deadzone_fraction": [
      [
        0.0,
        0.0,
        0.0,
        0.0,
        0.0
      ],
      [
        0.16666666666666666,
        0.0,
        0.16666666666666666,
        0.16666666666666666,
        0.16666666666666666
      ],
      [
        0.0,
        0.0,
        0.0,
        0.0,
        0.0
      ]
    ],
    "rail_positive_fraction": [
      [
        0.0,
        0.0,
        0.0,
        0.0,
        0.0
      ],
      [
        0.5,
        0.5,
        0.3333333333333333,
        0.41666666666666663,
        0.3333333333333333
      ],
      [
        1.0,
        1.0,
        1.0,
        1.0,
        1.0
      ]
    ],
    "rail_negative_fraction": [
      [
        1.0,
        1.0,
        1.0,
        1.0,
        1.0
      ],
      [
        0.5,
        0.3333333333333333,
        0.3333333333333333,
        0.3333333333333333,
        0.3333333333333333
      ],
      [
        0.0,
        0.0,
        0.0,
        0.0,
        0.0
      ]
    ],
    "stage_diff_in": [
      [
        10.171040231446167,
        2.542471578492937,
        1.5457378769824541,
        0.9627599863974452,
        0.6236073261913383
      ],
      [
        0.0021753420938659396,
        0.007577857280436584,
        0.007511047103843538,
        0.006068781658545075,
        0.004738876486645727
      ],
      [
        10.174205960386573,
        2.5424567984698294,
        1.5458957309458674,
        0.9629773276990781,
        0.6246876391327806
      ]
    ],
    "stage_diff_out": [
      [
        2.542471578492937,
        1.5457378769824541,
        0.9627599863974452,
        0.6236073261913383,
        0.38447521041510674
      ],
      [
        0.007577857280436584,
        0.007511047103843538,
        0.006068781658545075,
        0.004738876486645727,
        0.004103933377961111
      ],
      [
        2.5424567984698294,
        1.5458957309458674,
        0.9629773276990781,
        0.6246876391327806,
        0.38498511915175515
      ]
    ],
    "median_stage_slope": 0.6228616080630693,
    "max_stage_slope": 3.489642557818711,
    "median_diff_in": 0.9627599863974452,
    "median_diff_out": 0.6236073261913383
  },
  "cold_input": null,
  "packs": {
    "emitter": {
      "wavelength_nm": 1550.0,
      "channels": 6,
      "power_mw_per_ch": 12.0,
      "extinction_db": 18.0,
      "rin_dbhz": -140.0,
      "linewidth_hz": 1000000.0,
      "wav_drift_nm_per_C": 0.1,
      "rise_fall_ns_10_90": 8.0,
      "temp_coeff_pct_per_C": 0.15,
      "power_sigma_pct": 4.0,
      "modulation_mode": "pushpull",
      "pushpull_alpha": 0.85,
      "wavelengths_nm": null,
      "channels_per_lambda": null
    },
    "optics": {
      "transmittance": 0.72,
      "w_plus_contrast": 0.85,
      "w_minus_contrast": 0.84,
      "crosstalk_db": -30.0,
      "ct_model": "neighbor",
      "ct_neighbor_db": -30.0,
      "ct_diag_db": -33.0,
      "stray_floor_db": -75.0,
      "psf_kernel": "lorentzian:w=2.5",
      "signal_scale": 1.0,
      "amp_on": true,
      "amp_gain_db": 2.0,
      "amp_ase_sigma": 0.03,
      "sat_abs_on": true,
      "sat_I_sat": 0.6,
      "sat_alpha": 1.2,
      "hard_clip_on": false,
      "hard_clip_sat_mw": 0.1,
      "post_clip_on": false,
      "post_clip_sat_mw": 0.1,
      "speckle_on": false,
      "speckle_sigma": 0.0,
      "speckle_corr_px": 7,
      "tile_border_px": 0,
      "tile_gain_sigma_pct": 0.0,
      "tile_isolation": false,
      "grid_px": 64,
      "ins_loss_db_mean": 0.0,
      "ins_loss_db_sigma": 0.0,
      "pdl_db": 0.0,
      "pdl_step_rad": 0.0,
      "memory_tau_frames": 0.0,
      "reflection_event_db": 0.0,
      "reflection_prob": 0.0,
      "speckle_time_on": false,
      "speckle_time_sigma": 0.0,
      "speckle_time_tau_frames": 0,
      "xgm_on": false,
      "xgm_coeff": 0.0,
      "xpm_on": false,
      "xpm_coeff": 0.0,
      "fwm_on": false,
      "fwm_coeff": 0.0,
      "pol_scrambler_on": false,
      "pol_scramble_every_frames": 0,
      "voa_bits": 0,
      "soa_pattern_alpha": 0.0,
      "mode_mix_matrix": null,
      "soa_on": false,
      "soa_small_signal_gain_db": 3.0,
      "soa_psat_mw": 20.0,
      "soa_noise_figure_db": 6.0,
      "soa_tau_ns": 20.0,
      "soa_alpha": 4.0,
      "mzi_on": false,
      "mzi_gain": 1.0,
      "mzi_sat_mw": 5.0,
      "mzi_hysteresis_mw": 0.05,
      "mzi_bias_step": 0.02,
      "mzi_bias_leak": 0.01,
      "mzi_bias_target_mw": 0.0,
      "servo_on": false,
      "servo_kp": 0.01,
      "servo_ki": 0.0,
      "servo_ref_mw": 0.0,
      "servo_leak": 0.0,
      "servo_max_bias_mw": 5.0,
      "eom_gate_on": false,
      "eom_gate_duty": 0.3,
      "eom_gate_jitter_ps": 5.0,
      "eom_gate_hold_noise_mw": 0.01,
      "eom_gate_hold_leak": 0.05,
      "amp_type": "soa",
      "obpf_bw_nm": 0.5,
      "voa_post_db": 2.0,
      "channels": 0
    },
    "tia": {
      "tia_transimpedance_kohm": 15.0,
      "bw_mhz": 55.0,