{
  "config": {
    "trials": 400,
    "seed": 7602,
    "sensitivity": false,
    "vote3": false,
    "repeat": 1,
    "neighbor_ct": false,
    "base_window_ns": 9.0,
    "applied_calibration": true,
    "adaptive_input": false,
    "adaptive_max_frames": 12,
    "adaptive_margin_mV": 0.8,
    "avg_frames": 2,
    "classifier": "chop",
    "mask_bad_channels_req": 0,
    "mask_bad_frac_req": 0.0,
    "mask_applied_count": 0
  },
  "baseline": {
    "p50_ber": 0.75,
    "p50_energy_pj": 56.77147028269076,
    "window_ns": 16.1957709273263,
    "p50_tokens_per_s": 246978054.82362086,
    "p50_snr_emit": 1.5650165525854371,
    "p50_snr_pd": 122.86180405492846,
    "p50_snr_tia": 9.999999999999999e+17
  },
  "path_a": {
    "p50_ber": 0.0,
    "p50_energy_pj": null,
    "window_ns": 17.0,
    "mean_ber": 0.68375
  },
  "path_b": {
    "p50_ber": 0.75,
    "p50_energy_pj": 56.807236783287166,
    "window_ns": 16.202666994080296,
    "p50_tokens_per_s": 246872937.73681915,
    "p50_snr_emit": 1.5336901254903466,
    "p50_snr_pd": 125.94578860666374,
    "p50_snr_tia": 9.999999999999999e+17,
    "analog_depth": 1,
    "analog_p50_ber": 0.75
  },
  "path_b_chain": {
    "depth": 5,
    "per_stage_p50_ber_vs_prev": [
      0.75,
      0.25,
      0.25,
      0.25,
      0.25
    ],
    "per_stage_p50_ber_vs_initial": [
      0.75,
      0.75,
      0.75,
      0.75,
      0.75
    ]
  },
  "path_b_sweeps": null,
  "cold_input": {
    "p50_ber": 0.25,
    "p50_energy_pj": 6.3403175204178455,
    "window_ns": 6.999776057641796,
    "p50_tokens_per_s": 571446853.0222648,
    "p50_snr_emit": 1.0224575730499998,
    "p50_snr_pd": 1.6152783091794523,
    "p50_snr_tia": 2.299267583381037
  },
  "packs": {
    "emitter": {
      "wavelength_nm": 1550.0,
      "channels": 4,
      "power_mw_per_ch": 18.0,
      "extinction_db": 20.0,
      "rin_dbhz": -150.0,
      "linewidth_hz": "5.0e6",
      "wav_drift_nm_per_C": 0.1,
      "rise_fall_ns_10_90": 6.0,
      "temp_coeff_pct_per_C": 0.15,
      "power_sigma_pct": 2.0,
      "modulation_mode": "pushpull",
      "pushpull_alpha": 0.9,
      "wavelengths_nm": null,
      "channels_per_lambda": null
    },
    "optics": {
      "transmittance": 0.95,
      "w_plus_contrast": 0.95,
      "w_minus_contrast": 0.95,
      "crosstalk_db": -35.0,
      "ct_model": "neighbor",
      "ct_neighbor_db": -60.0,
      "ct_diag_db": -63.0,
      "stray_floor_db": -60.0,
      "psf_kernel": "lorentzian:w=1.2",
      "signal_scale": 1.5,
      "amp_on": true,
      "amp_gain_db": 10.0,
      "amp_ase_sigma": 0.003,
      "sat_abs_on": true,
      "sat_I_sat": 0.4,
      "sat_alpha": 0.9,
      "speckle_on": false,
      "speckle_sigma": 0.0,
      "speckle_corr_px": 7,
      "tile_border_px": 0,
      "tile_gain_sigma_pct": 0.0,
      "tile_isolation": false,
      "grid_px": 64,
      "ins_loss_db_mean": 0.0,
      "ins_loss_db_sigma": 0.0,
      "pdl_db": 0.0,
      "pdl_step_rad": 0.0,
      "memory_tau_frames": 2.0,
      "reflection_event_db": 0.0,
      "reflection_prob": 0.0,
      "speckle_time_on": false,
      "speckle_time_sigma": 0.0,
      "speckle_time_tau_frames": 0,
      "xgm_on": false,
      "xgm_coeff": 0.0,
      "xpm_on": false,
      "xpm_coeff": 0.0,
      "fwm_on": false,
      "fwm_coeff": 0.0,
      "pol_scrambler_on": false,
      "pol_scramble_every_frames": 0,
      "voa_bits": 0,
      "soa_pattern_alpha": 0.0,
      "mode_mix_matrix": null
    },
    "tia": {
      "tia_transimpedance_kohm": 18.0,
      "bw_mhz": 50.0,
      "bw2_mhz": 0.0,
      "in_noise_pA_rthz": 3.0,
      "peaking_q": 0.55,
      "slew_v_per_us": 800.0,
      "adc_bits": 12,
      "adc_fullscale_v": 1.0,
      "adc_read_noise_mV_rms": 0.0,
      "gain_sigma_pct": 0.8
    },
    "comparator": {
      "vth_mV": 0.0,
      "hysteresis_mV": 0.2,
      "input_noise_mV_rms": 0.05,
      "drift_mV_per_C": 0.05,
      "prop_delay_ns": 0.8,
      "prop_jitter_ps_rms": 0.0,
      "saturate_levels": true,
      "vth_sigma_mV": 0.02,
      "metastable_on": false,
      "metastable_width_mV": 0.2,
      "metastable_flip_prob": 0.05
    },
    "clock": {
      "window_ns": 17.0,
      "jitter_ps_rms": 45.0
    }
  },
  "realism": {
    "emitter": {
      "score": 0.8,
      "rin_dbhz": -150.0,
      "extinction_db": 20.0
    },
    "optics": {
      "score": 0.895,
      "crosstalk_db": -35.0,
      "stray_floor_db": -60.0
    },
    "camera": {
      "score": 0.7,
      "read_noise_e_rms": 2.0,
      "full_well_e": 20000.0
    },
    "tia": {
      "score": 0.812,
      "bw_mhz": 120.0,
      "in_noise_pA_rthz": 3.0
    },
    "comparator": {
      "score": 0.958,
      "input_noise_mV_rms": 0.05
    }
  },
  "components": {
    "baseline_p50_ber": 0.0,
    "emitter_ideal_p50_ber": 0.0,
    "optics_ideal_p50_ber": 0.0,
    "pd_ideal_p50_ber": 0.0,
    "tia_ideal_p50_ber": 0.0,
    "comparator_ideal_p50_ber": 0.0,
    "mode": "path_a",
    "delta": {
      "emitter": 0.0,
      "optics": 0.0,
      "pd": 0.0,
      "tia": 0.0,
      "comparator": 0.0
    }
  },
  "ber_per_tile": [
    [
      0.0,
      0.0
    ],
    [
      0.0,
      0.0
    ]
  ],
  "ber_per_tile_after": null,
  "baseline_calibrated": {
    "p50_ber": 0.75,
    "p50_energy_pj": 56.77147028269076,
    "window_ns": 16.1957709273263,
    "p50_tokens_per_s": 246978054.82362086,
    "p50_snr_emit": 1.5650165525854371,
    "p50_snr_pd": 122.86180405492846,
    "p50_snr_tia": 9.999999999999999e+17
  },
  "baseline_calibrated_alt": {
    "soft": {},
    "binary": {}
  },
  "vote3_p50_ber": null,
  "spatial_oversample_p50_ber": null,
  "lockin_p50_ber": null,
  "chop_p50_ber": 0.0,
  "avg_frames_p50_ber": 0.5,
  "soft_thresh_p50_ber": null,
  "mitigated_p50_ber": null,
  "sanity": {
    "window_non_increasing": true,
    "rin_non_decreasing": true,
    "crosstalk_non_decreasing": true
  },
  "effects": {
    "window_ber_improvement": 0.0,
    "rin_ber_degradation": 0.0,
    "crosstalk_ber_degradation": 0.0
  },
  "window_sweep": {
    "x_window_ns": [
      3.0,
      5.0,
      7.0,
      9.0,
      13.0,
      17.0
    ],
    "p50_ber": [
      0.75,
      0.75,
      0.75,
      0.75,
      0.75,
      0.75
    ]
  },
  "rin_sweep": {
    "x_rin_dbhz": [
      -170.0,
      -160.0,
      -150.0,
      -140.0
    ],
    "p50_ber": [
      0.25,
      0.25,
      0.25,
      0.25
    ]
  },
  "crosstalk_sweep": {
    "x_crosstalk_db": [
      -40.0,
      -32.666666666666664,
      -25.333333333333336,
      -18.0
    ],
    "p50_ber": [
      0.25,
      0.25,
      0.25,
      0.25
    ]
  },
  "calibration": {
    "vth_suggest_mV": -0.029642833121944642,
    "ber_before": 0.0,
    "ber_after": 0.75,
    "ber_delta": 0.75
  },
  "baseline_raw": {
    "p50_ber": 0.0,
    "p50_energy_pj": 14.65924007755422,
    "window_ns": 7.000776796865569,
    "p50_tokens_per_s": 571365166.4756552,
    "p50_snr_emit": 1.5709812327619694,
    "p50_snr_pd": 2.1911997453567666,
    "p50_snr_tia": 4.822337955967226,
    "mean_ber": 0.0
  },
  "sensitivity": null
}