{
  "config": {
    "trials": 480,
    "seed": 6211,
    "sensitivity": false,
    "vote3": false,
    "repeat": 1,
    "neighbor_ct": false,
    "base_window_ns": 6.0,
    "applied_calibration": true,
    "adaptive_input": false,
    "adaptive_max_frames": 12,
    "adaptive_margin_mV": 0.8,
    "avg_frames": 2,
    "classifier": "chop",
    "mask_bad_channels_req": 0,
    "mask_bad_frac_req": 0.0625,
    "mask_applied_count": 0
  },
  "baseline": {
    "p50_ber": 0.0,
    "p50_energy_pj": 11.213332306936579,
    "window_ns": 4.000691882267682,
    "p50_tokens_per_s": 999827059.3467224,
    "p50_snr_emit": 1.5711893991197319,
    "p50_snr_pd": 1.5727704143493542,
    "p50_snr_tia": 2.4099355191111718,
    "ber_ci95": {
      "lo": 0.0,
      "hi": 0.004779050997111869,
      "n_bits": 800,
      "n_err": 0
    },
    "mean_ber": 0.0
  },
  "path_a": {
    "p50_ber": 0.0,
    "p50_energy_pj": null,
    "window_ns": 6.0,
    "mean_ber": 0.67
  },
  "path_b": {
    "p50_ber": 0.75,
    "p50_energy_pj": 126.13234587754611,
    "window_ns": 4.748806377699242,
    "p50_tokens_per_s": 842316928.0567652,
    "p50_snr_emit": 1.6562970437595288,
    "p50_snr_pd": 4.189411371388209,
    "p50_snr_tia": 9.999999999999999e+17,
    "calibrated_optical_bias_mW": [
      0.005395586037754807,
      0.006709741890071008,
      0.004603426343643857,
      0.004177208510045993
    ],
    "calibrated_optical_trim_final_mW": [
      -0.03767954827757397,
      -0.03890079661669976,
      -0.04383791567233969,
      -0.03874352171643197
    ],
    "calibrated_offset_mV": [
      910.15625,
      911.865234375,
      901.0009765625,
      897.94921875
    ],
    "calibrated_vth_mV": [
      40.0,
      40.0,
      40.0,
      40.0
    ],
    "analog_depth": 5,
    "analog_p50_ber": 0.25,
    "ber_ci95": {
      "lo": 0.2922346889640033,
      "hi": 0.3569499265124786,
      "n_bits": 800,
      "n_err": 259
    }
  },
  "path_b_chain": {
    "depth": 5,
    "per_stage_p50_ber_vs_prev": [
      0.5,
      0.0,
      0.0,
      0.0,
      0.0
    ],
    "per_stage_p50_ber_vs_initial": [
      0.5,
      0.5,
      0.5,
      0.25,
      0.25
    ]
  },
  "path_b_sweeps": null,
  "path_b_return_map": {
    "levels": [
      -1,
      0,
      1
    ],
    "stage_slopes": [
      [
        0.24932712070326546,
        0.6070218024992267,
        0.6223043295951506,
        0.6477589835480574,
        0.6160976002068426
      ],
      [
        3.4632205745651783,
        0.8856957834687698,
        0.8460595648401408,
        0.8360120763384045,
        0.8585660028224669
      ],
      [
        0.24923022204645534,
        0.6076776015338363,
        0.6222543977459026,
        0.6468358607918221,
        0.615089644678831
      ]
    ],
    "deadzone_fraction": [
      [
        0.0,
        0.0,
        0.0,
        0.0,
        0.0
      ],
      [
        0.0,
        0.25,
        0.125,
        0.25,
        0.25
      ],
      [
        0.0,
        0.0,
        0.0,
        0.0,
        0.0
      ]
    ],
    "rail_positive_fraction": [
      [
        0.0,
        0.0,
        0.0,
        0.0,
        0.0
      ],
      [
        0.5,
        0.5,
        0.5,
        0.25,
        0.25
      ],
      [
        1.0,
        1.0,
        1.0,
        1.0,
        1.0
      ]
    ],
    "rail_negative_fraction": [
      [
        1.0,
        1.0,
        1.0,
        1.0,
        1.0
      ],
      [
        0.5,
        0.25,
        0.5,
        0.25,
        0.5
      ],
      [
        0.0,
        0.0,
        0.0,
        0.0,
        0.0
      ]
    ],
    "stage_diff_in": [
      [
        10.197975776902997,
        2.542535313244873,
        1.5435426819340865,
        0.96104029673759,
        0.6221852167283797
      ],
      [
        0.0026723472131189308,
        0.007750419604772629,
        0.006907998277999372,
        0.005554451959218443,
        0.005039142632909777
      ],
      [
        10.20204169726738,
        2.5425453430814313,
        1.5450125089753217,
        0.9597719090251977,
        0.6209369155319151
      ]
    ],
    "stage_diff_out": [
      [
        2.542535313244873,
        1.5435426819340865,
        0.96104029673759,
        0.6221852167283797,
        0.3830432037484403
      ],
      [
        0.007750419604772629,
        0.006907998277999372,
        0.005554451959218443,
        0.005039142632909777,
        0.003567197341371453
      ],
      [
        2.5425453430814313,
        1.5450125089753217,
        0.9597719090251977,
        0.6209369155319151,
        0.3817934570579139
      ]
    ],
    "median_stage_slope": 0.6223043295951506,
    "max_stage_slope": 3.4632205745651783,
    "median_diff_in": 0.9597719090251977,
    "median_diff_out": 0.6209369155319151
  },
  "cold_input": null,
  "packs": {
    "emitter": {
      "wavelength_nm": 1550.0,
      "channels": 4,
      "power_mw_per_ch": 12.0,
      "extinction_db": 18.0,
      "rin_dbhz": -140.0,
      "linewidth_hz": 1000000.0,
      "wav_drift_nm_per_C": 0.1,
      "rise_fall_ns_10_90": 8.0,
      "temp_coeff_pct_per_C": 0.15,
      "power_sigma_pct": 4.0,
      "modulation_mode": "pushpull",
      "pushpull_alpha": 0.85,
      "wavelengths_nm": null,
      "channels_per_lambda": null
    },
    "optics": {
      "transmittance": 0.72,
      "w_plus_contrast": 0.85,
      "w_minus_contrast": 0.84,
      "crosstalk_db": -32.0,
      "ct_model": "neighbor",
      "ct_neighbor_db": -32.0,
      "ct_diag_db": -35.0,
      "stray_floor_db": -75.0,
      "psf_kernel": "lorentzian:w=2.5",
      "signal_scale": 1.0,
      "amp_on": true,
      "amp_gain_db": 2.0,
      "amp_ase_sigma": 0.03,
      "sat_abs_on": true,
      "sat_I_sat": 0.6,
      "sat_alpha": 1.2,
      "hard_clip_on": false,
      "hard_clip_sat_mw": 0.1,
      "post_clip_on": false,
      "post_clip_sat_mw": 0.1,
      "speckle_on": false,
      "speckle_sigma": 0.0,
      "speckle_corr_px": 7,
      "tile_border_px": 0,
      "tile_gain_sigma_pct": 0.0,
      "tile_isolation": false,
      "grid_px": 64,
      "ins_loss_db_mean": 0.0,
      "ins_loss_db_sigma": 0.0,
      "pdl_db": 0.0,
      "pdl_step_rad": 0.0,
      "memory_tau_frames": 0.0,
      "reflection_event_db": 0.0,
      "reflection_prob": 0.0,
      "speckle_time_on": false,
      "speckle_time_sigma": 0.0,
      "speckle_time_tau_frames": 0,
      "xgm_on": false,
      "xgm_coeff": 0.0,
      "xpm_on": false,
      "xpm_coeff": 0.0,
      "fwm_on": false,
      "fwm_coeff": 0.0,
      "pol_scrambler_on": false,
      "pol_scramble_every_frames": 0,
      "voa_bits": 0,
      "soa_pattern_alpha": 0.0,
      "mode_mix_matrix": null,
      "soa_on": false,
      "soa_small_signal_gain_db": 3.0,
      "soa_psat_mw": 20.0,
      "soa_noise_figure_db": 6.0,
      "soa_tau_ns": 20.0,
      "soa_alpha": 4.0,
      "mzi_on": false,
      "mzi_gain": 1.0,
      "mzi_sat_mw": 5.0,
      "mzi_hysteresis_mw": 0.05,
      "mzi_bias_step": 0.02,
      "mzi_bias_leak": 0.01,
      "mzi_bias_target_mw": 0.0,
      "servo_on": false,
      "servo_kp": 0.01,
      "servo_ki": 0.0,
      "servo_ref_mw": 0.0,
      "servo_leak": 0.0,
      "servo_max_bias_mw": 5.0,
      "eom_gate_on": false,
      "eom_gate_duty": 0.3,
      "eom_gate_jitter_ps": 5.0,
      "eom_gate_hold_noise_mw": 0.01,
      "eom_gate_hold_leak": 0.05,
      "amp_type": "soa",
      "obpf_bw_nm": 0.5,
      "voa_post_db": 2.0,
      "channels": 0
    },
    "tia": {
      "tia_transimpedance_kohm": 15.0,
      "bw_mhz": 55.0,
      "bw2_mhz": 0.0,
      "in_noise_pA_rthz": 3.6,
      "peaking_q": 0.6,
      "slew_v_per_us": 700.0,
      "adc_bits": 12,
      "adc_fullscale_v": 1.0,
      "adc_read_noise_mV_rms": 0.0,
      "gain_sigma_pct": 1.0
    },
    "comparator": {
      "vth_mV": 5.0,
      "hysteresis_mV": 0.75,
      "input_noise_mV_rms": 0.4,
      "drift_mV_per_C": 0.05,
      "prop_delay_ns": 1.25,
      "prop_jitter_ps_rms": 0.0,
      "saturate_levels": true,