{
  "median_diff_stage0": 3.942239228837963e-06,
  "median_pos_stage0": 1.4237521443032048,
  "median_neg_stage0": 1.423748202063976
}