{
  "config": {
    "trials": 1000,
    "seed": 8101,
    "sensitivity": false,
    "vote3": false,
    "repeat": 1,
    "neighbor_ct": false,
    "base_window_ns": 8.0,
    "applied_calibration": true,
    "adaptive_input": false,
    "adaptive_max_frames": 12,
    "adaptive_margin_mV": 0.8,
    "avg_frames": 4,
    "classifier": "chop",
    "mask_bad_channels_req": 0,
    "mask_bad_frac_req": 0.125,
    "mask_applied_count": 0
  },
  "baseline": {
    "p50_ber": 0.0,
    "p50_energy_pj": 16.816273993995395,
    "window_ns": 6.000066439993614,
    "p50_tokens_per_s": 666659284.5268987,
    "p50_snr_emit": 1.5707917142117074,
    "p50_snr_pd": 1.5719779014438062,
    "p50_snr_tia": 2.1679923180591034,
    "ber_ci95": {
      "lo": 0.0,
      "hi": 0.004779050997111869,
      "n_bits": 800,
      "n_err": 0
    },
    "mean_ber": 0.0
  },
  "path_a": {
    "p50_ber": 0.0,
    "p50_energy_pj": null,
    "window_ns": 8.0,
    "mean_ber": 0.64125
  },
  "path_b": {
    "p50_ber": 0.75,
    "p50_energy_pj": 181.4519364452376,
    "window_ns": 6.7503660197071556,
    "p50_tokens_per_s": 592560460.9175737,
    "p50_snr_emit": 1.6596312807384321,
    "p50_snr_pd": 4.237732360549396,
    "p50_snr_tia": 9.999999999999999e+17,
    "calibrated_optical_bias_mW": [
      0.005264874581014212,
      0.005205925264290645,
      0.004953803303787474,
      0.005377278015533893
    ],
    "calibrated_optical_trim_final_mW": [
      -0.04061276283394194,
      -0.03901658896302229,
      -0.040669948552657764,
      -0.0512372906310779
    ],
    "calibrated_offset_mV": [
      1071.2890625,
      1069.2138671875,
      1072.509765625,
      1075.0732421875
    ],
    "calibrated_vth_mV": [
      40.0,
      40.0,
      40.0,
      40.0
    ],
    "analog_depth": 5,
    "analog_p50_ber": 0.25,
    "ber_ci95": {
      "lo": 0.29950923470584656,
      "hi": 0.3646036950056787,
      "n_bits": 800,
      "n_err": 265
    }
  },
  "path_b_chain": {
    "depth": 5,
    "per_stage_p50_ber_vs_prev": [
      0.5,
      0.0,
      0.0,
      0.25,
      0.0
    ],
    "per_stage_p50_ber_vs_initial": [
      0.5,
      0.5,
      0.5,
      0.25,
      0.25
    ]
  },
  "path_b_sweeps": null,
  "path_b_return_map": {
    "levels": [
      -1,
      0,
      1
    ],
    "stage_slopes": [
      [
        0.24873369841125395,
        0.5866116509538463,
        0.618860478012275,
        0.6436453086818917,
        0.6410171406065761
      ],
      [
        3.9893357795081963,
        0.8844877673894619,
        0.8014769430049206,
        0.8755065395127263,
        0.8145168435006441
      ],
      [
        0.2487549489896252,
        0.5866401178466386,
        0.6192565070257132,
        0.6438695171627764,
        0.6401906799524205
      ]
    ],
    "deadzone_fraction": [
      [
        0.0,
        0.0,
        0.0,
        0.0,
        0.0
      ],
      [
        0.25,
        0.25,
        0.25,
        0.25,
        0.25
      ],
      [
        0.0,
        0.0,
        0.0,
        0.0,
        0.0
      ]
    ],
    "rail_positive_fraction": [
      [
        0.0,
        0.0,
        0.0,
        0.0,
        0.0
      ],
      [
        0.5,
        0.5,
        0.5,
        0.5,
        0.25
      ],
      [
        1.0,
        1.0,
        1.0,
        1.0,
        1.0
      ]
    ],
    "rail_negative_fraction": [
      [
        1.0,
        1.0,
        1.0,
        1.0,
        1.0
      ],
      [
        0.5,
        0.5,
        0.25,
        0.25,
        0.25
      ],
      [
        0.0,
        0.0,
        0.0,
        0.0,
        0.0
      ]
    ],
    "stage_diff_in": [
      [
        10.207850324135565,
        2.538677688041241,
        1.4893491421754295,
        0.9210247780572366,
        0.5929780062460541
      ],
      [
        0.002013259249727284,
        0.007027649449570461,
        0.006214332719030491,
        0.004963866163177011,
        0.00405048600870761
      ],
      [
        10.207447909392203,
        2.538724335812228,
        1.4891206406675939,
        0.9223536528823209,
        0.593597182351973
      ]
    ],
    "stage_diff_out": [
      [
        2.538677688041241,
        1.4893491421754295,
        0.9210247780572366,
        0.5929780062460541,
        0.37999722552806625
      ],
      [
        0.007027649449570461,
        0.006214332719030491,
        0.004963866163177011,
        0.00405048600870761,
        0.0031977526264751477
      ],
      [
        2.538724335812228,
        1.4891206406675939,
        0.9223536528823209,
        0.593597182351973,
        0.3804822297526841
      ]
    ],
    "median_stage_slope": 0.6410171406065761,
    "max_stage_slope": 3.9893357795081963,
    "median_diff_in": 0.9210247780572366,
    "median_diff_out": 0.5929780062460541
  },
  "cold_input": null,
  "packs": {
    "emitter": {
      "wavelength_nm": 1550.0,
      "channels": 4,
      "power_mw_per_ch": 12.0,
      "extinction_db": 18.0,
      "rin_dbhz": -140.0,
      "linewidth_hz": 1000000.0,
      "wav_drift_nm_per_C": 0.1,
      "rise_fall_ns_10_90": 8.0,
      "temp_coeff_pct_per_C": 0.15,
      "power_sigma_pct": 4.0,
      "modulation_mode": "pushpull",
      "pushpull_alpha": 0.85,
      "wavelengths_nm": null,
      "channels_per_lambda": null
    },
    "optics": {
      "transmittance": 0.72,
      "w_plus_contrast": 0.85,
      "w_minus_contrast": 0.84,
      "crosstalk_db": -32.0,
      "ct_model": "neighbor",
      "ct_neighbor_db": -32.0,
      "ct_diag_db": -35.0,
      "stray_floor_db": -75.0,
      "psf_kernel": "lorentzian:w=2.5",
      "signal_scale": 1.0,
      "amp_on": true,
      "amp_gain_db": 2.0,
      "amp_ase_sigma": 0.03,
      "sat_abs_on": true,
      "sat_I_sat": 0.6,
      "sat_alpha": 1.2,
      "hard_clip_on": false,
      "hard_clip_sat_mw": 0.1,
      "post_clip_on": false,
      "post_clip_sat_mw": 0.1,
      "speckle_on": false,
      "speckle_sigma": 0.0,
      "speckle_corr_px": 7,
      "tile_border_px": 0,
      "tile_gain_sigma_pct": 0.0,
      "tile_isolation": false,
      "grid_px": 64,
      "ins_loss_db_mean": 0.0,
      "ins_loss_db_sigma": 0.0,
      "pdl_db": 0.0,
      "pdl_step_rad": 0.0,
      "memory_tau_frames": 0.0,
      "reflection_event_db": 0.0,
      "reflection_prob": 0.0,
      "speckle_time_on": false,
      "speckle_time_sigma": 0.0,
      "speckle_time_tau_frames": 0,
      "xgm_on": false,
      "xgm_coeff": 0.0,
      "xpm_on": false,
      "xpm_coeff": 0.0,
      "fwm_on": false,
      "fwm_coeff": 0.0,
      "pol_scrambler_on": false,
      "pol_scramble_every_frames": 0,
      "voa_bits": 0,
      "soa_pattern_alpha": 0.0,
      "mode_mix_matrix": null,
      "soa_on": false,
      "soa_small_signal_gain_db": 3.0,
      "soa_psat_mw": 20.0,
      "soa_noise_figure_db": 6.0,
      "soa_tau_ns": 20.0,
      "soa_alpha": 4.0,
      "mzi_on": false,
      "mzi_gain": 1.0,
      "mzi_sat_mw": 5.0,
      "mzi_hysteresis_mw": 0.05,
      "mzi_bias_step": 0.02,
      "mzi_bias_leak": 0.01,
      "mzi_bias_target_mw": 0.0,
      "servo_on": false,
      "servo_kp": 0.01,
      "servo_ki": 0.0,
      "servo_ref_mw": 0.0,
      "servo_leak": 0.0,
      "servo_max_bias_mw": 5.0,
      "eom_gate_on": false,
      "eom_gate_duty": 0.3,
      "eom_gate_jitter_ps": 5.0,
      "eom_gate_hold_noise_mw": 0.01,
      "eom_gate_hold_leak": 0.05,
      "amp_type": "soa",
      "obpf_bw_nm": 0.5,
      "voa_post_db": 2.0,
      "channels": 0
    },
    "tia": {
      "tia_transimpedance_kohm": 18.0,
      "bw_mhz": 50.0,
      "bw2_mhz": 0.0,
      "in_noise_pA_rthz": 3.0,
      "peaking_q": 0.55,
      "slew_v_per_us": 800.0,
      "adc_bits": 12,
      "adc_fullscale_v": 1.0,
      "adc_read_noise_mV_rms": 0.0,
      "gain_sigma_pct": 0.8
    },
    "comparator": {
      "vth_mV": 20.0,
      "hysteresis_mV": 3.0,
      "input_noise_mV_rms": 0.05,
      "drift_mV_per_C": 0.05,
      "prop_delay_ns": 1.25,
      "prop_jitter_ps_rms": 0.0,