{
  "config": {
    "trials": 200,
    "seed": 7701,
    "sensitivity": false,
    "vote3": false,
    "repeat": 1,
    "neighbor_ct": false,
    "base_window_ns": 12.0,
    "applied_calibration": true,
    "adaptive_input": false,
    "adaptive_max_frames": 12,
    "adaptive_margin_mV": 0.8,
    "avg_frames": 2,
    "classifier": "chop",
    "mask_bad_channels_req": 0,
    "mask_bad_frac_req": 0.0,
    "mask_applied_count": 0
  },
  "baseline": {
    "p50_ber": 1.0,
    "p50_energy_pj": 13518.093627844915,
    "window_ns": 16.497496297000616,
    "p50_tokens_per_s": 60615258.33964323,
    "p50_snr_emit": 1.786939199736567e+19,
    "p50_snr_pd": 8.193681469153208e+17,
    "p50_snr_tia": 1.9999999999999997e+18
  },
  "path_a": {
    "p50_ber": 0.0,
    "p50_energy_pj": null,
    "window_ns": 17.0,
    "mean_ber": 0.655
  },
  "path_b": {
    "p50_ber": 1.0,
    "p50_energy_pj": 13503.440050147396,
    "window_ns": 16.50183028108116,
    "p50_tokens_per_s": 60599338.55618847,
    "p50_snr_emit": 1.7869980681944396e+19,
    "p50_snr_pd": 8.195163695354386e+17,
    "p50_snr_tia": 1.9999999999999997e+18,
    "analog_depth": 3,
    "analog_p50_ber": 1.0
  },
  "path_b_chain": {
    "depth": 5,
    "per_stage_p50_ber_vs_prev": [
      1.0,
      0.0,
      0.0,
      0.0,
      0.0
    ],
    "per_stage_p50_ber_vs_initial": [
      1.0,
      1.0,
      1.0,
      1.0,
      1.0
    ]
  },
  "path_b_sweeps": null,
  "cold_input": {
    "p50_ber": 0.0,
    "p50_energy_pj": 4.064933498121299,
    "window_ns": 10.000709377308233,
    "p50_tokens_per_s": 99992906.73009813,
    "p50_snr_emit": 5.80162193040522e+17,
    "p50_snr_pd": 223484623186555.0,
    "p50_snr_tia": 1.0087890624999999e+18
  },
  "packs": {
    "emitter": {
      "wavelength_nm": 1550.0,
      "channels": 1,
      "power_mw_per_ch": 18.0,
      "extinction_db": 20.0,
      "rin_dbhz": -150.0,
      "linewidth_hz": 1000000.0,
      "wav_drift_nm_per_C": 0.05,
      "rise_fall_ns_10_90": 3.0,
      "temp_coeff_pct_per_C": 0.05,
      "power_sigma_pct": 0.5,
      "modulation_mode": "pushpull",
      "pushpull_alpha": 0.98,
      "wavelengths_nm": null,
      "channels_per_lambda": null
    },
    "optics": {
      "transmittance": 0.95,
      "w_plus_contrast": 0.99,
      "w_minus_contrast": 0.99,
      "crosstalk_db": -80.0,
      "ct_model": "global",
      "ct_neighbor_db": -30.0,
      "ct_diag_db": -35.0,
      "stray_floor_db": -80.0,
      "psf_kernel": "lorentzian:w=2.5",
      "signal_scale": 2.5,
      "amp_on": false,
      "amp_gain_db": 10.0,
      "amp_ase_sigma": 0.01,
      "sat_abs_on": true,
      "sat_I_sat": 0.25,
      "sat_alpha": 0.95,
      "speckle_on": false,
      "speckle_sigma": 0.0,
      "speckle_corr_px": 7,
      "tile_border_px": 0,
      "tile_gain_sigma_pct": 0.0,
      "tile_isolation": false,
      "grid_px": 64,
      "ins_loss_db_mean": 0.0,
      "ins_loss_db_sigma": 0.0,
      "pdl_db": 0.0,
      "pdl_step_rad": 0.0,
      "memory_tau_frames": 0.0,
      "reflection_event_db": 0.0,
      "reflection_prob": 0.0,
      "speckle_time_on": false,
      "speckle_time_sigma": 0.0,
      "speckle_time_tau_frames": 0,
      "xgm_on": false,
      "xgm_coeff": 0.0,
      "xpm_on": false,
      "xpm_coeff": 0.0,
      "fwm_on": false,
      "fwm_coeff": 0.0,
      "pol_scrambler_on": false,
      "pol_scramble_every_frames": 0,
      "voa_bits": 10,
      "soa_pattern_alpha": 0.02,
      "mode_mix_matrix": null,
      "soa_on": true,
      "soa_small_signal_gain_db": 20.0,
      "soa_psat_mw": 2.0,
      "soa_noise_figure_db": 4.5,
      "soa_tau_ns": 0.5,
      "soa_alpha": 4.0,
      "mzi_on": true,
      "mzi_gain": 3.0,
      "mzi_sat_mw": 1.5,
      "mzi_hysteresis_mw": 0.05,
      "mzi_bias_step": 0.05,
      "mzi_bias_leak": 0.003,
      "mzi_bias_target_mw": 0.0,
      "servo_on": true,
      "servo_kp": 0.1,
      "servo_ki": 0.001,
      "servo_alpha": 0.15,
      "servo_ref_mw": 0.0,
      "servo_leak": 0.01,
      "servo_max_bias_mw": 2.0,
      "channels": 1
    },
    "tia": {
      "tia_transimpedance_kohm": 20.0,
      "bw_mhz": 200.0,
      "bw2_mhz": 0.0,
      "in_noise_pA_rthz": 2.0,
      "peaking_q": 0.5,
      "slew_v_per_us": 1000.0,
      "adc_bits": 14,
      "adc_fullscale_v": 1.0,
      "adc_read_noise_mV_rms": 0.0,
      "gain_sigma_pct": 0.5
    },
    "comparator": {
      "vth_mV": 0.0,
      "hysteresis_mV": 0.1,
      "input_noise_mV_rms": 0.02,
      "drift_mV_per_C": 0.05,
      "prop_delay_ns": 0.5,
      "prop_jitter_ps_rms": 5.0,
      "saturate_levels": true,
      "vth_sigma_mV": 0.01,
      "metastable_on": false,
      "metastable_width_mV": 0.2,
      "metastable_flip_prob": 0.05
    },
    "clock": {
      "window_ns": 17.0,
      "jitter_ps_rms": 45.0
    }
  },
  "realism": {
    "emitter": {
      "score": 0.8,
      "rin_dbhz": -150.0,
      "extinction_db": 20.0
    },
    "optics": {
      "score": 1.0,
      "crosstalk_db": -80.0,
      "stray_floor_db": -80.0
    },
    "camera": {
      "score": 0.7,
      "read_noise_e_rms": 2.0,
      "full_well_e": 20000.0
    },
    "tia": {
      "score": 0.875,
      "bw_mhz": 120.0,
      "in_noise_pA_rthz": 2.0
    },
    "comparator": {
      "score": 0.983,
      "input_noise_mV_rms": 0.02
    }
  },
  "components": {
    "baseline_p50_ber": 0.0,
    "emitter_ideal_p50_ber": 0.0,
    "optics_ideal_p50_ber": 0.0,
    "pd_ideal_p50_ber": 0.0,
    "tia_ideal_p50_ber": 0.0,
    "comparator_ideal_p50_ber": 0.0,
    "mode": "path_a",
    "delta": {
      "emitter": 0.0,
      "optics": 0.0,
      "pd": 0.0,
      "tia": 0.0,
      "comparator": 0.0
    }
  },
  "ber_per_tile": [
    [
      0.0
    ]
  ],
  "ber_per_tile_after": null,
  "baseline_calibrated": {
    "p50_ber": 1.0,
    "p50_energy_pj": 13518.093627844915,
    "window_ns": 16.497496297000616,
    "p50_tokens_per_s": 60615258.33964323,
    "p50_snr_emit": 1.786939199736567e+19,
    "p50_snr_pd": 8.193681469153208e+17,
    "p50_snr_tia": 1.9999999999999997e+18
  },
  "baseline_calibrated_alt": {
    "soft": {},
    "binary": {}
  },
  "vote3_p50_ber": null,
  "spatial_oversample_p50_ber": null,
  "lockin_p50_ber": null,
  "chop_p50_ber": 0.0,
  "avg_frames_p50_ber": 0.0,
  "soft_thresh_p50_ber": null,
  "mitigated_p50_ber": null,
  "sanity": {
    "window_non_increasing": true,
    "rin_non_decreasing": true,
    "crosstalk_non_decreasing": true
  },
  "effects": {
    "window_ber_improvement": 0.0,
    "rin_ber_degradation": 0.0,
    "crosstalk_ber_degradation": 0.0
  },
  "window_sweep": {
    "x_window_ns": [
      3.0,
      5.0,
      7.0,
      9.0,
      13.0,
      17.0
    ],
    "p50_ber": [
      1.0,
      1.0,
      1.0,
      1.0,
      1.0,
      1.0
    ]
  },
  "rin_sweep": {
    "x_rin_dbhz": [
      -170.0,
      -160.0,
      -150.0,
      -140.0
    ],
    "p50_ber": [
      0.0,
      0.0,
      0.0,
      0.0
    ]
  },
  "crosstalk_sweep": {
    "x_crosstalk_db": [
      -40.0,
      -32.666666666666664,
      -25.333333333333336,
      -18.0
    ],
    "p50_ber": [
      0.0,
      0.0,
      0.0,
      0.0
    ]
  },
  "calibration": {
    "vth_suggest_mV": -0.0004286728896104042,
    "ber_before": 0.0,
    "ber_after": 1.0,
    "ber_delta": 1.0
  },
  "baseline_raw": {
    "p50_ber": 0.0,
    "p50_energy_pj": 7.006677239452299,
    "window_ns": 9.999197958744443,
    "p50_tokens_per_s": 100008021.05587733,
    "p50_snr_emit": 1.0000157329116157e+18,
    "p50_snr_pd": 385378843676610.5,
    "p50_snr_tia": 1.1962890625e+18,
    "mean_ber": 0.0
  },
  "sensitivity": null
}