{
  "config": {
    "trials": 320,
    "seed": 6012,
    "sensitivity": false,
    "vote3": false,
    "repeat": 1,
    "neighbor_ct": false,
    "base_window_ns": 12.0,
    "applied_calibration": true,
    "adaptive_input": false,
    "adaptive_max_frames": 12,
    "adaptive_margin_mV": 0.8,
    "avg_frames": 2,
    "classifier": "chop",
    "mask_bad_channels_req": 0,
    "mask_bad_frac_req": 0.0625,
    "mask_applied_count": 1
  },
  "baseline": {
    "p50_ber": 0.0,
    "p50_energy_pj": 112.0894010032144,
    "window_ns": 9.998544289296383,
    "p50_tokens_per_s": 1600232947.6230135,
    "p50_snr_emit": 1.4232510691976032,
    "p50_snr_pd": 1.424474248339203,
    "p50_snr_tia": 1.901366212163251,
    "ber_ci95": {
      "lo": 0.0,
      "hi": 0.0011990605278363324,
      "n_bits": 3200,
      "n_err": 0
    },
    "mean_ber": 0.0
  },
  "path_a": {
    "p50_ber": 0.0,
    "p50_energy_pj": null,
    "window_ns": 12.0,
    "mean_ber": 0.66375
  },
  "path_b": {
    "p50_ber": 0.6875,
    "p50_energy_pj": 1038.6306894898644,
    "window_ns": 10.74949096795169,
    "p50_tokens_per_s": 1488442573.4857647,
    "p50_snr_emit": 1.4932516394651116,
    "p50_snr_pd": 3.9330195408253856,
    "p50_snr_tia": 9.999999999999999e+17,
    "calibrated_optical_bias_mW": [
      0.0027803552005605248,
      0.004806754186840623,
      0.004154971934935414,
      0.003924430003978685,
      0.00375770758048799,
      0.0038329911799184213,
      0.004729180336921157,
      0.004531096388795897,
      0.003233154209630218,
      0.0059664212047458864,
      0.0055223344883092995,
      0.0029886962275906814,
      0.005419985499675928,
      0.005099040502299923,
      0.002743181357313995,
      0.0034888784009117213
    ],
    "calibrated_optical_trim_final_mW": [
      -0.02768802675259846,
      -0.021268295204105447,
      -0.021427952354531654,
      -0.024278917152318724,
      -0.024606240464017104,
      -0.021955601301083538,
      -0.02115684740445689,
      -0.023561800939187805,
      -0.024676745968386593,
      -0.022937035391794036,
      -0.022961654561634848,
      -0.02449561474883133,
      -0.02438941467117861,
      -0.0239841686326302,
      -0.023659902206161765,
      -0.02151645729793933
    ],
    "calibrated_offset_mV": [
      519.04296875,
      548.2177734375,
      580.56640625,
      540.4052734375,
      554.6875,
      548.2177734375,
      551.6357421875,
      541.1376953125,
      543.5791015625,
      573.1201171875,
      561.767578125,
      526.611328125,
      563.720703125,
      556.2744140625,
      545.7763671875,
      514.0380859375
    ],
    "calibrated_vth_mV": [
      40.0,
      40.0,
      40.0,
      40.0,
      40.0,
      40.0,
      40.0,
      40.0,
      40.0,
      40.0,
      40.0,
      40.0,
      40.0,
      40.0,
      40.0,
      40.0
    ],
    "analog_depth": 3,
    "analog_p50_ber": 0.375,
    "ber_ci95": {
      "lo": 0.3302671174129991,
      "hi": 0.36322584428648075,
      "n_bits": 3200,
      "n_err": 1109
    }
  },
  "path_b_chain": {
    "depth": 3,
    "per_stage_p50_ber_vs_prev": [
      0.4375,
      0.0,
      0.125
    ],
    "per_stage_p50_ber_vs_initial": [
      0.4375,
      0.4375,
      0.34375
    ]
  },
  "path_b_sweeps": null,
  "path_b_return_map": {
    "levels": [
      -1,
      0,
      1
    ],
    "stage_slopes": [
      [
        0.24757918102323795,
        0.5358135656401359,
        0.5936540430615511
      ],
      [
        2.6754632368730853,
        1.0283005515570727,
        0.8082603679084003
      ],
      [
        0.2475535872094919,
        0.5361644831692236,
        0.5944267922433273
      ]
    ],
    "deadzone_fraction": [
      [
        0.0,
        0.0,
        0.0
      ],
      [
        0.3125,
        0.25,
        0.34375
      ],
      [
        0.0,
        0.0,
        0.0
      ]
    ],
    "rail_positive_fraction": [
      [
        0.0,
        0.0,
        0.0
      ],
      [
        0.3125,
        0.375,
        0.3125
      ],
      [
        1.0,
        1.0,
        1.0
      ]
    ],
    "rail_negative_fraction": [
      [
        1.0,
        1.0,
        1.0
      ],
      [
        0.375,
        0.3125,
        0.3125
      ],
      [
        0.0,
        0.0,
        0.0
      ]
    ],
    "stage_diff_in": [
      [
        10.220606594904336,
        2.529287035352442,
        1.3252095926003324
      ],
      [
        0.0015456514333316296,
        0.003891354268493963,
        0.00378444857548782
      ],
      [
        10.21821139926213,
        2.5294111845233096,
        1.325653845710229
      ]
    ],
    "stage_diff_out": [
      [
        2.529287035352442,
        1.3252095926003324,
        0.761326049917546
      ],
      [
        0.003891354268493963,
        0.00378444857548782,
        0.0029725505483460535
      ],
      [
        2.5294111845233096,
        1.325653845710229,
        0.7615647061910358
      ]
    ],
    "median_stage_slope": 0.5936540430615511,
    "max_stage_slope": 2.6754632368730853,
    "median_diff_in": 1.325653845710229,
    "median_diff_out": 0.7615647061910358
  },
  "cold_input": null,
  "packs": {
    "emitter": {
      "wavelength_nm": 1550.0,
      "channels": 16,
      "power_mw_per_ch": 12.0,
      "extinction_db": 18.0,
      "rin_dbhz": -140.0,
      "linewidth_hz": 1000000.0,
      "wav_drift_nm_per_C": 0.1,
      "rise_fall_ns_10_90": 8.0,
      "temp_coeff_pct_per_C": 0.15,
      "power_sigma_pct": 4.0,
      "modulation_mode": "pushpull",
      "pushpull_alpha": 0.85,
      "wavelengths_nm": null,
      "channels_per_lambda": null
    },
    "optics": {
      "transmittance": 0.72,
      "w_plus_contrast": 0.85,
      "w_minus_contrast": 0.84,
      "crosstalk_db": -30.0,
      "ct_model": "neighbor",
      "ct_neighbor_db": -30.0,
      "ct_diag_db": -33.0,
      "stray_floor_db": -70.0,
      "psf_kernel": "none",
      "signal_scale": 1.0,
      "amp_on": true,
      "amp_gain_db": 2.0,
      "amp_ase_sigma": 0.03,
      "sat_abs_on": true,
      "sat_I_sat": 0.9,
      "sat_alpha": 0.9,
      "hard_clip_on": false,
      "hard_clip_sat_mw": 0.1,
      "post_clip_on": false,
      "post_clip_sat_mw": 0.1,
      "speckle_on": false,
      "speckle_sigma": 0.0,
      "speckle_corr_px": 7,
      "tile_border_px": 0,
      "tile_gain_sigma_pct": 0.0,
      "tile_isolation": false,
      "grid_px": 0,
      "ins_loss_db_mean": 0.5,
      "ins_loss_db_sigma": 0.5,
      "pdl_db": 0.4,
      "pdl_step_rad": 0.05,
      "memory_tau_frames": 0.0,
      "reflection_event_db": 28.0,
      "reflection_prob": 0.08,
      "speckle_time_on": true,
      "speckle_time_sigma": 0.1,
      "speckle_time_tau_frames": 12,
      "xgm_on": false,
      "xgm_coeff": 0.0,
      "xpm_on": false,
      "xpm_coeff": 0.0,
      "fwm_on": false,
      "fwm_coeff": 0.0,
      "pol_scrambler_on": false,
      "pol_scramble_every_frames": 0,
      "voa_bits": 0,
      "soa_pattern_alpha": 0.0,
      "mode_mix_matrix": null,
      "soa_on": false,
      "soa_small_signal_gain_db": 3.0,
      "soa_psat_mw": 20.0,
      "soa_noise_figure_db": 6.0,
      "soa_tau_ns": 20.0,
      "soa_alpha": 4.0,
      "mzi_on": false,
      "mzi_gain": 1.0,
      "mzi_sat_mw": 5.0,
      "mzi_hysteresis_mw": 0.05,
      "mzi_bias_step": 0.02,
      "mzi_bias_leak": 0.01,
      "mzi_bias_target_mw": 0.0,
      "servo_on": false,
      "servo_kp": 0.01,
      "servo_ki": 0.0,
      "servo_ref_mw": 0.0,
      "servo_leak": 0.0,
      "servo_max_bias_mw": 5.0,
      "eom_gate_on": false,
      "eom_gate_duty": 0.3,
      "eom_gate_jitter_ps": 5.0,
      "eom_gate_hold_noise_mw": 0.01,
      "eom_gate_hold_leak": 0.05,
      "amp_type": "soa",
      "obpf_bw_nm": 0.5,
      "voa_post_db": 2.0,
      "channels": 0
    },
    "tia": {
      "tia_transimpedance_kohm": 15.0,
      "bw_mhz": 55.0,
      "bw2_mhz": 0.0,
      "in_noise_pA_rthz": 3.6,
      "peaking_q": 0.6,
      "slew_v_per_us": 700.0,