{
  "config": {
    "trials": 900,
    "seed": 6238,
    "sensitivity": false,
    "vote3": false,
    "repeat": 1,
    "neighbor_ct": false,
    "base_window_ns": 12.0,
    "applied_calibration": true,
    "adaptive_input": false,
    "adaptive_max_frames": 12,
    "adaptive_margin_mV": 0.8,
    "avg_frames": 3,
    "classifier": "chop",
    "mask_bad_channels_req": 0,
    "mask_bad_frac_req": 0.125,
    "mask_applied_count": 1
  },
  "baseline": {
    "p50_ber": 0.0,
    "p50_energy_pj": 56.054348236795164,
    "window_ns": 10.000293768138986,
    "p50_tokens_per_s": 799976499.2392584,
    "p50_snr_emit": 1.4233691282521082,
    "p50_snr_pd": 1.424742371758779,
    "p50_snr_tia": 1.9025803157496934,
    "ber_ci95": {
      "lo": 0.0,
      "hi": 0.002395249007133871,
      "n_bits": 1600,
      "n_err": 0
    },
    "mean_ber": 0.0
  },
  "path_a": {
    "p50_ber": 0.0,
    "p50_energy_pj": null,
    "window_ns": 12.0,
    "mean_ber": 0.66375
  },
  "path_b": {
    "p50_ber": 0.75,
    "p50_energy_pj": 583.4874729220041,
    "window_ns": 10.749745436887709,
    "p50_tokens_per_s": 744203669.4699794,
    "p50_snr_emit": 1.5054331185953391,
    "p50_snr_pd": 3.873773337276419,
    "p50_snr_tia": 9.999999999999999e+17,
    "calibrated_optical_bias_mW": [
      0.004784957902155718,
      0.005997187250225577,
      0.004115810754418803,
      0.004986553246301817,
      0.003753099768601942,
      0.005521736794884324,
      0.005916605537524822,
      0.003868131462890334
    ],
    "calibrated_optical_trim_final_mW": [
      -0.04156452266269106,
      -0.044488818934726226,
      -0.04267108625288085,
      -0.04231341368516467,
      -0.04250069777840221,
      -0.041288121744541384,
      -0.04097750185988008,
      -0.044340841982911494
    ],
    "calibrated_offset_mV": [
      715.6982421875,
      716.9189453125,
      713.2568359375,
      714.84375,
      711.669921875,
      717.4072265625,
      743.896484375,
      707.763671875
    ],
    "calibrated_vth_mV": [
      40.0,
      40.0,
      40.0,
      40.0,
      40.0,
      40.0,
      40.0,
      40.0
    ],
    "analog_depth": 5,
    "analog_p50_ber": 0.375,
    "ber_ci95": {
      "lo": 0.33438305731847995,
      "hi": 0.38129958864855307,
      "n_bits": 1600,
      "n_err": 572
    }
  },
  "path_b_chain": {
    "depth": 5,
    "per_stage_p50_ber_vs_prev": [
      0.5,
      0.0,
      0.125,
      0.0,
      0.0
    ],
    "per_stage_p50_ber_vs_initial": [
      0.5,
      0.5,
      0.375,
      0.375,
      0.375
    ]
  },
  "path_b_sweeps": null,
  "path_b_return_map": {
    "levels": [
      -1,
      0,
      1
    ],
    "stage_slopes": [
      [
        0.24758430680512128,
        0.5826229076469676,
        0.6453965937741435,
        0.695549299242983,
        0.6795682127693222
      ],
      [
        2.650989169590349,
        1.117211962915547,
        0.9674704406384073,
        0.9885101872753729,
        0.8888750543500825
      ],
      [
        0.24752929491249187,
        0.5830608676203659,
        0.6455463040982017,
        0.6957201350655413,
        0.6798591032893678
      ]
    ],
    "deadzone_fraction": [
      [
        0.0,
        0.0,
        0.0,
        0.0,
        0.0
      ],
      [
        0.25,
        0.25,
        0.25,
        0.25,
        0.25
      ],
      [
        0.0,
        0.0,
        0.0,
        0.0,
        0.0
      ]
    ],
    "rail_positive_fraction": [
      [
        0.0,
        0.0,
        0.0,
        0.0,
        0.0
      ],
      [
        0.375,
        0.375,
        0.5,
        0.375,
        0.4375
      ],
      [
        1.0,
        1.0,
        1.0,
        1.0,
        1.0
      ]
    ],
    "rail_negative_fraction": [
      [
        1.0,
        1.0,
        1.0,
        1.0,
        1.0
      ],
      [
        0.375,
        0.25,
        0.25,
        0.3125,
        0.375
      ],
      [
        0.0,
        0.0,
        0.0,
        0.0,
        0.0
      ]
    ],
    "stage_diff_in": [
      [
        10.187278808505926,
        2.5219957928152956,
        1.4692229617933519,
        0.9481418089377159,
        0.6596361075798791
      ],
      [
        0.0016017584215775038,
        0.0042089910673267505,
        0.004664154331287751,
        0.004274370033817698,
        0.004211160304462669
      ],
      [
        10.189028853271967,
        2.522068943091783,
        1.470458695439079,
        0.9493157264754817,
        0.6603057874288558
      ]
    ],
    "stage_diff_out": [
      [
        2.5219957928152956,
        1.4692229617933519,
        0.9481418089377159,
        0.6596361075798791,
        0.4481183280443657
      ],
      [
        0.0042089910673267505,
        0.004664154331287751,
        0.004274370033817698,
        0.004211160304462669,
        0.003673207161026093
      ],
      [
        2.522068943091783,
        1.470458695439079,
        0.9493157264754817,
        0.6603057874288558,
        0.4486415907489405
      ]
    ],
    "median_stage_slope": 0.6798591032893678,
    "max_stage_slope": 2.650989169590349,
    "median_diff_in": 0.9481418089377159,
    "median_diff_out": 0.6596361075798791
  },
  "cold_input": null,
  "packs": {
    "emitter": {
      "wavelength_nm": 1550.0,
      "channels": 8,
      "power_mw_per_ch": 12.0,
      "extinction_db": 18.0,
      "rin_dbhz": -140.0,
      "linewidth_hz": 1000000.0,
      "wav_drift_nm_per_C": 0.1,
      "rise_fall_ns_10_90": 8.0,
      "temp_coeff_pct_per_C": 0.15,
      "power_sigma_pct": 4.0,
      "modulation_mode": "pushpull",
      "pushpull_alpha": 0.85,
      "wavelengths_nm": null,
      "channels_per_lambda": null
    },
    "optics": {
      "transmittance": 0.72,
      "w_plus_contrast": 0.85,
      "w_minus_contrast": 0.84,
      "crosstalk_db": -30.0,
      "ct_model": "neighbor",
      "ct_neighbor_db": -30.0,
      "ct_diag_db": -33.0,
      "stray_floor_db": -75.0,
      "psf_kernel": "lorentzian:w=2.5",
      "signal_scale": 1.0,
      "amp_on": true,
      "amp_gain_db": 2.0,
      "amp_ase_sigma": 0.03,
      "sat_abs_on": true,
      "sat_I_sat": 0.6,
      "sat_alpha": 1.2,
      "hard_clip_on": false,
      "hard_clip_sat_mw": 0.1,
      "post_clip_on": false,
      "post_clip_sat_mw": 0.1,
      "speckle_on": false,
      "speckle_sigma": 0.0,
      "speckle_corr_px": 7,
      "tile_border_px": 0,
      "tile_gain_sigma_pct": 0.0,
      "tile_isolation": false,
      "grid_px": 64,
      "ins_loss_db_mean": 0.0,
      "ins_loss_db_sigma": 0.0,
      "pdl_db": 0.0,
      "pdl_step_rad": 0.0,
      "memory_tau_frames": 0.0,
      "reflection_event_db": 0.0,
      "reflection_prob": 0.0,
      "speckle_time_on": false,
      "speckle_time_sigma": 0.0,
      "speckle_time_tau_frames": 0,
      "xgm_on": false,
      "xgm_coeff": 0.0,
      "xpm_on": false,
      "xpm_coeff": 0.0,
      "fwm_on": false,
      "fwm_coeff": 0.0,
      "pol_scrambler_on": false,
      "pol_scramble_every_frames": 0,
      "voa_bits": 0,
      "soa_pattern_alpha": 0.0,
      "mode_mix_matrix": null,
      "soa_on": false,
      "soa_small_signal_gain_db": 3.0,
      "soa_psat_mw": 20.0,
      "soa_noise_figure_db": 6.0,
      "soa_tau_ns": 20.0,
      "soa_alpha": 4.0,
      "mzi_on": false,
      "mzi_gain": 1.0,
      "mzi_sat_mw": 5.0,
      "mzi_hysteresis_mw": 0.05,
      "mzi_bias_step": 0.02,
      "mzi_bias_leak": 0.01,
      "mzi_bias_target_mw": 0.0,
      "servo_on": false,
      "servo_kp": 0.01,
      "servo_ki": 0.0,
      "servo_ref_mw": 0.0,
      "servo_leak": 0.0,
      "servo_max_bias_mw": 5.0,
      "eom_gate_on": false,
      "eom_gate_duty": 0.3,
      "eom_gate_jitter_ps": 5.0,
      "eom_gate_hold_noise_mw": 0.01,
      "eom_gate_hold_leak": 0.05,
      "amp_type": "soa",
      "obpf_bw_nm": 0.5,
      "voa_post_db": 2.0,
      "channels": 0
    },
    "tia": {
      "tia_transimpedance_kohm": 15.0,
      "bw_mhz": 55.0,
      "bw2_mhz": 0.0,
      "in_noise_pA_rthz": 3.6,