{
  "config": {
    "trials": 240,
    "seed": 10002,
    "sensitivity": false,
    "vote3": false,
    "repeat": 1,
    "neighbor_ct": false,
    "base_window_ns": 10.0,
    "applied_calibration": true,
    "adaptive_input": false,
    "adaptive_max_frames": 12,
    "adaptive_margin_mV": 0.8,
    "avg_frames": 2,
    "classifier": "chop",
    "mask_bad_channels_req": 0,
    "mask_bad_frac_req": 0.0,
    "mask_applied_count": 0
  },
  "baseline": {
    "p50_ber": 0.0,
    "p50_energy_pj": 179.38291816566914,
    "window_ns": 8.00056898779738,
    "p50_tokens_per_s": 3999715526.3340654,
    "p50_snr_emit": 1.372586958313625,
    "p50_snr_pd": 1.3738883820200827,
    "p50_snr_tia": 1.845877387410975,
    "mean_ber": 0.0
  },
  "path_a": {
    "p50_ber": 0.0,
    "p50_energy_pj": null,
    "window_ns": 10.0,
    "mean_ber": 0.6659375
  },
  "path_b": {
    "p50_ber": 0.65625,
    "p50_energy_pj": 1706.7960805732741,
    "window_ns": 10.0,
    "p50_tokens_per_s": 3657439530.011435,
    "p50_snr_emit": 1.4612209687411566,
    "p50_snr_pd": 3.7684041442525724,
    "p50_snr_tia": 9.999999999999999e+17,
    "calibrated_optical_bias_mW": [
      0.00248985496727272,
      0.0023727910501289973,
      0.002602023090641281,
      0.003165252584452216,
      0.002547981007835931,
      0.002819871378702099,
      0.002424557782935155,
      0.0035117801898135736,
      0.003770372779757336,
      0.002847778009875457,
      0.0032027007234164406,
      0.0025003932112793725,
      0.0031233570059446825,
      0.002908866171127511,
      0.0030797039067954612,
      0.003003198731479584,
      0.00285458712968667,
      0.003392931240411401,
      0.0031288603960346606,
      0.0030174257608795996,
      0.0029375900010409906,
      0.0022067677700579047,
      0.003098990854270789,
      0.0036251165809116914,
      0.004217570946817739,
      0.0034250507221063042,
      0.0024977773960001004,
      0.002515426444403168,
      0.0027229907056287583,
      0.002411371081483815,
      0.003062320288024889,
      0.0016883883311066272
    ],
    "calibrated_optical_trim_final_mW": [
      -0.04233576859918298,
      -0.046050526468911904,
      -0.047105707111477185,
      -0.038430817115235646,
      -0.047317763971349736,
      -0.04596886798811091,
      -0.042265594935695955,
      -0.04225195828983622,
      -0.04617681353579878,
      -0.04983722644958942,
      -0.03950073308507583,
      -0.042439564720709574,
      -0.04086034573580544,
      -0.03805235521623461,
      -0.040791175605034216,
      -0.05209403440531617,
      -0.04297584113911998,
      -0.03714004166249224,
      -0.043059123991624704,
      -0.04630625023625114,
      -0.0367800188180112,
      -0.04847277152370398,
      -0.04758031192484334,
      -0.04712737769707499,
      -0.04263943847218514,
      -0.038145736894721324,
      -0.0383623666802068,
      -0.04866213829294888,
      -0.04290876825210593,
      -0.039323068462675956,
      -0.04281027234346872,
      -0.045197706405101956
    ],
    "calibrated_offset_mV": [
      335.693359375,
      320.1904296875,
      334.5947265625,
      343.017578125,
      347.2900390625,
      343.1396484375,
      331.1767578125,
      347.412109375,
      346.923828125,
      342.4072265625,
      349.4873046875,
      336.181640625,
      356.93359375,
      357.177734375,
      347.5341796875,
      348.9990234375,
      342.4072265625,
      340.8203125,
      348.0224609375,
      349.2431640625,
      341.30859375,
      329.1015625,
      349.365234375,
      365.8447265625,
      342.1630859375,
      343.8720703125,
      341.30859375,
      336.42578125,
      344.482421875,
      335.693359375,
      341.4306640625,
      326.66015625
    ],
    "calibrated_vth_mV": [
      40.0,
      40.0,
      40.0,
      40.0,
      40.0,
      40.0,
      40.0,
      40.0,
      40.0,
      40.0,
      40.0,
      40.0,
      40.0,
      40.0,
      40.0,
      40.0,
      40.0,
      40.0,
      40.0,
      40.0,
      40.0,
      40.0,
      40.0,
      40.0,
      40.0,
      40.0,
      40.0,
      40.0,
      40.0,
      40.0,
      40.0,
      40.0
    ],
    "analog_depth": 5,
    "analog_p50_ber": 0.0625,
    "sparse_active_k": 16,
    "eval_active_only": true,
    "tdm_micro_passes": 10,
    "tdm_symbol_time_ns": 100.0,
    "tdm_symbols_per_s": 10000000.0
  },
  "path_b_chain": {
    "depth": 5,
    "per_stage_p50_ber_vs_prev": [
      0.53125,
      0.125,
      0.03125,
      0.03125,
      0.0625
    ],
    "per_stage_p50_ber_vs_initial": [
      0.53125,
      0.46875,
      0.5,
      0.5,
      0.5
    ]
  },
  "path_b_sweeps": null,
  "path_b_return_map": null,
  "cold_input": null,
  "packs": {
    "emitter": {
      "wavelength_nm": 1550.0,
      "channels": 32,
      "power_mw_per_ch": 12.0,
      "extinction_db": 18.0,
      "rin_dbhz": -140.0,
      "linewidth_hz": 1000000.0,
      "wav_drift_nm_per_C": 0.1,
      "rise_fall_ns_10_90": 8.0,
      "temp_coeff_pct_per_C": 0.15,
      "power_sigma_pct": 4.0,
      "modulation_mode": "pushpull",
      "pushpull_alpha": 0.85,
      "wavelengths_nm": null,
      "channels_per_lambda": null
    },
    "optics": {
      "transmittance": 0.72,
      "w_plus_contrast": 0.85,
      "w_minus_contrast": 0.84,
      "crosstalk_db": -30.0,
      "ct_model": "neighbor",
      "ct_neighbor_db": -30.0,
      "ct_diag_db": -33.0,
      "stray_floor_db": -70.0,
      "psf_kernel": "none",
      "signal_scale": 1.0,
      "amp_on": true,
      "amp_gain_db": 2.0,
      "amp_ase_sigma": 0.03,
      "sat_abs_on": true,
      "sat_I_sat": 0.6,
      "sat_alpha": 1.2,
      "hard_clip_on": false,
      "hard_clip_sat_mw": 0.1,
      "post_clip_on": false,
      "post_clip_sat_mw": 0.1,
      "speckle_on": false,
      "speckle_sigma": 0.0,
      "speckle_corr_px": 7,
      "tile_border_px": 0,
      "tile_gain_sigma_pct": 0.0,
      "tile_isolation": false,
      "grid_px": 0,
      "ins_loss_db_mean": 0.5,
      "ins_loss_db_sigma": 0.5,
      "pdl_db": 0.4,
      "pdl_step_rad": 0.05,
      "memory_tau_frames": 0.0,
      "reflection_event_db": 28.0,
      "reflection_prob": 0.08,
      "speckle_time_on": true,
      "speckle_time_sigma": 0.1,
      "speckle_time_tau_frames": 12,
      "xgm_on": false,
      "xgm_coeff": 0.0,
      "xpm_on": false,
      "xpm_coeff": 0.0,
      "fwm_on": false,
      "fwm_coeff": 0.0,
      "pol_scrambler_on": false,
      "pol_scramble_every_frames": 0,
      "voa_bits": 0,
      "soa_pattern_alpha": 0.0,
      "mode_mix_matrix": null,
      "soa_on": false,
      "soa_small_signal_gain_db": 3.0,
      "soa_psat_mw": 20.0,
      "soa_noise_figure_db": 6.0,
      "soa_tau_ns": 20.0,
      "soa_alpha": 4.0,
      "mzi_on": false,
      "mzi_gain": 1.0,
      "mzi_sat_mw": 5.0,
      "mzi_hysteresis_mw": 0.05,
      "mzi_bias_step": 0.02,
      "mzi_bias_leak": 0.01,
      "mzi_bias_target_mw": 0.0,
      "servo_on": false,
      "servo_kp": 0.01,
      "servo_ki": 0.0,
      "servo_ref_mw": 0.0,
      "servo_leak": 0.0,
      "servo_max_bias_mw": 5.0,
      "eom_gate_on": false,
      "eom_gate_duty": 0.3,
      "eom_gate_jitter_ps": 5.0,
      "eom_gate_hold_noise_mw": 0.01,
      "eom_gate_hold_leak": 0.05,
      "amp_type": "soa",
      "obpf_bw_nm": 0.5,
      "voa_post_db": 2.0,
      "channels": 0
    },
    "tia": {
      "tia_transimpedance_kohm": 15.0,
      "bw_mhz": 55.0,
      "bw2_mhz": 0.0,
      "in_noise_pA_rthz": 3.6,
      "peaking_q": 0.6,
      "slew_v_per_us": 700.0,
      "adc_bits": 12,
      "adc_fullscale_v": 1.0,
      "adc_read_noise_mV_rms": 0.0,
      "gain_sigma_pct": 1.0
    },
    "comparator": {
      "vth_mV": 5.0,
      "hysteresis_mV": 0.75,
      "input_noise_mV_rms": 0.4,
      "drift_mV_per_C": 0.05,
      "prop_delay_ns": 1.25,
      "prop_jitter_ps_rms": 0.0,
      "saturate_levels": true,
      "vth_sigma_mV": 0.2,
      "metastable_on": false,
      "metastable_width_mV": 0.2,