{
  "config": {
    "trials": 900,
    "seed": 6332,
    "sensitivity": false,
    "vote3": false,
    "repeat": 1,
    "neighbor_ct": false,
    "base_window_ns": 12.0,
    "applied_calibration": true,
    "adaptive_input": false,
    "adaptive_max_frames": 12,
    "adaptive_margin_mV": 0.8,
    "avg_frames": 2,
    "classifier": "chop",
    "mask_bad_channels_req": 0,
    "mask_bad_frac_req": 0.125,
    "mask_applied_count": 1
  },
  "baseline": {
    "p50_ber": 0.0,
    "p50_energy_pj": 56.050618589789806,
    "window_ns": 9.99957858591265,
    "p50_tokens_per_s": 800033714.5477664,
    "p50_snr_emit": 1.4234142467746467,
    "p50_snr_pd": 1.4248141009187978,
    "p50_snr_tia": 1.9031747689891154,
    "ber_ci95": {
      "lo": 0.0,
      "hi": 0.002395249007133871,
      "n_bits": 1600,
      "n_err": 0
    },
    "mean_ber": 0.0
  },
  "path_a": {
    "p50_ber": 0.0,
    "p50_energy_pj": null,
    "window_ns": 12.0,
    "mean_ber": 0.651875
  },
  "path_b": {
    "p50_ber": 0.625,
    "p50_energy_pj": 586.8018325337653,
    "window_ns": 10.74939712547792,
    "p50_tokens_per_s": 744227783.8111148,
    "p50_snr_emit": 1.5094295187921383,
    "p50_snr_pd": 3.896104410396751,
    "p50_snr_tia": 9.999999999999999e+17,
    "calibrated_optical_bias_mW": [
      0.0059959431107534655,
      0.006232728663812415,
      0.005455325014637857,
      0.006538520667984438,
      0.004712928031277874,
      0.0057604664602333155,
      0.004074410087398617,
      0.0039613133104581255
    ],
    "calibrated_optical_trim_final_mW": [
      -0.04069568884244412,
      -0.04088544800073496,
      -0.03918215356357596,
      -0.03842050220088933,
      -0.03930389142132085,
      -0.04444618570785497,
      -0.04300562448412998,
      -0.04320951612957635
    ],
    "calibrated_offset_mV": [
      734.130859375,
      735.595703125,
      745.361328125,
      748.6572265625,
      724.12109375,
      750.732421875,
      715.2099609375,
      714.111328125
    ],
    "calibrated_vth_mV": [
      40.0,
      40.0,
      40.0,
      40.0,
      40.0,
      40.0,
      40.0,
      40.0
    ],
    "analog_depth": 5,
    "analog_p50_ber": 0.375,
    "ber_ci95": {
      "lo": 0.32148963667546504,
      "hi": 0.3680058845780053,
      "n_bits": 1600,
      "n_err": 551
    }
  },
  "path_b_chain": {
    "depth": 5,
    "per_stage_p50_ber_vs_prev": [
      0.5,
      0.0,
      0.125,
      0.0,
      0.0
    ],
    "per_stage_p50_ber_vs_initial": [
      0.5,
      0.5,
      0.375,
      0.375,
      0.375
    ]
  },
  "path_b_sweeps": null,
  "path_b_return_map": {
    "levels": [
      -1,
      0,
      1
    ],
    "stage_slopes": [
      [
        0.2466483993209116,
        0.5826709652610793,
        0.6453813142600692,
        0.6955805612345534,
        0.6791626094553174
      ],
      [
        2.427942291115319,
        1.1547913572656274,
        1.049200478855867,
        0.9289143351698579,
        0.8984407026078047
      ],
      [
        0.24668869448421898,
        0.5826871770076644,
        0.6453682291491374,
        0.6955893186862945,
        0.6800419386119729
      ]
    ],
    "deadzone_fraction": [
      [
        0.0,
        0.0,
        0.0,
        0.0,
        0.0
      ],
      [
        0.25,
        0.25,
        0.25,
        0.25,
        0.25
      ],
      [
        0.0,
        0.0,
        0.0,
        0.0,
        0.0
      ]
    ],
    "rail_positive_fraction": [
      [
        0.0,
        0.0,
        0.0,
        0.0,
        0.0
      ],
      [
        0.3125,
        0.375,
        0.375,
        0.375,
        0.375
      ],
      [
        1.0,
        1.0,
        1.0,
        1.0,
        1.0
      ]
    ],
    "rail_negative_fraction": [
      [
        1.0,
        1.0,
        1.0,
        1.0,
        1.0
      ],
      [
        0.375,
        0.375,
        0.375,
        0.375,
        0.25
      ],
      [
        0.0,
        0.0,
        0.0,
        0.0,
        0.0
      ]
    ],
    "stage_diff_in": [
      [
        10.227967575880175,
        2.5223627575406464,
        1.4694857007835909,
        0.9480353290063404,
        0.6596817393371437
      ],
      [
        0.0015772712557371449,
        0.003754969047567114,
        0.003957456705738105,
        0.0038884494577636763,
        0.003702516041697912
      ],
      [
        10.22607766842104,
        2.52235870320079,
        1.4695595073328447,
        0.9478798416853226,
        0.6597401485614356
      ]
    ],
    "stage_diff_out": [
      [
        2.5223627575406464,
        1.4694857007835909,
        0.9480353290063404,
        0.6596817393371437,
        0.4477207686642704
      ],
      [
        0.003754969047567114,
        0.003957456705738105,
        0.0038884494577636763,
        0.003702516041697912,
        0.0030412439729951
      ],
      [
        2.52235870320079,
        1.4695595073328447,
        0.9478798416853226,
        0.6597401485614356,
        0.4481555420007872
      ]
    ],
    "median_stage_slope": 0.6800419386119729,
    "max_stage_slope": 2.427942291115319,
    "median_diff_in": 0.9478798416853226,
    "median_diff_out": 0.6596817393371437
  },
  "cold_input": null,
  "packs": {
    "emitter": {
      "wavelength_nm": 1550.0,
      "channels": 8,
      "power_mw_per_ch": 12.0,
      "extinction_db": 18.0,
      "rin_dbhz": -140.0,
      "linewidth_hz": 1000000.0,
      "wav_drift_nm_per_C": 0.1,
      "rise_fall_ns_10_90": 8.0,
      "temp_coeff_pct_per_C": 0.15,
      "power_sigma_pct": 4.0,
      "modulation_mode": "pushpull",
      "pushpull_alpha": 0.85,
      "wavelengths_nm": null,
      "channels_per_lambda": null
    },
    "optics": {
      "transmittance": 0.72,
      "w_plus_contrast": 0.85,
      "w_minus_contrast": 0.84,
      "crosstalk_db": -30.0,
      "ct_model": "neighbor",
      "ct_neighbor_db": -30.0,
      "ct_diag_db": -33.0,
      "stray_floor_db": -75.0,
      "psf_kernel": "lorentzian:w=2.5",
      "signal_scale": 1.0,
      "amp_on": true,
      "amp_gain_db": 2.0,
      "amp_ase_sigma": 0.03,
      "sat_abs_on": true,
      "sat_I_sat": 0.6,
      "sat_alpha": 1.2,
      "hard_clip_on": false,
      "hard_clip_sat_mw": 0.1,
      "post_clip_on": false,
      "post_clip_sat_mw": 0.1,
      "speckle_on": false,
      "speckle_sigma": 0.0,
      "speckle_corr_px": 7,
      "tile_border_px": 0,
      "tile_gain_sigma_pct": 0.0,
      "tile_isolation": false,
      "grid_px": 64,
      "ins_loss_db_mean": 0.0,
      "ins_loss_db_sigma": 0.0,
      "pdl_db": 0.0,
      "pdl_step_rad": 0.0,
      "memory_tau_frames": 0.0,
      "reflection_event_db": 0.0,
      "reflection_prob": 0.0,
      "speckle_time_on": false,
      "speckle_time_sigma": 0.0,
      "speckle_time_tau_frames": 0,
      "xgm_on": false,
      "xgm_coeff": 0.0,
      "xpm_on": false,
      "xpm_coeff": 0.0,
      "fwm_on": false,
      "fwm_coeff": 0.0,
      "pol_scrambler_on": false,
      "pol_scramble_every_frames": 0,
      "voa_bits": 0,
      "soa_pattern_alpha": 0.0,
      "mode_mix_matrix": null,
      "soa_on": false,
      "soa_small_signal_gain_db": 3.0,
      "soa_psat_mw": 20.0,
      "soa_noise_figure_db": 6.0,
      "soa_tau_ns": 20.0,
      "soa_alpha": 4.0,
      "mzi_on": false,
      "mzi_gain": 1.0,
      "mzi_sat_mw": 5.0,
      "mzi_hysteresis_mw": 0.05,
      "mzi_bias_step": 0.02,
      "mzi_bias_leak": 0.01,
      "mzi_bias_target_mw": 0.0,
      "servo_on": false,
      "servo_kp": 0.01,
      "servo_ki": 0.0,
      "servo_ref_mw": 0.0,
      "servo_leak": 0.0,
      "servo_max_bias_mw": 5.0,
      "eom_gate_on": false,
      "eom_gate_duty": 0.3,
      "eom_gate_jitter_ps": 5.0,
      "eom_gate_hold_noise_mw": 0.01,
      "eom_gate_hold_leak": 0.05,
      "amp_type": "soa",
      "obpf_bw_nm": 0.5,
      "voa_post_db": 2.0,
      "channels": 0
    },
    "tia": {
      "tia_transimpedance_kohm": 15.0,
      "bw_mhz": 55.0,
      "bw2_mhz": 0.0,
      "in_noise_pA_rthz": 3.6,