{
  "config": {
    "trials": 160,
    "seed": 6003,
    "sensitivity": false,
    "vote3": false,
    "repeat": 1,
    "neighbor_ct": false,
    "base_window_ns": 10.0,
    "applied_calibration": true,
    "adaptive_input": false,
    "adaptive_max_frames": 12,
    "adaptive_margin_mV": 0.8,
    "avg_frames": 2,
    "classifier": "chop",
    "mask_bad_channels_req": 0,
    "mask_bad_frac_req": 0.0,
    "mask_applied_count": 0
  },
  "baseline": {
    "p50_ber": 0.0,
    "p50_energy_pj": 22.42082344265794,
    "window_ns": 8.00061796605674,
    "p50_tokens_per_s": 499961380.1046768,
    "p50_snr_emit": 1.5711761597397684,
    "p50_snr_pd": 1.572753694188823,
    "p50_snr_tia": 2.1134267296461267,
    "mean_ber": 0.0
  },
  "path_a": {
    "p50_ber": 0.0,
    "p50_energy_pj": null,
    "window_ns": 10.0,
    "mean_ber": 0.7140625
  },
  "path_b": {
    "p50_ber": 0.75,
    "p50_energy_pj": 234.19412479782966,
    "window_ns": 8.748149275997594,
    "p50_tokens_per_s": 457239568.4850565,
    "p50_snr_emit": 1.4329056817761072,
    "p50_snr_pd": 3.6999975630383872,
    "p50_snr_tia": 9.999999999999999e+17,
    "calibrated_optical_bias_mW": [
      0.0001118234543049379,
      -0.00018065074825801553,
      0.0009582968363122113,
      -0.0007158642918652092
    ],
    "calibrated_offset_mV": [
      4.5166015625,
      -3.2958984375,
      13.18359375,
      -8.9111328125
    ],
    "calibrated_vth_mV": [
      13.3544921875,
      10.05859375,
      9.9365234375,
      9.375
    ],
    "analog_depth": 5,
    "analog_p50_ber": 0.25
  },
  "path_b_chain": {
    "depth": 5,
    "per_stage_p50_ber_vs_prev": [
      0.5,
      0.25,
      0.0,
      0.0,
      0.0
    ],
    "per_stage_p50_ber_vs_initial": [
      0.5,
      0.25,
      0.25,
      0.25,
      0.25
    ]
  },
  "path_b_sweeps": null,
  "path_b_return_map": {
    "levels": [
      -1,
      0,
      1
    ],
    "stage_slopes": [
      [
        0.1764208076065497,
        0.5482889026947813,
        0.6879606942815213,
        0.7559801884387087,
        0.754125355466289
      ],
      [
        2.3014841461740065,
        0.9024573901059082,
        0.9214132637751759,
        1.05140635163636,
        1.0078006156417996
      ],
      [
        0.17644673337310285,
        0.5482095031531422,
        0.6880956660146089,
        0.7558129616696208,
        0.7542061469093582
      ]
    ],
    "deadzone_fraction": [
      [
        0.0,
        0.0,
        0.0,
        0.0,
        0.0
      ],
      [
        0.0,
        0.0,
        0.125,
        0.25,
        0.25
      ],
      [
        0.0,
        0.0,
        0.0,
        0.0,
        0.0
      ]
    ],
    "rail_positive_fraction": [
      [
        0.0,
        0.0,
        0.0,
        0.0,
        0.0
      ],
      [
        0.5,
        0.5,
        0.25,
        0.5,
        0.25
      ],
      [
        1.0,
        1.0,
        1.0,
        1.0,
        1.0
      ]
    ],
    "rail_negative_fraction": [
      [
        1.0,
        1.0,
        1.0,
        1.0,
        1.0
      ],
      [
        0.5,
        0.5,
        0.5,
        0.375,
        0.5
      ],
      [
        0.0,
        0.0,
        0.0,
        0.0,
        0.0
      ]
    ],
    "stage_diff_in": [
      [
        10.162077417877292,
        1.792585327432727,
        0.9828310686126859,
        0.6761937870309445,
        0.5108063426332095
      ],
      [
        0.001835029124206855,
        0.0037403429432376623,
        0.003460201035102306,
        0.0029846195925893326,
        0.0029327072745310434
      ],
      [
        10.161625284189528,
        1.79257669078417,
        0.9826718949405435,
        0.6761640208426262,
        0.511524724388008
      ]
    ],
    "stage_diff_out": [
      [
        1.792585327432727,
        0.9828310686126859,
        0.6761937870309445,
        0.5108063426332095,
        0.3852897005956839
      ],
      [
        0.0037403429432376623,
        0.003460201035102306,
        0.0029846195925893326,
        0.0029327072745310434,
        0.0028785301492861848
      ],
      [
        1.79257669078417,
        0.9826718949405435,
        0.6761640208426262,
        0.511524724388008,
        0.38548471419417785
      ]
    ],
    "median_stage_slope": 0.7542061469093582,
    "max_stage_slope": 2.3014841461740065,
    "median_diff_in": 0.6761640208426262,
    "median_diff_out": 0.5108063426332095
  },
  "cold_input": null,
  "packs": {
    "emitter": {
      "wavelength_nm": 1550.0,
      "channels": 4,
      "power_mw_per_ch": 12.0,
      "extinction_db": 18.0,
      "rin_dbhz": -140.0,
      "linewidth_hz": 1000000.0,
      "wav_drift_nm_per_C": 0.1,
      "rise_fall_ns_10_90": 8.0,
      "temp_coeff_pct_per_C": 0.15,
      "power_sigma_pct": 4.0,
      "modulation_mode": "pushpull",
      "pushpull_alpha": 0.85,
      "wavelengths_nm": null,
      "channels_per_lambda": null
    },
    "optics": {
      "transmittance": 0.72,
      "w_plus_contrast": 0.85,
      "w_minus_contrast": 0.84,
      "crosstalk_db": -32.0,
      "ct_model": "neighbor",
      "ct_neighbor_db": -32.0,
      "ct_diag_db": -35.0,
      "stray_floor_db": -75.0,
      "psf_kernel": "lorentzian:w=2.5",
      "signal_scale": 1.0,
      "amp_on": true,
      "amp_gain_db": 2.0,
      "amp_ase_sigma": 0.03,
      "sat_abs_on": true,
      "sat_I_sat": 0.6,
      "sat_alpha": 1.2,
      "hard_clip_on": false,
      "hard_clip_sat_mw": 0.1,
      "post_clip_on": false,
      "post_clip_sat_mw": 0.1,
      "speckle_on": false,
      "speckle_sigma": 0.0,
      "speckle_corr_px": 7,
      "tile_border_px": 0,
      "tile_gain_sigma_pct": 0.0,
      "tile_isolation": false,
      "grid_px": 64,
      "ins_loss_db_mean": 0.0,
      "ins_loss_db_sigma": 0.0,
      "pdl_db": 0.0,
      "pdl_step_rad": 0.0,
      "memory_tau_frames": 0.0,
      "reflection_event_db": 0.0,
      "reflection_prob": 0.0,
      "speckle_time_on": false,
      "speckle_time_sigma": 0.0,
      "speckle_time_tau_frames": 0,
      "xgm_on": false,
      "xgm_coeff": 0.0,
      "xpm_on": false,
      "xpm_coeff": 0.0,
      "fwm_on": false,
      "fwm_coeff": 0.0,
      "pol_scrambler_on": false,
      "pol_scramble_every_frames": 0,
      "voa_bits": 0,
      "soa_pattern_alpha": 0.0,
      "mode_mix_matrix": null,
      "soa_on": false,
      "soa_small_signal_gain_db": 3.0,
      "soa_psat_mw": 20.0,
      "soa_noise_figure_db": 6.0,
      "soa_tau_ns": 20.0,
      "soa_alpha": 4.0,
      "mzi_on": false,
      "mzi_gain": 1.0,
      "mzi_sat_mw": 5.0,
      "mzi_hysteresis_mw": 0.05,
      "mzi_bias_step": 0.02,
      "mzi_bias_leak": 0.01,
      "mzi_bias_target_mw": 0.0,
      "servo_on": false,
      "servo_kp": 0.01,
      "servo_ki": 0.0,
      "servo_ref_mw": 0.0,
      "servo_leak": 0.0,
      "servo_max_bias_mw": 5.0,
      "eom_gate_on": false,
      "eom_gate_duty": 0.3,
      "eom_gate_jitter_ps": 5.0,
      "eom_gate_hold_noise_mw": 0.01,
      "eom_gate_hold_leak": 0.05,
      "amp_type": "soa",
      "obpf_bw_nm": 0.5,
      "voa_post_db": 2.0,
      "channels": 0
    },
    "tia": {
      "tia_transimpedance_kohm": 15.0,
      "bw_mhz": 55.0,
      "bw2_mhz": 0.0,
      "in_noise_pA_rthz": 3.6,
      "peaking_q": 0.6,
      "slew_v_per_us": 700.0,
      "adc_bits": 12,
      "adc_fullscale_v": 1.0,
      "adc_read_noise_mV_rms": 0.0,
      "gain_sigma_pct": 1.0
    },
    "comparator": {
      "vth_mV": 20.0,
      "hysteresis_mV": 3.0,
      "input_noise_mV_rms": 0.05,
      "drift_mV_per_C": 0.05,
      "prop_delay_ns": 1.25,
      "prop_jitter_ps_rms": 0.0,
      "saturate_levels": true,
      "vth_sigma_mV": 0.2,
      "metastable_on": false,
      "metastable_width_mV": 0.2,
      "metastable_flip_prob": 0.05
    },
    "clock": {
      "window_ns": 10.0,
      "jitter_ps_rms": 20.0
    }
  },
  "realism": {
    "emitter": {
      "score": 0.76,
      "rin_dbhz": -140.0,
      "extinction_db": 18.0
    },