{
  "config": {
    "trials": 240,
    "seed": 6007,
    "sensitivity": false,
    "vote3": false,
    "repeat": 1,
    "neighbor_ct": false,
    "base_window_ns": 10.0,
    "applied_calibration": true,
    "adaptive_input": false,
    "adaptive_max_frames": 12,
    "adaptive_margin_mV": 0.8,
    "avg_frames": 2,
    "classifier": "chop",
    "mask_bad_channels_req": 0,
    "mask_bad_frac_req": 0.0625,
    "mask_applied_count": 1
  },
  "baseline": {
    "p50_ber": 0.0,
    "p50_energy_pj": 89.68428585059866,
    "window_ns": 7.999777458791234,
    "p50_tokens_per_s": 2000055636.849878,
    "p50_snr_emit": 1.4232322377185318,
    "p50_snr_pd": 1.4244663287637618,
    "p50_snr_tia": 1.911875413445595,
    "ber_ci95": {
      "lo": 0.0,
      "hi": 0.0011990605278363324,
      "n_bits": 3200,
      "n_err": 0
    },
    "mean_ber": 0.0
  },
  "path_a": {
    "p50_ber": 0.0,
    "p50_energy_pj": null,
    "window_ns": 10.0,
    "mean_ber": 0.661875
  },
  "path_b": {
    "p50_ber": 0.6875,
    "p50_energy_pj": 1157.77101266408,
    "window_ns": 8.750655495275991,
    "p50_tokens_per_s": 1828434453.697502,
    "p50_snr_emit": 1.4926818712983867,
    "p50_snr_pd": 381.69714531043655,
    "p50_snr_tia": 9.999999999999999e+17,
    "analog_depth": 5,
    "analog_p50_ber": 0.6875,
    "ber_ci95": {
      "lo": 0.6525645537534491,
      "hi": 0.6851550139055763,
      "n_bits": 3200,
      "n_err": 2141
    }
  },
  "path_b_chain": {
    "depth": 5,
    "per_stage_p50_ber_vs_prev": [
      0.625,
      0.375,
      0.375,
      0.375,
      0.375
    ],
    "per_stage_p50_ber_vs_initial": [
      0.625,
      0.6875,
      0.6875,
      0.6875,
      0.6875
    ]
  },
  "path_b_sweeps": null,
  "path_b_return_map": {
    "levels": [
      -1,
      0,
      1
    ],
    "stage_slopes": [
      [
        0.0024740480407884503,
        0.3712734227060739,
        0.6707461433102492,
        0.871497877813602,
        1.3744270592943573
      ],
      [
        4.907175678800884,
        0.8820054752554048,
        0.83905272578471,
        0.9593687898665622,
        0.8912395747655072
      ],
      [
        0.0024741564280591705,
        0.39794114510440676,
        0.5692576678808288,
        1.409268127856988,
        1.1343502983766314
      ]
    ],
    "deadzone_fraction": [
      [
        0.0,
        0.0,
        0.0,
        0.0,
        0.0
      ],
      [
        0.0,
        0.0,
        0.0,
        0.0,
        0.0
      ],
      [
        0.0,
        0.0,
        0.0,
        0.0,
        0.0
      ]
    ],
    "rail_positive_fraction": [
      [
        0.0,
        0.0,
        0.0,
        1.0,
        1.0
      ],
      [
        0.09375,
        0.875,
        0.25,
        0.0,
        0.0
      ],
      [
        1.0,
        1.0,
        0.0,
        0.0,
        0.0
      ]
    ],
    "rail_negative_fraction": [
      [
        1.0,
        1.0,
        0.0,
        0.0,
        0.0
      ],
      [
        0.125,
        0.0,
        0.0,
        0.28125,
        0.59375
      ],
      [
        0.0,
        0.0,
        0.0,
        1.0,
        1.0
      ]
    ],
    "stage_diff_in": [
      [
        10.2208290159566,
        0.02517631711898982,
        0.009046649641768045,
        0.006855356454899153,
        0.005059608859628806
      ],
      [
        0.0017102462950078223,
        0.009063028746103319,
        0.007303801764515172,
        0.006830312439183639,
        0.005850642683192353
      ],
      [
        10.218205029082599,
        0.02517631711898982,
        0.010200677023455396,
        0.006793829814936592,
        0.008452960641266521
      ]
    ],
    "stage_diff_out": [
      [
        0.02517631711898982,
        0.009046649641768045,
        0.006855356454899153,
        0.005059608859628806,
        0.007154186000794371
      ],
      [
        0.009063028746103319,
        0.007303801764515172,
        0.006830312439183639,
        0.005850642683192353,
        0.0050209366023436786
      ],
      [
        0.02517631711898982,
        0.010200677023455396,
        0.006793829814936592,
        0.008452960641266521,
        0.009090471561482932
      ]
    ],
    "median_stage_slope": 0.871497877813602,
    "max_stage_slope": 4.907175678800884,
    "median_diff_in": 0.008452960641266521,
    "median_diff_out": 0.007303801764515172
  },
  "cold_input": null,
  "packs": {
    "emitter": {
      "wavelength_nm": 1550.0,
      "channels": 16,
      "power_mw_per_ch": 12.0,
      "extinction_db": 18.0,
      "rin_dbhz": -140.0,
      "linewidth_hz": 1000000.0,
      "wav_drift_nm_per_C": 0.1,
      "rise_fall_ns_10_90": 8.0,
      "temp_coeff_pct_per_C": 0.15,
      "power_sigma_pct": 4.0,
      "modulation_mode": "pushpull",
      "pushpull_alpha": 0.85,
      "wavelengths_nm": null,
      "channels_per_lambda": null
    },
    "optics": {
      "transmittance": 0.72,
      "w_plus_contrast": 0.85,
      "w_minus_contrast": 0.84,
      "crosstalk_db": -30.0,
      "ct_model": "neighbor",
      "ct_neighbor_db": -30.0,
      "ct_diag_db": -33.0,
      "stray_floor_db": -70.0,
      "psf_kernel": "none",
      "signal_scale": 1.0,
      "amp_on": true,
      "amp_gain_db": 10.0,
      "amp_ase_sigma": 0.01,
      "sat_abs_on": true,
      "sat_I_sat": 0.7,
      "sat_alpha": 1.2,
      "hard_clip_on": false,
      "hard_clip_sat_mw": 0.1,
      "post_clip_on": true,
      "post_clip_sat_mw": 0.1,
      "speckle_on": false,
      "speckle_sigma": 0.0,
      "speckle_corr_px": 7,
      "tile_border_px": 0,
      "tile_gain_sigma_pct": 0.0,
      "tile_isolation": false,
      "grid_px": 0,
      "ins_loss_db_mean": 0.5,
      "ins_loss_db_sigma": 0.5,
      "pdl_db": 0.4,
      "pdl_step_rad": 0.05,
      "memory_tau_frames": 0.0,
      "reflection_event_db": 28.0,
      "reflection_prob": 0.08,
      "speckle_time_on": true,
      "speckle_time_sigma": 0.1,
      "speckle_time_tau_frames": 12,
      "xgm_on": false,
      "xgm_coeff": 0.0,
      "xpm_on": false,
      "xpm_coeff": 0.0,
      "fwm_on": false,
      "fwm_coeff": 0.0,
      "pol_scrambler_on": false,
      "pol_scramble_every_frames": 0,
      "voa_bits": 0,
      "soa_pattern_alpha": 0.0,
      "mode_mix_matrix": null,
      "soa_on": false,
      "soa_small_signal_gain_db": 6.0,
      "soa_psat_mw": 10.0,
      "soa_noise_figure_db": 5.0,
      "soa_tau_ns": 0.5,
      "soa_alpha": 4.0,
      "mzi_on": false,
      "mzi_gain": 1.0,
      "mzi_sat_mw": 5.0,
      "mzi_hysteresis_mw": 0.05,
      "mzi_bias_step": 0.02,
      "mzi_bias_leak": 0.01,
      "mzi_bias_target_mw": 0.0,
      "servo_on": false,
      "servo_kp": 0.01,
      "servo_ki": 0.0,
      "servo_ref_mw": 0.0,
      "servo_leak": 0.0,
      "servo_max_bias_mw": 5.0,
      "eom_gate_on": false,
      "eom_gate_duty": 0.3,
      "eom_gate_jitter_ps": 5.0,
      "eom_gate_hold_noise_mw": 0.01,
      "eom_gate_hold_leak": 0.05,
      "amp_type": "edfa",
      "obpf_bw_nm": 0.5,
      "voa_post_db": 4.0,
      "channels": 0
    },
    "tia": {
      "tia_transimpedance_kohm": 15.0,
      "bw_mhz": 55.0,
      "bw2_mhz": 0.0,
      "in_noise_pA_rthz": 3.6,
      "peaking_q": 0.6,
      "slew_v_per_us": 700.0,
      "adc_bits": 12,
      "adc_fullscale_v": 1.0,
      "adc_read_noise_mV_rms": 0.0,
      "gain_sigma_pct": 1.0
    },
    "comparator": {
      "vth_mV": 5.0,
      "hysteresis_mV": 0.75,
      "input_noise_mV_rms": 0.4,
      "drift_mV_per_C": 0.05,
      "prop_delay_ns": 1.25,
      "prop_jitter_ps_rms": 0.0,
      "saturate_levels": true,
      "vth_sigma_mV": 0.2,
      "metastable_on": false,
      "metastable_width_mV": 0.2,
      "metastable_flip_prob": 0.05
    },
    "clock": {
      "window_ns": 10.0,
      "jitter_ps_rms": 20.0
    }
  },
  "realism": {
    "emitter": {
      "score": 0.76,
      "rin_dbhz": -140.0,
      "extinction_db": 18.0
    },
    "optics": {
      "score": 0.72,
      "crosstalk_db": -30.0,
      "stray_floor_db": -70.0
    },