{
  "config": {
    "trials": 400,
    "seed": 7701,
    "sensitivity": false,
    "vote3": false,
    "repeat": 1,
    "neighbor_ct": false,
    "base_window_ns": 10.0,
    "applied_calibration": true,
    "adaptive_input": false,
    "adaptive_max_frames": 12,
    "adaptive_margin_mV": 0.8,
    "avg_frames": 2,
    "classifier": "chop",
    "mask_bad_channels_req": 0,
    "mask_bad_frac_req": 0.0,
    "mask_applied_count": 0
  },
  "baseline": {
    "p50_ber": 0.75,
    "p50_energy_pj": 45.509640032577295,
    "window_ns": 16.49710711954134,
    "p50_tokens_per_s": 242466753.1716439,
    "p50_snr_emit": 1.2740385318501302,
    "p50_snr_pd": 211.6832126354013,
    "p50_snr_tia": 9.999999999999999e+17
  },
  "path_a": {
    "p50_ber": 0.0,
    "p50_energy_pj": null,
    "window_ns": 17.0,
    "mean_ber": 0.66875
  },
  "path_b": {
    "p50_ber": 0.75,
    "p50_energy_pj": 45.50116223792415,
    "window_ns": 16.49620866057454,
    "p50_tokens_per_s": 242479959.01991007,
    "p50_snr_emit": 1.4824178063267854,
    "p50_snr_pd": 229.2264431974062,
    "p50_snr_tia": 9.999999999999999e+17,
    "analog_depth": 1,
    "analog_p50_ber": 0.75
  },
  "path_b_chain": {
    "depth": 5,
    "per_stage_p50_ber_vs_prev": [
      0.75,
      0.0,
      0.0,
      0.0,
      0.0
    ],
    "per_stage_p50_ber_vs_initial": [
      0.75,
      0.75,
      0.75,
      0.75,
      0.75
    ]
  },
  "path_b_sweeps": null,
  "cold_input": {
    "p50_ber": 0.25,
    "p50_energy_pj": 7.369902463662239,
    "window_ns": 7.999670841334444,
    "p50_tokens_per_s": 500020573.26308066,
    "p50_snr_emit": 1.020639246300743,
    "p50_snr_pd": 1.6186928931736742,
    "p50_snr_tia": 2.2403428825727127
  },
  "packs": {
    "emitter": {
      "wavelength_nm": 1550.0,
      "channels": 4,
      "power_mw_per_ch": 25.0,
      "extinction_db": 25.0,
      "rin_dbhz": -160.0,
      "linewidth_hz": "1.0e6",
      "wav_drift_nm_per_C": 0.1,
      "rise_fall_ns_10_90": 4.0,
      "temp_coeff_pct_per_C": 0.1,
      "power_sigma_pct": 1.0,
      "modulation_mode": "pushpull",
      "pushpull_alpha": 0.95,
      "wavelengths_nm": null,
      "channels_per_lambda": null
    },
    "optics": {
      "transmittance": 0.98,
      "w_plus_contrast": 0.96,
      "w_minus_contrast": 0.96,
      "crosstalk_db": -35.0,
      "ct_model": "neighbor",
      "ct_neighbor_db": -65.0,
      "ct_diag_db": -68.0,
      "stray_floor_db": -70.0,
      "psf_kernel": "lorentzian:w=1.0",
      "signal_scale": 1.6,
      "amp_on": true,
      "amp_gain_db": 12.0,
      "amp_ase_sigma": 0.002,
      "sat_abs_on": true,
      "sat_I_sat": 0.3,
      "sat_alpha": 0.95,
      "speckle_on": false,
      "speckle_sigma": 0.0,
      "speckle_corr_px": 7,
      "tile_border_px": 0,
      "tile_gain_sigma_pct": 0.0,
      "tile_isolation": false,
      "grid_px": 64,
      "ins_loss_db_mean": 0.0,
      "ins_loss_db_sigma": 0.0,
      "pdl_db": 0.0,
      "pdl_step_rad": 0.0,
      "memory_tau_frames": 1.0,
      "reflection_event_db": 0.0,
      "reflection_prob": 0.0,
      "speckle_time_on": false,
      "speckle_time_sigma": 0.0,
      "speckle_time_tau_frames": 0,
      "xgm_on": false,
      "xgm_coeff": 0.0,
      "xpm_on": false,
      "xpm_coeff": 0.0,
      "fwm_on": false,
      "fwm_coeff": 0.0,
      "pol_scrambler_on": false,
      "pol_scramble_every_frames": 0,
      "voa_bits": 0,
      "soa_pattern_alpha": 0.0,
      "mode_mix_matrix": null
    },
    "tia": {
      "tia_transimpedance_kohm": 20.0,
      "bw_mhz": 200.0,
      "bw2_mhz": 0.0,
      "in_noise_pA_rthz": 2.0,
      "peaking_q": 0.5,
      "slew_v_per_us": 1000.0,
      "adc_bits": 14,
      "adc_fullscale_v": 1.0,
      "adc_read_noise_mV_rms": 0.0,
      "gain_sigma_pct": 0.5
    },
    "comparator": {
      "vth_mV": 0.0,
      "hysteresis_mV": 0.1,
      "input_noise_mV_rms": 0.02,
      "drift_mV_per_C": 0.05,
      "prop_delay_ns": 0.5,
      "prop_jitter_ps_rms": 5.0,
      "saturate_levels": true,
      "vth_sigma_mV": 0.01,
      "metastable_on": false,
      "metastable_width_mV": 0.2,
      "metastable_flip_prob": 0.05
    },
    "clock": {
      "window_ns": 17.0,
      "jitter_ps_rms": 45.0
    }
  },
  "realism": {
    "emitter": {
      "score": 0.7,
      "rin_dbhz": -160.0,
      "extinction_db": 25.0
    },
    "optics": {
      "score": 0.895,
      "crosstalk_db": -35.0,
      "stray_floor_db": -70.0
    },
    "camera": {
      "score": 0.7,
      "read_noise_e_rms": 2.0,
      "full_well_e": 20000.0
    },
    "tia": {
      "score": 0.875,
      "bw_mhz": 120.0,
      "in_noise_pA_rthz": 2.0
    },
    "comparator": {
      "score": 0.983,
      "input_noise_mV_rms": 0.02
    }
  },
  "components": {
    "baseline_p50_ber": 0.0,
    "emitter_ideal_p50_ber": 0.0,
    "optics_ideal_p50_ber": 0.0,
    "pd_ideal_p50_ber": 0.0,
    "tia_ideal_p50_ber": 0.0,
    "comparator_ideal_p50_ber": 0.0,
    "mode": "path_a",
    "delta": {
      "emitter": 0.0,
      "optics": 0.0,
      "pd": 0.0,
      "tia": 0.0,
      "comparator": 0.0
    }
  },
  "ber_per_tile": [
    [
      0.0,
      0.0
    ],
    [
      0.0,
      0.0
    ]
  ],
  "ber_per_tile_after": null,
  "baseline_calibrated": {
    "p50_ber": 0.75,
    "p50_energy_pj": 45.509640032577295,
    "window_ns": 16.49710711954134,
    "p50_tokens_per_s": 242466753.1716439,
    "p50_snr_emit": 1.2740385318501302,
    "p50_snr_pd": 211.6832126354013,
    "p50_snr_tia": 9.999999999999999e+17
  },
  "baseline_calibrated_alt": {
    "soft": {},
    "binary": {}
  },
  "vote3_p50_ber": null,
  "spatial_oversample_p50_ber": null,
  "lockin_p50_ber": null,
  "chop_p50_ber": 0.0,
  "avg_frames_p50_ber": 0.5,
  "soft_thresh_p50_ber": null,
  "mitigated_p50_ber": null,
  "sanity": {
    "window_non_increasing": true,
    "rin_non_decreasing": true,
    "crosstalk_non_decreasing": true
  },
  "effects": {
    "window_ber_improvement": 0.0,
    "rin_ber_degradation": 0.0,
    "crosstalk_ber_degradation": 0.0
  },
  "window_sweep": {
    "x_window_ns": [
      3.0,
      5.0,
      7.0,
      9.0,
      13.0,
      17.0
    ],
    "p50_ber": [
      0.75,
      0.75,
      0.75,
      0.75,
      0.75,
      0.75
    ]
  },
  "rin_sweep": {
    "x_rin_dbhz": [
      -170.0,
      -160.0,
      -150.0,
      -140.0
    ],
    "p50_ber": [
      0.25,
      0.25,
      0.25,
      0.25
    ]
  },
  "crosstalk_sweep": {
    "x_crosstalk_db": [
      -40.0,
      -32.666666666666664,
      -25.333333333333336,
      -18.0
    ],
    "p50_ber": [
      0.25,
      0.25,
      0.25,
      0.25
    ]
  },
  "calibration": {
    "vth_suggest_mV": -0.028641187655917416,
    "ber_before": 0.0,
    "ber_after": 0.75,
    "ber_delta": 0.75
  },
  "baseline_raw": {
    "p50_ber": 0.0,
    "p50_energy_pj": 16.686341595774117,
    "window_ns": 7.998611927347422,
    "p50_tokens_per_s": 500086769.596099,
    "p50_snr_emit": 1.5711163297261068,
    "p50_snr_pd": 2.361800300849745,
    "p50_snr_tia": 5.075280468990751,
    "mean_ber": 0.0
  },
  "sensitivity": null
}