{
  "config": {
    "trials": 240,
    "seed": 6010,
    "sensitivity": false,
    "vote3": false,
    "repeat": 1,
    "neighbor_ct": false,
    "base_window_ns": 10.0,
    "applied_calibration": true,
    "adaptive_input": false,
    "adaptive_max_frames": 12,
    "adaptive_margin_mV": 0.8,
    "avg_frames": 2,
    "classifier": "chop",
    "mask_bad_channels_req": 0,
    "mask_bad_frac_req": 0.0625,
    "mask_applied_count": 1
  },
  "baseline": {
    "p50_ber": 0.0,
    "p50_energy_pj": 89.69718061745698,
    "window_ns": 8.00112994285718,
    "p50_tokens_per_s": 1999717554.1791596,
    "p50_snr_emit": 1.4054209709103578,
    "p50_snr_pd": 1.4067634229190888,
    "p50_snr_tia": 1.89071281265872,
    "ber_ci95": {
      "lo": 0.0,
      "hi": 0.0011990605278363324,
      "n_bits": 3200,
      "n_err": 0
    },
    "mean_ber": 0.0
  },
  "path_a": {
    "p50_ber": 0.0,
    "p50_energy_pj": null,
    "window_ns": 10.0,
    "mean_ber": 0.67875
  },
  "path_b": {
    "p50_ber": 0.6875,
    "p50_energy_pj": 853.4346863988994,
    "window_ns": 8.74850088774669,
    "p50_tokens_per_s": 1828884766.1214607,
    "p50_snr_emit": 1.4893214916968867,
    "p50_snr_pd": 3.8665883408667803,
    "p50_snr_tia": 9.999999999999999e+17,
    "calibrated_optical_bias_mW": [
      0.006845761399506767,
      0.007189167970089727,
      0.004765034110158828,
      0.00664403244052858,
      0.005778390922763776,
      0.007451009312297252,
      0.004578523328887751,
      0.004319052724961248,
      0.0047438877512231414,
      0.005528348226877533,
      0.004879642688560892,
      0.0072029180678876426,
      0.007722727417676989,
      0.004026525189216645,
      0.005594690653015988,
      0.00647051860357295
    ],
    "calibrated_optical_trim_final_mW": [
      -0.02148438146426279,
      -0.021394735708943985,
      -0.019268171252780353,
      -0.02280363979153538,
      -0.01586621662863713,
      -0.023625092013910318,
      -0.016655364127488956,
      -0.018568844269409843,
      -0.02358946632722947,
      -0.0240098162747943,
      -0.018018046839577792,
      -0.017553946169226745,
      -0.022206420685895664,
      -0.0209782343468891,
      -0.019058530247668154,
      -0.01622681260875869
    ],
    "calibrated_offset_mV": [
      1009.8876953125,
      1028.076171875,
      980.8349609375,
      989.501953125,
      984.130859375,
      1012.0849609375,
      987.79296875,
      982.2998046875,
      994.7509765625,
      974.7314453125,
      997.55859375,
      1032.3486328125,
      1051.025390625,
      960.44921875,
      997.6806640625,
      1024.90234375
    ],
    "calibrated_vth_mV": [
      40.0,
      40.0,
      40.0,
      40.0,
      40.0,
      40.0,
      40.0,
      40.0,
      40.0,
      40.0,
      40.0,
      40.0,
      40.0,
      40.0,
      40.0,
      40.0
    ],
    "analog_depth": 5,
    "analog_p50_ber": 0.3125,
    "ber_ci95": {
      "lo": 0.3237873994118023,
      "hi": 0.35659629995710546,
      "n_bits": 3200,
      "n_err": 1088
    }
  },
  "path_b_chain": {
    "depth": 5,
    "per_stage_p50_ber_vs_prev": [
      0.5,
      0.0,
      0.125,
      0.0,
      0.0
    ],
    "per_stage_p50_ber_vs_initial": [
      0.5,
      0.5,
      0.3125,
      0.3125,
      0.3125
    ]
  },
  "path_b_sweeps": null,
  "path_b_return_map": {
    "levels": [
      -1,
      0,
      1
    ],
    "stage_slopes": [
      [
        0.24438994663922578,
        0.5310698523279532,
        0.5892418692293966,
        0.5708124831797435,
        0.4913331465368236
      ],
      [
        3.138427418673243,
        0.9023758736008283,
        0.7587090737842925,
        0.7585478450387801,
        0.6344135606204724
      ],
      [
        0.24455017595710465,
        0.5306105097323673,
        0.5906750995007449,
        0.5718019535818805,
        0.49081209420178007
      ]
    ],
    "deadzone_fraction": [
      [
        0.0,
        0.0,
        0.0,
        0.0,
        0.0
      ],
      [
        0.25,
        0.1875,
        0.3125,
        0.375,
        0.5625
      ],
      [
        0.0,
        0.0,
        0.0,
        0.0,
        0.0
      ]
    ],
    "rail_positive_fraction": [
      [
        0.0,
        0.0,
        0.0,
        0.0,
        0.0
      ],
      [
        0.375,
        0.375,
        0.375,
        0.3125,
        0.1875
      ],
      [
        1.0,
        1.0,
        1.0,
        1.0,
        1.0
      ]
    ],
    "rail_negative_fraction": [
      [
        1.0,
        1.0,
        1.0,
        1.0,
        1.0
      ],
      [
        0.40625,
        0.375,
        0.3125,
        0.3125,
        0.1875
      ],
      [
        0.0,
        0.0,
        0.0,
        0.0,
        0.0
      ]
    ],
    "stage_diff_in": [
      [
        10.229271190286934,
        2.4985939721454153,
        1.321207851887113,
        0.7593561702584186,
        0.43307981911059823
      ],
      [
        0.0016797769671847984,
        0.004969001735469325,
        0.004391342313679103,
        0.0033561839723521003,
        0.002558771045476943
      ],
      [
        10.227757437159342,
        2.4984121858038266,
        1.3220343418994105,
        0.7613087963169898,
        0.43353093496046735
      ]
    ],
    "stage_diff_out": [
      [
        2.4985939721454153,
        1.321207851887113,
        0.7593561702584186,
        0.43307981911059823,
        0.21036262796638874
      ],
      [
        0.004969001735469325,
        0.004391342313679103,
        0.0033561839723521003,
        0.002558771045476943,
        0.0017758538167140514
      ],
      [
        2.4984121858038266,
        1.3220343418994105,
        0.7613087963169898,
        0.43353093496046735,
        0.21197783554599042
      ]
    ],
    "median_stage_slope": 0.5718019535818805,
    "max_stage_slope": 3.138427418673243,
    "median_diff_in": 0.7593561702584186,
    "median_diff_out": 0.43307981911059823
  },
  "cold_input": null,
  "packs": {
    "emitter": {
      "wavelength_nm": 1550.0,
      "channels": 16,
      "power_mw_per_ch": 12.0,
      "extinction_db": 18.0,
      "rin_dbhz": -140.0,
      "linewidth_hz": 1000000.0,
      "wav_drift_nm_per_C": 0.1,
      "rise_fall_ns_10_90": 8.0,
      "temp_coeff_pct_per_C": 0.15,
      "power_sigma_pct": 4.0,
      "modulation_mode": "pushpull",
      "pushpull_alpha": 0.85,
      "wavelengths_nm": null,
      "channels_per_lambda": null
    },
    "optics": {
      "transmittance": 0.72,
      "w_plus_contrast": 0.85,
      "w_minus_contrast": 0.84,
      "crosstalk_db": -30.0,
      "ct_model": "neighbor",
      "ct_neighbor_db": -30.0,
      "ct_diag_db": -33.0,
      "stray_floor_db": -70.0,
      "psf_kernel": "none",
      "signal_scale": 1.0,
      "amp_on": true,
      "amp_gain_db": 2.0,
      "amp_ase_sigma": 0.03,
      "sat_abs_on": true,
      "sat_I_sat": 0.9,
      "sat_alpha": 0.9,
      "hard_clip_on": false,
      "hard_clip_sat_mw": 0.1,
      "post_clip_on": false,
      "post_clip_sat_mw": 0.1,
      "speckle_on": false,
      "speckle_sigma": 0.0,
      "speckle_corr_px": 7,
      "tile_border_px": 0,
      "tile_gain_sigma_pct": 0.0,
      "tile_isolation": false,
      "grid_px": 0,
      "ins_loss_db_mean": 0.5,
      "ins_loss_db_sigma": 0.5,
      "pdl_db": 0.4,
      "pdl_step_rad": 0.05,
      "memory_tau_frames": 0.0,
      "reflection_event_db": 28.0,
      "reflection_prob": 0.08,
      "speckle_time_on": true,
      "speckle_time_sigma": 0.1,
      "speckle_time_tau_frames": 12,
      "xgm_on": false,
      "xgm_coeff": 0.0,
      "xpm_on": false,
      "xpm_coeff": 0.0,
      "fwm_on": false,
      "fwm_coeff": 0.0,
      "pol_scrambler_on": false,
      "pol_scramble_every_frames": 0,
      "voa_bits": 0,
      "soa_pattern_alpha": 0.0,
      "mode_mix_matrix": null,
      "soa_on": false,
      "soa_small_signal_gain_db": 3.0,
      "soa_psat_mw": 20.0,
      "soa_noise_figure_db": 6.0,
      "soa_tau_ns": 20.0,
      "soa_alpha": 4.0,