{
  "config": {
    "trials": 360,
    "seed": 6112,
    "sensitivity": false,
    "vote3": false,
    "repeat": 1,
    "neighbor_ct": false,
    "base_window_ns": 10.0,
    "applied_calibration": true,
    "adaptive_input": false,
    "adaptive_max_frames": 12,
    "adaptive_margin_mV": 0.8,
    "avg_frames": 2,
    "classifier": "chop",
    "mask_bad_channels_req": 0,
    "mask_bad_frac_req": 0.0625,
    "mask_applied_count": 1
  },
  "baseline": {
    "p50_ber": 0.0,
    "p50_energy_pj": 89.68736269601938,
    "window_ns": 8.00059066633671,
    "p50_tokens_per_s": 1999852344.3177278,
    "p50_snr_emit": 1.423248150831493,
    "p50_snr_pd": 1.4245338058679713,
    "p50_snr_tia": 1.9120562057346169,
    "ber_ci95": {
      "lo": 0.0,
      "hi": 0.0011990605278363324,
      "n_bits": 3200,
      "n_err": 0
    },
    "mean_ber": 0.0
  },
  "path_a": {
    "p50_ber": 0.0,
    "p50_energy_pj": null,
    "window_ns": 10.0,
    "mean_ber": 0.6740625
  },
  "path_b": {
    "p50_ber": 0.6875,
    "p50_energy_pj": 856.2740078752126,
    "window_ns": 8.74964450618855,
    "p50_tokens_per_s": 1828645722.541451,
    "p50_snr_emit": 1.4917304450453663,
    "p50_snr_pd": 3.8601452721805023,
    "p50_snr_tia": 9.999999999999999e+17,
    "calibrated_optical_bias_mW": [
      0.004437181386516054,
      0.005174527898122783,
      0.006715808361263953,
      0.005302136604928176,
      0.003640206231717791,
      0.00455650584214129,
      0.004987179345055548,
      0.003989349624091476,
      0.0037901112625604583,
      0.00648088384824641,
      0.0039321103461325,
      0.00333697932709609,
      0.004666435315970219,
      0.004554801986874857,
      0.003269210624989416,
      0.0037235386647969104
    ],
    "calibrated_optical_trim_final_mW": [
      -0.031537467007234754,
      -0.03405350466250101,
      -0.030355733591791556,
      -0.030883425518683172,
      -0.03456555102332315,
      -0.033627497623981706,
      -0.0368341334574292,
      -0.03141009807096323,
      -0.03313076238937546,
      -0.03745010629250106,
      -0.02832393194453392,
      -0.032662566790203296,
      -0.036008044775060866,
      -0.03187900191515208,
      -0.03193999146383519,
      -0.029160715764387446
    ],
    "calibrated_offset_mV": [
      892.08984375,
      910.888671875,
      920.5322265625,
      909.1796875,
      910.7666015625,
      933.7158203125,
      884.033203125,
      918.701171875,
      872.9248046875,
      897.94921875,
      879.5166015625,
      879.150390625,
      868.896484375,
      895.751953125,
      866.69921875,
      880.9814453125
    ],
    "calibrated_vth_mV": [
      40.0,
      40.0,
      40.0,
      40.0,
      40.0,
      40.0,
      40.0,
      40.0,
      40.0,
      40.0,
      40.0,
      40.0,
      40.0,
      40.0,
      40.0,
      40.0
    ],
    "analog_depth": 3,
    "analog_p50_ber": 0.3125,
    "ber_ci95": {
      "lo": 0.3111466625059879,
      "hi": 0.3436427627889457,
      "n_bits": 3200,
      "n_err": 1047
    }
  },
  "path_b_chain": {
    "depth": 3,
    "per_stage_p50_ber_vs_prev": [
      0.5,
      0.0,
      0.125
    ],
    "per_stage_p50_ber_vs_initial": [
      0.5,
      0.5,
      0.3125
    ]
  },
  "path_b_sweeps": null,
  "path_b_return_map": {
    "levels": [
      -1,
      0,
      1
    ],
    "stage_slopes": [
      [
        0.2495952192793151,
        0.5426298493669335,
        0.563067137939351
      ],
      [
        3.042887337581391,
        0.9217142671840806,
        0.7647874425234409
      ],
      [
        0.24963202794623932,
        0.5422809961695649,
        0.563715241240187
      ]
    ],
    "deadzone_fraction": [
      [
        0.0,
        0.0,
        0.0
      ],
      [
        0.1875,
        0.25,
        0.3125
      ],
      [
        0.0,
        0.0,
        0.0
      ]
    ],
    "rail_positive_fraction": [
      [
        0.0,
        0.0,
        0.0
      ],
      [
        0.375,
        0.40625,
        0.375
      ],
      [
        1.0,
        1.0,
        1.0
      ]
    ],
    "rail_negative_fraction": [
      [
        1.0,
        1.0,
        1.0
      ],
      [
        0.40625,
        0.375,
        0.375
      ],
      [
        0.0,
        0.0,
        0.0
      ]
    ],
    "stage_diff_in": [
      [
        10.221433013574359,
        2.532279126654492,
        1.4477058736046189
      ],
      [
        0.0017913168223053777,
        0.005126579754082927,
        0.004624835094140467
      ],
      [
        10.221442685958408,
        2.5322609182641194,
        1.4468652175965653
      ]
    ],
    "stage_diff_out": [
      [
        2.532279126654492,
        1.4477058736046189,
        0.784237639319091
      ],
      [
        0.005126579754082927,
        0.004624835094140467,
        0.0035538915783010494
      ],
      [
        2.5322609182641194,
        1.4468652175965653,
        0.7833582883471735
      ]
    ],
    "median_stage_slope": 0.563067137939351,
    "max_stage_slope": 3.042887337581391,
    "median_diff_in": 1.4477058736046189,
    "median_diff_out": 0.784237639319091
  },
  "cold_input": null,
  "packs": {
    "emitter": {
      "wavelength_nm": 1550.0,
      "channels": 16,
      "power_mw_per_ch": 12.0,
      "extinction_db": 18.0,
      "rin_dbhz": -140.0,
      "linewidth_hz": 1000000.0,
      "wav_drift_nm_per_C": 0.1,
      "rise_fall_ns_10_90": 8.0,
      "temp_coeff_pct_per_C": 0.15,
      "power_sigma_pct": 4.0,
      "modulation_mode": "pushpull",
      "pushpull_alpha": 0.85,
      "wavelengths_nm": null,
      "channels_per_lambda": null
    },
    "optics": {
      "transmittance": 0.72,
      "w_plus_contrast": 0.85,
      "w_minus_contrast": 0.84,
      "crosstalk_db": -30.0,
      "ct_model": "neighbor",
      "ct_neighbor_db": -30.0,
      "ct_diag_db": -33.0,
      "stray_floor_db": -70.0,
      "psf_kernel": "none",
      "signal_scale": 1.0,
      "amp_on": true,
      "amp_gain_db": 2.0,
      "amp_ase_sigma": 0.03,
      "sat_abs_on": true,
      "sat_I_sat": 0.9,
      "sat_alpha": 0.9,
      "hard_clip_on": false,
      "hard_clip_sat_mw": 0.1,
      "post_clip_on": false,
      "post_clip_sat_mw": 0.1,
      "speckle_on": false,
      "speckle_sigma": 0.0,
      "speckle_corr_px": 7,
      "tile_border_px": 0,
      "tile_gain_sigma_pct": 0.0,
      "tile_isolation": false,
      "grid_px": 0,
      "ins_loss_db_mean": 0.5,
      "ins_loss_db_sigma": 0.5,
      "pdl_db": 0.4,
      "pdl_step_rad": 0.05,
      "memory_tau_frames": 0.0,
      "reflection_event_db": 28.0,
      "reflection_prob": 0.08,
      "speckle_time_on": true,
      "speckle_time_sigma": 0.1,
      "speckle_time_tau_frames": 12,
      "xgm_on": false,
      "xgm_coeff": 0.0,
      "xpm_on": false,
      "xpm_coeff": 0.0,
      "fwm_on": false,
      "fwm_coeff": 0.0,
      "pol_scrambler_on": false,
      "pol_scramble_every_frames": 0,
      "voa_bits": 0,
      "soa_pattern_alpha": 0.0,
      "mode_mix_matrix": null,
      "soa_on": false,
      "soa_small_signal_gain_db": 3.0,
      "soa_psat_mw": 20.0,
      "soa_noise_figure_db": 6.0,
      "soa_tau_ns": 20.0,
      "soa_alpha": 4.0,
      "mzi_on": false,
      "mzi_gain": 1.0,
      "mzi_sat_mw": 5.0,
      "mzi_hysteresis_mw": 0.05,
      "mzi_bias_step": 0.02,
      "mzi_bias_leak": 0.01,
      "mzi_bias_target_mw": 0.0,
      "servo_on": false,
      "servo_kp": 0.01,
      "servo_ki": 0.0,
      "servo_ref_mw": 0.0,
      "servo_leak": 0.0,
      "servo_max_bias_mw": 5.0,
      "eom_gate_on": false,
      "eom_gate_duty": 0.3,
      "eom_gate_jitter_ps": 5.0,
      "eom_gate_hold_noise_mw": 0.01,
      "eom_gate_hold_leak": 0.05,
      "amp_type": "soa",
      "obpf_bw_nm": 0.5,
      "voa_post_db": 2.0,
      "channels": 0
    },
    "tia": {
      "tia_transimpedance_kohm": 15.0,
      "bw_mhz": 55.0,
      "bw2_mhz": 0.0,
      "in_noise_pA_rthz": 3.6,
      "peaking_q": 0.6,
      "slew_v_per_us": 700.0,
      "adc_bits": 12,