{
  "config": {
    "trials": 300,
    "seed": 6101,
    "sensitivity": false,
    "vote3": false,
    "repeat": 1,
    "neighbor_ct": false,
    "base_window_ns": 10.0,
    "applied_calibration": true,
    "adaptive_input": false,
    "adaptive_max_frames": 12,
    "adaptive_margin_mV": 0.8,
    "avg_frames": 2,
    "classifier": "chop",
    "mask_bad_channels_req": 0,
    "mask_bad_frac_req": 0.0625,
    "mask_applied_count": 1
  },
  "baseline": {
    "p50_ber": 0.0,
    "p50_energy_pj": 89.67476816369032,
    "window_ns": 7.9993078235650765,
    "p50_tokens_per_s": 2000173059.082158,
    "p50_snr_emit": 1.423228321880854,
    "p50_snr_pd": 1.4245922293731628,
    "p50_snr_tia": 1.9125829473200597,
    "ber_ci95": {
      "lo": 0.0,
      "hi": 0.0011990605278363324,
      "n_bits": 3200,
      "n_err": 0
    },
    "mean_ber": 0.0
  },
  "path_a": {
    "p50_ber": 0.0,
    "p50_energy_pj": null,
    "window_ns": 10.0,
    "mean_ber": 0.6675
  },
  "path_b": {
    "p50_ber": 0.6875,
    "p50_energy_pj": 242.37292304273322,
    "window_ns": 8.749211328042664,
    "p50_tokens_per_s": 1828736259.7720509,
    "p50_snr_emit": 1.4866630345867646,
    "p50_snr_pd": 2.079215152716326,
    "p50_snr_tia": 4.9999999999999994e+17,
    "calibrated_optical_bias_mW": [
      -9.664403282285566e-05,
      0.00010021388297943874,
      0.00017953924168725272,
      -7.904269488321768e-05,
      7.644196060452042e-05,
      -0.00019000922386084814,
      -0.00010314462766168294,
      9.861826098826721e-05,
      -1.644971769913079e-05,
      -4.169409418192907e-05,
      8.915112420042229e-05,
      -7.105634376308235e-05,
      0.00012649154031093776,
      0.00012884719444389335,
      2.510974188620063e-05,
      7.242119909742998e-05
    ],
    "calibrated_optical_trim_final_mW": [
      -0.0001174284417280532,
      0.00011403423189112818,
      0.00011268593018014437,
      -0.0001078934364127064,
      0.00011695340361267788,
      -0.00011449269874386542,
      -0.00011550388933882321,
      0.00010994976377638949,
      -9.905554784262309e-05,
      -0.00010581503021616002,
      0.00011389131808102574,
      -0.00011380997328051698,
      0.0001173023020226943,
      0.00012096258502589796,
      0.0001013308159825075,
      0.00010560762509247773
    ],
    "calibrated_offset_mV": [
      -290.6494140625,
      296.142578125,
      291.50390625,
      -284.3017578125,
      294.5556640625,
      -283.203125,
      -290.283203125,
      292.48046875,
      -284.423828125,
      -280.3955078125,
      295.8984375,
      -282.3486328125,
      289.1845703125,
      298.2177734375,
      293.701171875,
      289.794921875
    ],
    "calibrated_vth_mV": [
      40.0,
      40.0,
      40.0,
      40.0,
      40.0,
      40.0,
      40.0,
      40.0,
      40.0,
      40.0,
      40.0,
      40.0,
      40.0,
      40.0,
      40.0,
      40.0
    ],
    "analog_depth": 5,
    "analog_p50_ber": 0.4375,
    "ber_ci95": {
      "lo": 0.42412650802362495,
      "hi": 0.45851438158839586,
      "n_bits": 3200,
      "n_err": 1412
    }
  },
  "path_b_chain": {
    "depth": 5,
    "per_stage_p50_ber_vs_prev": [
      0.6875,
      0.0,
      0.0,
      0.0,
      0.0
    ],
    "per_stage_p50_ber_vs_initial": [
      0.6875,
      0.6875,
      0.6875,
      0.6875,
      0.6875
    ]
  },
  "path_b_sweeps": null,
  "path_b_return_map": {
    "levels": [
      -1,
      0,
      1
    ],
    "stage_slopes": [
      [
        0.0005125295942971035,
        0.46160745981315254,
        0.4060933008457871,
        0.36259510969283837,
        0.31803034353172943
      ],
      [
        0.0005109744391183388,
        0.4602283545357273,
        0.4046891065766526,
        0.3615920563001669,
        0.3169644353670267
      ],
      [
        0.0005125299524985048,
        0.46160676174058735,
        0.40609331447932573,
        0.3625951209180234,
        0.31803031231742773
      ]
    ],
    "deadzone_fraction": [
      [
        0.0,
        0.0,
        1.0,
        1.0,
        1.0
      ],
      [
        1.0,
        1.0,
        1.0,
        1.0,
        1.0
      ],
      [
        0.0,
        0.0,
        1.0,
        1.0,
        1.0
      ]
    ],
    "rail_positive_fraction": [
      [
        0.0,
        0.0,
        0.0,
        0.0,
        0.0
      ],
      [
        0.0,
        0.0,
        0.0,
        0.0,
        0.0
      ],
      [
        1.0,
        1.0,
        0.0,
        0.0,
        0.0
      ]
    ],
    "rail_negative_fraction": [
      [
        1.0,
        1.0,
        0.0,
        0.0,
        0.0
      ],
      [
        0.0,
        0.0,
        0.0,
        0.0,
        0.0
      ],
      [
        0.0,
        0.0,
        0.0,
        0.0,
        0.0
      ]
    ],
    "stage_diff_in": [
      [
        10.227254943731403,
        0.005257552160908047,
        0.002447166391324205,
        0.0009729564354204459,
        0.00035680145550259985
      ],
      [
        0.00171789828763802,
        8.790206659059063e-07,
        3.9960729962681355e-07,
        1.620196672389232e-07,
        5.7934781968820796e-08
      ],
      [
        10.229793359270836,
        0.005258811731289557,
        0.0024471078178292835,
        0.0009727845113627031,
        0.0003567920705292618
      ]
    ],
    "stage_diff_out": [
      [
        0.005257552160908047,
        0.002447166391324205,
        0.0009729564354204459,
        0.00035680145550259985,
        0.00011549666511961487
      ],
      [
        8.790206659059063e-07,
        3.9960729962681355e-07,
        1.620196672389232e-07,
        5.7934781968820796e-08,
        1.9522559522560642e-08
      ],
      [
        0.005258811731289557,
        0.0024471078178292835,
        0.0009727845113627031,
        0.0003567920705292618,
        0.00011547905308313535
      ]
    ],
    "median_stage_slope": 0.36259510969283837,
    "max_stage_slope": 0.46160745981315254,
    "median_diff_in": 0.0009729564354204459,
    "median_diff_out": 0.0003567920705292618
  },
  "cold_input": null,
  "packs": {
    "emitter": {
      "wavelength_nm": 1550.0,
      "channels": 16,
      "power_mw_per_ch": 12.0,
      "extinction_db": 18.0,
      "rin_dbhz": -140.0,
      "linewidth_hz": 1000000.0,
      "wav_drift_nm_per_C": 0.1,
      "rise_fall_ns_10_90": 8.0,
      "temp_coeff_pct_per_C": 0.15,
      "power_sigma_pct": 4.0,
      "modulation_mode": "pushpull",
      "pushpull_alpha": 0.85,
      "wavelengths_nm": null,
      "channels_per_lambda": null
    },
    "optics": {
      "transmittance": 0.72,
      "w_plus_contrast": 0.85,
      "w_minus_contrast": 0.84,
      "crosstalk_db": -30.0,
      "ct_model": "neighbor",
      "ct_neighbor_db": -30.0,
      "ct_diag_db": -33.0,
      "stray_floor_db": -70.0,
      "psf_kernel": "none",
      "signal_scale": 1.0,
      "amp_on": true,
      "amp_gain_db": 2.0,
      "amp_ase_sigma": 0.03,
      "sat_abs_on": true,
      "sat_I_sat": 1.4,
      "sat_alpha": 0.7,
      "hard_clip_on": false,
      "hard_clip_sat_mw": 0.1,
      "post_clip_on": false,
      "post_clip_sat_mw": 0.1,
      "speckle_on": false,
      "speckle_sigma": 0.0,
      "speckle_corr_px": 7,
      "tile_border_px": 0,
      "tile_gain_sigma_pct": 0.0,
      "tile_isolation": false,
      "grid_px": 0,
      "ins_loss_db_mean": 0.5,
      "ins_loss_db_sigma": 0.5,
      "pdl_db": 0.4,
      "pdl_step_rad": 0.05,
      "memory_tau_frames": 0.0,
      "reflection_event_db": 28.0,
      "reflection_prob": 0.08,
      "speckle_time_on": true,
      "speckle_time_sigma": 0.1,
      "speckle_time_tau_frames": 12,
      "xgm_on": false,
      "xgm_coeff": 0.0,
      "xpm_on": false,
      "xpm_coeff": 0.0,
      "fwm_on": false,
      "fwm_coeff": 0.0,
      "pol_scrambler_on": false,
      "pol_scramble_every_frames": 0,
      "voa_bits": 0,
      "soa_pattern_alpha": 0.0,
      "mode_mix_matrix": null,
      "soa_on": false,
      "soa_small_signal_gain_db": 0.0,