{
  "config": {
    "trials": 200,
    "seed": 7501,
    "sensitivity": false,
    "vote3": false,
    "repeat": 1,
    "neighbor_ct": false,
    "base_window_ns": 9.0,
    "applied_calibration": true,
    "adaptive_input": false,
    "adaptive_max_frames": 12,
    "adaptive_margin_mV": 0.8,
    "avg_frames": 2,
    "classifier": "chop",
    "mask_bad_channels_req": 0,
    "mask_bad_frac_req": 0.0625,
    "mask_applied_count": 0
  },
  "baseline": {
    "p50_ber": 0.0,
    "p50_energy_pj": 39.23470042883326,
    "window_ns": 6.9996652206957135,
    "p50_tokens_per_s": 1142911803.3169107,
    "p50_snr_emit": 1.423355919266142,
    "p50_snr_pd": 1.4248238274848295,
    "p50_snr_tia": 2.416476012546105,
    "mean_ber": 0.0
  },
  "path_a": {
    "p50_ber": 0.0,
    "p50_energy_pj": null,
    "window_ns": 17.0,
    "mean_ber": 0.659375
  },
  "path_b": {
    "p50_ber": 0.625,
    "p50_energy_pj": 20.047781014913113,
    "window_ns": 16.496578326901847,
    "p50_tokens_per_s": 484949050.7345984,
    "p50_snr_emit": 1.416519015362367,
    "p50_snr_pd": 0.8473569317777822,
    "p50_snr_tia": 0.9888798661269613,
    "analog_depth": 3,
    "analog_p50_ber": 0.625
  },
  "path_b_chain": {
    "depth": 5,
    "per_stage_p50_ber_vs_prev": [
      0.75,
      0.0,
      0.0,
      0.0,
      0.0
    ],
    "per_stage_p50_ber_vs_initial": [
      0.75,
      0.75,
      0.75,
      0.75,
      0.75
    ]
  },
  "path_b_sweeps": null,
  "cold_input": {
    "p50_ber": 0.25,
    "p50_energy_pj": 15.003994379807473,
    "window_ns": 6.999288922431486,
    "p50_tokens_per_s": 1142973248.9483912,
    "p50_snr_emit": 0.9958075608521526,
    "p50_snr_pd": 0.9968561976225374,
    "p50_snr_tia": 1.1345609139419897
  },
  "packs": {
    "emitter": {
      "wavelength_nm": 1550.0,
      "channels": 8,
      "power_mw_per_ch": 25.0,
      "extinction_db": 25.0,
      "rin_dbhz": -160.0,
      "linewidth_hz": "1.0e6",
      "wav_drift_nm_per_C": 0.1,
      "rise_fall_ns_10_90": 4.0,
      "temp_coeff_pct_per_C": 0.1,
      "power_sigma_pct": 1.0,
      "modulation_mode": "pushpull",
      "pushpull_alpha": 0.95,
      "wavelengths_nm": null,
      "channels_per_lambda": null
    },
    "optics": {
      "transmittance": 0.95,
      "w_plus_contrast": 0.96,
      "w_minus_contrast": 0.96,
      "crosstalk_db": -35.0,
      "ct_model": "neighbor",
      "ct_neighbor_db": -60.0,
      "ct_diag_db": -63.0,
      "stray_floor_db": -70.0,
      "psf_kernel": "lorentzian:w=1.0",
      "signal_scale": 1.5,
      "amp_on": false,
      "amp_gain_db": 10.0,
      "amp_ase_sigma": 0.01,
      "sat_abs_on": false,
      "sat_I_sat": 1.0,
      "sat_alpha": 0.6,
      "speckle_on": false,
      "speckle_sigma": 0.0,
      "speckle_corr_px": 7,
      "tile_border_px": 0,
      "tile_gain_sigma_pct": 0.0,
      "tile_isolation": false,
      "grid_px": 64,
      "ins_loss_db_mean": 0.0,
      "ins_loss_db_sigma": 0.0,
      "pdl_db": 0.0,
      "pdl_step_rad": 0.0,
      "memory_tau_frames": 0.0,
      "reflection_event_db": 0.0,
      "reflection_prob": 0.0,
      "speckle_time_on": false,
      "speckle_time_sigma": 0.0,
      "speckle_time_tau_frames": 0,
      "xgm_on": false,
      "xgm_coeff": 0.0,
      "xpm_on": false,
      "xpm_coeff": 0.0,
      "fwm_on": false,
      "fwm_coeff": 0.0,
      "pol_scrambler_on": false,
      "pol_scramble_every_frames": 0,
      "voa_bits": 7,
      "soa_pattern_alpha": 0.1,
      "mode_mix_matrix": [
        [
          0.95,
          0.02,
          0.01,
          0.01,
          0.01,
          0.0,
          0.0,
          0.0
        ],
        [
          0.02,
          0.95,
          0.02,
          0.01,
          0.0,
          0.01,
          0.0,
          0.0
        ],
        [
          0.01,
          0.02,
          0.95,
          0.02,
          0.0,
          0.0,
          0.01,
          0.0
        ],
        [
          0.01,
          0.01,
          0.02,
          0.95,
          0.0,
          0.0,
          0.0,
          0.01
        ],
        [
          0.01,
          0.0,
          0.0,
          0.0,
          0.95,
          0.02,
          0.01,
          0.01
        ],
        [
          0.0,
          0.01,
          0.0,
          0.0,
          0.02,
          0.95,
          0.02,
          0.01
        ],
        [
          0.0,
          0.0,
          0.01,
          0.0,
          0.01,
          0.02,
          0.95,
          0.02
        ],
        [
          0.0,
          0.0,
          0.0,
          0.01,
          0.01,
          0.01,
          0.02,
          0.95
        ]
      ],
      "soa_on": true,
      "soa_small_signal_gain_db": 13.0,
      "soa_psat_mw": 8.0,
      "soa_noise_figure_db": 5.5,
      "soa_tau_ns": 0.4,
      "soa_alpha": 4.0,
      "mzi_on": true,
      "mzi_gain": 1.2,
      "mzi_sat_mw": 3.0,
      "mzi_hysteresis_mw": 0.02,
      "mzi_bias_step": 0.015,
      "mzi_bias_leak": 0.005,
      "mzi_bias_target_mw": 0.0,
      "channels": 8
    },
    "tia": {
      "tia_transimpedance_kohm": 20.0,
      "bw_mhz": 200.0,
      "bw2_mhz": 0.0,
      "in_noise_pA_rthz": 2.0,
      "peaking_q": 0.5,
      "slew_v_per_us": 1000.0,
      "adc_bits": 14,
      "adc_fullscale_v": 1.0,
      "adc_read_noise_mV_rms": 0.0,
      "gain_sigma_pct": 0.5
    },
    "comparator": {
      "vth_mV": 0.0,
      "hysteresis_mV": 0.1,
      "input_noise_mV_rms": 0.02,
      "drift_mV_per_C": 0.05,
      "prop_delay_ns": 0.5,
      "prop_jitter_ps_rms": 5.0,
      "saturate_levels": true,
      "vth_sigma_mV": 0.01,
      "metastable_on": false,
      "metastable_width_mV": 0.2,
      "metastable_flip_prob": 0.05
    },
    "clock": {
      "window_ns": 17.0,
      "jitter_ps_rms": 45.0
    }
  },
  "realism": {
    "emitter": {
      "score": 0.7,
      "rin_dbhz": -160.0,
      "extinction_db": 25.0
    },
    "optics": {
      "score": 0.895,
      "crosstalk_db": -35.0,
      "stray_floor_db": -70.0
    },
    "camera": {
      "score": 0.7,
      "read_noise_e_rms": 2.0,
      "full_well_e": 20000.0
    },
    "tia": {
      "score": 0.875,
      "bw_mhz": 120.0,
      "in_noise_pA_rthz": 2.0
    },
    "comparator": {
      "score": 0.983,
      "input_noise_mV_rms": 0.02
    }
  },
  "components": {
    "baseline_p50_ber": 0.0,
    "emitter_ideal_p50_ber": 0.0,
    "optics_ideal_p50_ber": 0.0,
    "pd_ideal_p50_ber": 0.0,
    "tia_ideal_p50_ber": 0.0,
    "comparator_ideal_p50_ber": 0.0,
    "mode": "path_a",
    "delta": {
      "emitter": 0.0,
      "optics": 0.0,
      "pd": 0.0,
      "tia": 0.0,
      "comparator": 0.0
    }
  },
  "ber_per_tile": null,
  "ber_per_tile_after": null,
  "baseline_calibrated": {},
  "baseline_calibrated_alt": {
    "soft": {},
    "binary": {}
  },
  "vote3_p50_ber": null,
  "spatial_oversample_p50_ber": null,
  "lockin_p50_ber": null,
  "chop_p50_ber": 0.0,
  "avg_frames_p50_ber": 0.375,
  "soft_thresh_p50_ber": null,
  "mitigated_p50_ber": null,
  "sanity": {
    "window_non_increasing": true,
    "rin_non_decreasing": true,
    "crosstalk_non_decreasing": true
  },
  "effects": {
    "window_ber_improvement": 0.0,
    "rin_ber_degradation": 0.0,
    "crosstalk_ber_degradation": 0.0
  },
  "window_sweep": {
    "x_window_ns": [
      3.0,
      5.0,
      7.0,
      9.0,
      13.0,
      17.0
    ],
    "p50_ber": [
      0.625,
      0.625,
      0.625,
      0.625,
      0.625,
      0.625
    ]
  },
  "rin_sweep": {
    "x_rin_dbhz": [
      -170.0,
      -160.0,
      -150.0,
      -140.0
    ],
    "p50_ber": [
      0.0,
      0.0,
      0.0,
      0.0
    ]
  },
  "crosstalk_sweep": {
    "x_crosstalk_db": [
      -40.0,
      -32.666666666666664,
      -25.333333333333336,
      -18.0
    ],
    "p50_ber": [
      0.0,
      0.0,
      0.0,
      0.0
    ]
  },
  "calibration": {
    "vth_suggest_mV": null,
    "ber_before": 0.0,
    "ber_after": null,
    "ber_delta": null
  },
  "sensitivity": null
}