{
  "config": {
    "trials": 900,
    "seed": 6237,
    "sensitivity": false,
    "vote3": false,
    "repeat": 1,
    "neighbor_ct": false,
    "base_window_ns": 12.0,
    "applied_calibration": true,
    "adaptive_input": false,
    "adaptive_max_frames": 12,
    "adaptive_margin_mV": 0.8,
    "avg_frames": 2,
    "classifier": "chop",
    "mask_bad_channels_req": 0,
    "mask_bad_frac_req": 0.125,
    "mask_applied_count": 1
  },
  "baseline": {
    "p50_ber": 0.0,
    "p50_energy_pj": 56.06379534466528,
    "window_ns": 10.001954145412025,
    "p50_tokens_per_s": 799843698.9105436,
    "p50_snr_emit": 1.42347055105633,
    "p50_snr_pd": 1.4249054448296858,
    "p50_snr_tia": 1.90327436436292,
    "ber_ci95": {
      "lo": 0.0,
      "hi": 0.002395249007133871,
      "n_bits": 1600,
      "n_err": 0
    },
    "mean_ber": 0.0
  },
  "path_a": {
    "p50_ber": 0.0,
    "p50_energy_pj": null,
    "window_ns": 12.0,
    "mean_ber": 0.663125
  },
  "path_b": {
    "p50_ber": 0.625,
    "p50_energy_pj": 587.9004798934866,
    "window_ns": 10.750988658146994,
    "p50_tokens_per_s": 744117611.3545314,
    "p50_snr_emit": 1.5269342233978005,
    "p50_snr_pd": 3.904574729432672,
    "p50_snr_tia": 9.999999999999999e+17,
    "calibrated_optical_bias_mW": [
      0.0054963753595020926,
      0.0070546798522004295,
      0.0049845859803316905,
      0.004672678359476601,
      0.00572655462296634,
      0.004756608973042642,
      0.0058324077908824545,
      0.0045194685449003735
    ],
    "calibrated_optical_trim_final_mW": [
      -0.04253219023976862,
      -0.04038542448562399,
      -0.039537733492501115,
      -0.03992743361666151,
      -0.03888413866804752,
      -0.03934139241289197,
      -0.03920025218737233,
      -0.04114887742049178
    ],
    "calibrated_offset_mV": [
      721.8017578125,
      749.1455078125,
      720.458984375,
      719.23828125,
      712.5244140625,
      725.2197265625,
      738.8916015625,
      702.63671875
    ],
    "calibrated_vth_mV": [
      40.0,
      40.0,
      40.0,
      40.0,
      40.0,
      40.0,
      40.0,
      40.0
    ],
    "analog_depth": 5,
    "analog_p50_ber": 0.375,
    "ber_ci95": {
      "lo": 0.3202627055725899,
      "hi": 0.36673880380339835,
      "n_bits": 1600,
      "n_err": 549
    }
  },
  "path_b_chain": {
    "depth": 5,
    "per_stage_p50_ber_vs_prev": [
      0.5,
      0.0,
      0.125,
      0.0,
      0.0
    ],
    "per_stage_p50_ber_vs_initial": [
      0.5,
      0.5,
      0.375,
      0.375,
      0.375
    ]
  },
  "path_b_sweeps": null,
  "path_b_return_map": {
    "levels": [
      -1,
      0,
      1
    ],
    "stage_slopes": [
      [
        0.24759712547637555,
        0.5826511556308342,
        0.6307843145122438,
        0.6814963366136375,
        0.6651227266943178
      ],
      [
        2.644182586376919,
        1.117211962915547,
        0.925851096608852,
        0.9811958370698788,
        0.870358469713183
      ],
      [
        0.24769120113272275,
        0.5830608676203659,
        0.6308647995422377,
        0.6816004076753426,
        0.6655000916918685
      ]
    ],
    "deadzone_fraction": [
      [
        0.0,
        0.0,
        0.0,
        0.0,
        0.0
      ],
      [
        0.25,
        0.25,
        0.25,
        0.25,
        0.25
      ],
      [
        0.0,
        0.0,
        0.0,
        0.0,
        0.0
      ]
    ],
    "rail_positive_fraction": [
      [
        0.0,
        0.0,
        0.0,
        0.0,
        0.0
      ],
      [
        0.375,
        0.4375,
        0.5,
        0.375,
        0.375
      ],
      [
        1.0,
        1.0,
        1.0,
        1.0,
        1.0
      ]
    ],
    "rail_negative_fraction": [
      [
        1.0,
        1.0,
        1.0,
        1.0,
        1.0
      ],
      [
        0.375,
        0.25,
        0.25,
        0.375,
        0.375
      ],
      [
        0.0,
        0.0,
        0.0,
        0.0,
        0.0
      ]
    ],
    "stage_diff_in": [
      [
        10.186102250783104,
        2.5219372265786486,
        1.4692600463253376,
        0.9265594664383088,
        0.6315752060817498
      ],
      [
        0.0016573114927329602,
        0.004410241992078956,
        0.004768930026591733,
        0.004177073493184913,
        0.004122242446956859
      ],
      [
        10.182715775982121,
        2.522043477062318,
        1.470458695439079,
        0.927718783379546,
        0.631960285763864
      ]
    ],
    "stage_diff_out": [
      [
        2.5219372265786486,
        1.4692600463253376,
        0.9265594664383088,
        0.6315752060817498,
        0.4199709725241336
      ],
      [
        0.004410241992078956,
        0.004768930026591733,
        0.004177073493184913,
        0.004122242446956859,
        0.0035106253029518197
      ],
      [
        2.522043477062318,
        1.470458695439079,
        0.927718783379546,
        0.631960285763864,
        0.4204268065779129
      ]
    ],
    "median_stage_slope": 0.6655000916918685,
    "max_stage_slope": 2.644182586376919,
    "median_diff_in": 0.9265594664383088,
    "median_diff_out": 0.6315752060817498
  },
  "cold_input": null,
  "packs": {
    "emitter": {
      "wavelength_nm": 1550.0,
      "channels": 8,
      "power_mw_per_ch": 12.0,
      "extinction_db": 18.0,
      "rin_dbhz": -140.0,
      "linewidth_hz": 1000000.0,
      "wav_drift_nm_per_C": 0.1,
      "rise_fall_ns_10_90": 8.0,
      "temp_coeff_pct_per_C": 0.15,
      "power_sigma_pct": 4.0,
      "modulation_mode": "pushpull",
      "pushpull_alpha": 0.85,
      "wavelengths_nm": null,
      "channels_per_lambda": null
    },
    "optics": {
      "transmittance": 0.72,
      "w_plus_contrast": 0.85,
      "w_minus_contrast": 0.84,
      "crosstalk_db": -30.0,
      "ct_model": "neighbor",
      "ct_neighbor_db": -30.0,
      "ct_diag_db": -33.0,
      "stray_floor_db": -75.0,
      "psf_kernel": "lorentzian:w=2.5",
      "signal_scale": 1.0,
      "amp_on": true,
      "amp_gain_db": 2.0,
      "amp_ase_sigma": 0.03,
      "sat_abs_on": true,
      "sat_I_sat": 0.6,
      "sat_alpha": 1.2,
      "hard_clip_on": false,
      "hard_clip_sat_mw": 0.1,
      "post_clip_on": false,
      "post_clip_sat_mw": 0.1,
      "speckle_on": false,
      "speckle_sigma": 0.0,
      "speckle_corr_px": 7,
      "tile_border_px": 0,
      "tile_gain_sigma_pct": 0.0,
      "tile_isolation": false,
      "grid_px": 64,
      "ins_loss_db_mean": 0.0,
      "ins_loss_db_sigma": 0.0,
      "pdl_db": 0.0,
      "pdl_step_rad": 0.0,
      "memory_tau_frames": 0.0,
      "reflection_event_db": 0.0,
      "reflection_prob": 0.0,
      "speckle_time_on": false,
      "speckle_time_sigma": 0.0,
      "speckle_time_tau_frames": 0,
      "xgm_on": false,
      "xgm_coeff": 0.0,
      "xpm_on": false,
      "xpm_coeff": 0.0,
      "fwm_on": false,
      "fwm_coeff": 0.0,
      "pol_scrambler_on": false,
      "pol_scramble_every_frames": 0,
      "voa_bits": 0,
      "soa_pattern_alpha": 0.0,
      "mode_mix_matrix": null,
      "soa_on": false,
      "soa_small_signal_gain_db": 3.0,
      "soa_psat_mw": 20.0,
      "soa_noise_figure_db": 6.0,
      "soa_tau_ns": 20.0,
      "soa_alpha": 4.0,
      "mzi_on": false,
      "mzi_gain": 1.0,
      "mzi_sat_mw": 5.0,
      "mzi_hysteresis_mw": 0.05,
      "mzi_bias_step": 0.02,
      "mzi_bias_leak": 0.01,
      "mzi_bias_target_mw": 0.0,
      "servo_on": false,
      "servo_kp": 0.01,
      "servo_ki": 0.0,
      "servo_ref_mw": 0.0,
      "servo_leak": 0.0,
      "servo_max_bias_mw": 5.0,
      "eom_gate_on": false,
      "eom_gate_duty": 0.3,
      "eom_gate_jitter_ps": 5.0,
      "eom_gate_hold_noise_mw": 0.01,
      "eom_gate_hold_leak": 0.05,
      "amp_type": "soa",
      "obpf_bw_nm": 0.5,
      "voa_post_db": 2.0,
      "channels": 0
    },
    "tia": {
      "tia_transimpedance_kohm": 15.0,
      "bw_mhz": 55.0,
      "bw2_mhz": 0.0,
      "in_noise_pA_rthz": 3.6,