{
  "config": {
    "trials": 900,
    "seed": 6333,
    "sensitivity": false,
    "vote3": false,
    "repeat": 1,
    "neighbor_ct": false,
    "base_window_ns": 12.0,
    "applied_calibration": true,
    "adaptive_input": false,
    "adaptive_max_frames": 12,
    "adaptive_margin_mV": 0.8,
    "avg_frames": 2,
    "classifier": "chop",
    "mask_bad_channels_req": 0,
    "mask_bad_frac_req": 0.125,
    "mask_applied_count": 1
  },
  "baseline": {
    "p50_ber": 0.0,
    "p50_energy_pj": 56.05128102533424,
    "window_ns": 9.999542515498298,
    "p50_tokens_per_s": 800036600.4345492,
    "p50_snr_emit": 1.4233963306572703,
    "p50_snr_pd": 1.4248177070114143,
    "p50_snr_tia": 1.902769056134201,
    "ber_ci95": {
      "lo": 0.0,
      "hi": 0.002395249007133871,
      "n_bits": 1600,
      "n_err": 0
    },
    "mean_ber": 0.0
  },
  "path_a": {
    "p50_ber": 0.0,
    "p50_energy_pj": null,
    "window_ns": 12.0,
    "mean_ber": 0.66625
  },
  "path_b": {
    "p50_ber": 0.625,
    "p50_energy_pj": 542.7218831330783,
    "window_ns": 9.9999123273708,
    "p50_tokens_per_s": 800007013.8718283,
    "p50_snr_emit": 1.5141595289325256,
    "p50_snr_pd": 3.875677962819398,
    "p50_snr_tia": 3192.6507548215427,
    "calibrated_optical_bias_mW": [
      0.005626523234901537,
      0.005989433072782546,
      0.0037221685703066054,
      0.0039729466149873716,
      0.004907794055186487,
      0.005280751358049285,
      0.004024544476787906,
      0.005492643190016411
    ],
    "calibrated_optical_trim_final_mW": [
      -0.04234025068229996,
      -0.039184702177324615,
      -0.042381860194421805,
      -0.03964593932310517,
      -0.04468208532081108,
      -0.04566098281310632,
      -0.050741866951705294,
      -0.038001507157261305
    ],
    "calibrated_offset_mV": [
      795.0675237676365,
      803.3794684000623,
      757.1223067939452,
      773.8614797697728,
      792.9469301373558,
      774.6038707715302,
      784.7720200547033,
      794.9800908542328
    ],
    "calibrated_vth_mV": [
      40.0,
      40.0,
      40.0,
      40.0,
      40.0,
      40.0,
      40.0,
      40.0
    ],
    "analog_depth": 5,
    "analog_p50_ber": 0.375,
    "ber_ci95": {
      "lo": 0.3165829831254894,
      "hi": 0.3629364906180522,
      "n_bits": 1600,
      "n_err": 543
    }
  },
  "path_b_chain": {
    "depth": 5,
    "per_stage_p50_ber_vs_prev": [
      0.5,
      0.0,
      0.0,
      0.125,
      0.0
    ],
    "per_stage_p50_ber_vs_initial": [
      0.5,
      0.5,
      0.5,
      0.375,
      0.375
    ]
  },
  "path_b_sweeps": null,
  "path_b_return_map": {
    "levels": [
      -1,
      0,
      1
    ],
    "stage_slopes": [
      [
        0.2465791806570618,
        0.5826709652610793,
        0.6453813142600692,
        0.6955206820225046,
        0.6791626094553174
      ],
      [
        2.4561741436647666,
        1.1372983981266316,
        1.0852151639588028,
        0.9289143351698579,
        0.904584846649668
      ],
      [
        0.24655275724385123,
        0.5826904997974303,
        0.6453482369026322,
        0.6955893186862945,
        0.6800603735027441
      ]
    ],
    "deadzone_fraction": [
      [
        0.0,
        0.0,
        0.0,
        0.0,
        0.0
      ],
      [
        0.25,
        0.25,
        0.25,
        0.25,
        0.25
      ],
      [
        0.0,
        0.0,
        0.0,
        0.0,
        0.0
      ]
    ],
    "rail_positive_fraction": [
      [
        0.0,
        0.0,
        0.0,
        0.0,
        0.0
      ],
      [
        0.3125,
        0.375,
        0.375,
        0.375,
        0.25
      ],
      [
        1.0,
        1.0,
        1.0,
        1.0,
        1.0
      ]
    ],
    "rail_negative_fraction": [
      [
        1.0,
        1.0,
        1.0,
        1.0,
        1.0
      ],
      [
        0.375,
        0.375,
        0.375,
        0.375,
        0.25
      ],
      [
        0.0,
        0.0,
        0.0,
        0.0,
        0.0
      ]
    ],
    "stage_diff_in": [
      [
        10.230250488838735,
        2.5223627575406464,
        1.4694857007835909,
        0.9480353290063404,
        0.6596817393371437
      ],
      [
        0.0015535877935370923,
        0.003754969047567114,
        0.0039365069506976935,
        0.003944701340308554,
        0.003702516041697912
      ],
      [
        10.230436312669799,
        2.52235870320079,
        1.4696306764630498,
        0.9477662799110784,
        0.6597833559379945
      ]
    ],
    "stage_diff_out": [
      [
        2.5223627575406464,
        1.4694857007835909,
        0.9480353290063404,
        0.6596817393371437,
        0.4477207686642704
      ],
      [
        0.003754969047567114,
        0.0039365069506976935,
        0.003944701340308554,
        0.003702516041697912,
        0.00307909271707546
      ],
      [
        2.52235870320079,
        1.4696306764630498,
        0.9477662799110784,
        0.6597833559379945,
        0.4481555420007872
      ]
    ],
    "median_stage_slope": 0.6800603735027441,
    "max_stage_slope": 2.4561741436647666,
    "median_diff_in": 0.9477662799110784,
    "median_diff_out": 0.6596817393371437
  },
  "cold_input": null,
  "packs": {
    "emitter": {
      "wavelength_nm": 1550.0,
      "channels": 8,
      "power_mw_per_ch": 12.0,
      "extinction_db": 18.0,
      "rin_dbhz": -140.0,
      "linewidth_hz": 1000000.0,
      "wav_drift_nm_per_C": 0.1,
      "rise_fall_ns_10_90": 8.0,
      "temp_coeff_pct_per_C": 0.15,
      "power_sigma_pct": 4.0,
      "modulation_mode": "pushpull",
      "pushpull_alpha": 0.85,
      "wavelengths_nm": null,
      "channels_per_lambda": null
    },
    "optics": {
      "transmittance": 0.72,
      "w_plus_contrast": 0.85,
      "w_minus_contrast": 0.84,
      "crosstalk_db": -30.0,
      "ct_model": "neighbor",
      "ct_neighbor_db": -30.0,
      "ct_diag_db": -33.0,
      "stray_floor_db": -75.0,
      "psf_kernel": "lorentzian:w=2.5",
      "signal_scale": 1.0,
      "amp_on": true,
      "amp_gain_db": 2.0,
      "amp_ase_sigma": 0.03,
      "sat_abs_on": true,
      "sat_I_sat": 0.6,
      "sat_alpha": 1.2,
      "hard_clip_on": false,
      "hard_clip_sat_mw": 0.1,
      "post_clip_on": false,
      "post_clip_sat_mw": 0.1,
      "speckle_on": false,
      "speckle_sigma": 0.0,
      "speckle_corr_px": 7,
      "tile_border_px": 0,
      "tile_gain_sigma_pct": 0.0,
      "tile_isolation": false,
      "grid_px": 64,
      "ins_loss_db_mean": 0.0,
      "ins_loss_db_sigma": 0.0,
      "pdl_db": 0.0,
      "pdl_step_rad": 0.0,
      "memory_tau_frames": 0.0,
      "reflection_event_db": 0.0,
      "reflection_prob": 0.0,
      "speckle_time_on": false,
      "speckle_time_sigma": 0.0,
      "speckle_time_tau_frames": 0,
      "xgm_on": false,
      "xgm_coeff": 0.0,
      "xpm_on": false,
      "xpm_coeff": 0.0,
      "fwm_on": false,
      "fwm_coeff": 0.0,
      "pol_scrambler_on": false,
      "pol_scramble_every_frames": 0,
      "voa_bits": 0,
      "soa_pattern_alpha": 0.0,
      "mode_mix_matrix": null,
      "soa_on": false,
      "soa_small_signal_gain_db": 3.0,
      "soa_psat_mw": 20.0,
      "soa_noise_figure_db": 6.0,
      "soa_tau_ns": 20.0,
      "soa_alpha": 4.0,
      "mzi_on": false,
      "mzi_gain": 1.0,
      "mzi_sat_mw": 5.0,
      "mzi_hysteresis_mw": 0.05,
      "mzi_bias_step": 0.02,
      "mzi_bias_leak": 0.01,
      "mzi_bias_target_mw": 0.0,
      "servo_on": false,
      "servo_kp": 0.01,
      "servo_ki": 0.0,
      "servo_ref_mw": 0.0,
      "servo_leak": 0.0,
      "servo_max_bias_mw": 5.0,
      "eom_gate_on": false,
      "eom_gate_duty": 0.3,
      "eom_gate_jitter_ps": 5.0,
      "eom_gate_hold_noise_mw": 0.01,
      "eom_gate_hold_leak": 0.05,
      "amp_type": "soa",
      "obpf_bw_nm": 0.5,
      "voa_post_db": 2.0,
      "channels": 0
    },
    "tia": {
      "tia_transimpedance_kohm": 8.0,
      "bw_mhz": 40.0,
      "bw2_mhz": 0.0,