{
  "config": {
    "trials": 900,
    "seed": 6233,
    "sensitivity": false,
    "vote3": false,
    "repeat": 1,
    "neighbor_ct": false,
    "base_window_ns": 12.0,
    "applied_calibration": true,
    "adaptive_input": false,
    "adaptive_max_frames": 12,
    "adaptive_margin_mV": 0.8,
    "avg_frames": 2,
    "classifier": "chop",
    "mask_bad_channels_req": 0,
    "mask_bad_frac_req": 0.125,
    "mask_applied_count": 1
  },
  "baseline": {
    "p50_ber": 0.0,
    "p50_energy_pj": 56.0498644569591,
    "window_ns": 9.999373749992031,
    "p50_tokens_per_s": 800050103.1383464,
    "p50_snr_emit": 1.423422364638427,
    "p50_snr_pd": 1.4248431853768868,
    "p50_snr_tia": 1.903024036660259,
    "ber_ci95": {
      "lo": 0.0,
      "hi": 0.002395249007133871,
      "n_bits": 1600,
      "n_err": 0
    },
    "mean_ber": 0.0
  },
  "path_a": {
    "p50_ber": 0.0,
    "p50_energy_pj": null,
    "window_ns": 12.0,
    "mean_ber": 0.648125
  },
  "path_b": {
    "p50_ber": 0.625,
    "p50_energy_pj": 596.1522248737367,
    "window_ns": 10.749453720003402,
    "p50_tokens_per_s": 744223865.5451849,
    "p50_snr_emit": 1.514558211794823,
    "p50_snr_pd": 3.953991224289279,
    "p50_snr_tia": 9.999999999999999e+17,
    "calibrated_optical_bias_mW": [
      0.005111893240458354,
      0.006042367586936104,
      0.004990715071781615,
      0.005909854885512988,
      0.003955418625331886,
      0.005295187209986896,
      0.004397294958965681,
      0.005336819714197416
    ],
    "calibrated_optical_trim_final_mW": [
      -0.040211596253493076,
      -0.03998665408251001,
      -0.03997014959391726,
      -0.039384823515528855,
      -0.043080635322504335,
      -0.04291190604753409,
      -0.04276920306435428,
      -0.04158905003148172
    ],
    "calibrated_offset_mV": [
      729.00390625,
      728.271484375,
      710.693359375,
      726.07421875,
      708.1298828125,
      709.47265625,
      705.6884765625,
      717.28515625
    ],
    "calibrated_vth_mV": [
      40.0,
      40.0,
      40.0,
      40.0,
      40.0,
      40.0,
      40.0,
      40.0
    ],
    "analog_depth": 5,
    "analog_p50_ber": 0.3125,
    "ber_ci95": {
      "lo": 0.3049412553797999,
      "hi": 0.3508851055276613,
      "n_bits": 1600,
      "n_err": 524
    }
  },
  "path_b_chain": {
    "depth": 5,
    "per_stage_p50_ber_vs_prev": [
      0.5,
      0.0,
      0.125,
      0.0,
      0.0
    ],
    "per_stage_p50_ber_vs_initial": [
      0.5,
      0.5,
      0.375,
      0.25,
      0.25
    ]
  },
  "path_b_sweeps": null,
  "path_b_return_map": {
    "levels": [
      -1,
      0,
      1
    ],
    "stage_slopes": [
      [
        0.2472047139141966,
        0.5825202557994451,
        0.6453104328940393,
        0.6955488207624538,
        0.6794047455459342
      ],
      [
        2.8675229207294155,
        1.117211962915547,
        0.9794374299770457,
        0.9714945738567733,
        0.9154605247006377
      ],
      [
        0.2472174191313119,
        0.5828634870672531,
        0.6453172488980617,
        0.6956566015877976,
        0.6798571840400328
      ]
    ],
    "deadzone_fraction": [
      [
        0.0,
        0.0,
        0.0,
        0.0,
        0.0
      ],
      [
        0.25,
        0.25,
        0.25,
        0.25,
        0.25
      ],
      [
        0.0,
        0.0,
        0.0,
        0.0,
        0.0
      ]
    ],
    "rail_positive_fraction": [
      [
        0.0,
        0.0,
        0.0,
        0.0,
        0.0
      ],
      [
        0.375,
        0.375,
        0.4375,
        0.375,
        0.4375
      ],
      [
        1.0,
        1.0,
        1.0,
        1.0,
        1.0
      ]
    ],
    "rail_negative_fraction": [
      [
        1.0,
        1.0,
        1.0,
        1.0,
        1.0
      ],
      [
        0.375,
        0.3125,
        0.25,
        0.3125,
        0.375
      ],
      [
        0.0,
        0.0,
        0.0,
        0.0,
        0.0
      ]
    ],
    "stage_diff_in": [
      [
        10.203179564410643,
        2.5220691068960246,
        1.469179723973005,
        0.9481418089377159,
        0.6595016777849687
      ],
      [
        0.0014138900099454066,
        0.004121273980465356,
        0.004461834377753049,
        0.004102948595785472,
        0.004034209985460391
      ],
      [
        10.202220407886687,
        2.522115124382838,
        1.4700417807255026,
        0.9488542508258153,
        0.6600144414442681
      ]
    ],
    "stage_diff_out": [
      [
        2.5220691068960246,
        1.469179723973005,
        0.9481418089377159,
        0.6595016777849687,
        0.4479066454812842
      ],
      [
        0.004121273980465356,
        0.004461834377753049,
        0.004102948595785472,
        0.004034209985460391,
        0.0035858258194302883
      ],
      [
        2.522115124382838,
        1.4700417807255026,
        0.9488542508258153,
        0.6600144414442681,
        0.44831668343151115
      ]
    ],
    "median_stage_slope": 0.6798571840400328,
    "max_stage_slope": 2.8675229207294155,
    "median_diff_in": 0.9481418089377159,
    "median_diff_out": 0.6595016777849687
  },
  "cold_input": null,
  "packs": {
    "emitter": {
      "wavelength_nm": 1550.0,
      "channels": 8,
      "power_mw_per_ch": 12.0,
      "extinction_db": 18.0,
      "rin_dbhz": -140.0,
      "linewidth_hz": 1000000.0,
      "wav_drift_nm_per_C": 0.1,
      "rise_fall_ns_10_90": 8.0,
      "temp_coeff_pct_per_C": 0.15,
      "power_sigma_pct": 4.0,
      "modulation_mode": "pushpull",
      "pushpull_alpha": 0.85,
      "wavelengths_nm": null,
      "channels_per_lambda": null
    },
    "optics": {
      "transmittance": 0.72,
      "w_plus_contrast": 0.85,
      "w_minus_contrast": 0.84,
      "crosstalk_db": -30.0,
      "ct_model": "neighbor",
      "ct_neighbor_db": -30.0,
      "ct_diag_db": -33.0,
      "stray_floor_db": -75.0,
      "psf_kernel": "lorentzian:w=2.5",
      "signal_scale": 1.0,
      "amp_on": true,
      "amp_gain_db": 2.0,
      "amp_ase_sigma": 0.03,
      "sat_abs_on": true,
      "sat_I_sat": 0.6,
      "sat_alpha": 1.2,
      "hard_clip_on": false,
      "hard_clip_sat_mw": 0.1,
      "post_clip_on": false,
      "post_clip_sat_mw": 0.1,
      "speckle_on": false,
      "speckle_sigma": 0.0,
      "speckle_corr_px": 7,
      "tile_border_px": 0,
      "tile_gain_sigma_pct": 0.0,
      "tile_isolation": false,
      "grid_px": 64,
      "ins_loss_db_mean": 0.0,
      "ins_loss_db_sigma": 0.0,
      "pdl_db": 0.0,
      "pdl_step_rad": 0.0,
      "memory_tau_frames": 0.0,
      "reflection_event_db": 0.0,
      "reflection_prob": 0.0,
      "speckle_time_on": false,
      "speckle_time_sigma": 0.0,
      "speckle_time_tau_frames": 0,
      "xgm_on": false,
      "xgm_coeff": 0.0,
      "xpm_on": false,
      "xpm_coeff": 0.0,
      "fwm_on": false,
      "fwm_coeff": 0.0,
      "pol_scrambler_on": false,
      "pol_scramble_every_frames": 0,
      "voa_bits": 0,
      "soa_pattern_alpha": 0.0,
      "mode_mix_matrix": null,
      "soa_on": false,
      "soa_small_signal_gain_db": 3.0,
      "soa_psat_mw": 20.0,
      "soa_noise_figure_db": 6.0,
      "soa_tau_ns": 20.0,
      "soa_alpha": 4.0,
      "mzi_on": false,
      "mzi_gain": 1.0,
      "mzi_sat_mw": 5.0,
      "mzi_hysteresis_mw": 0.05,
      "mzi_bias_step": 0.02,
      "mzi_bias_leak": 0.01,
      "mzi_bias_target_mw": 0.0,
      "servo_on": false,
      "servo_kp": 0.01,
      "servo_ki": 0.0,
      "servo_ref_mw": 0.0,
      "servo_leak": 0.0,
      "servo_max_bias_mw": 5.0,
      "eom_gate_on": false,
      "eom_gate_duty": 0.3,
      "eom_gate_jitter_ps": 5.0,
      "eom_gate_hold_noise_mw": 0.01,
      "eom_gate_hold_leak": 0.05,
      "amp_type": "soa",
      "obpf_bw_nm": 0.5,
      "voa_post_db": 2.0,
      "channels": 0
    },
    "tia": {
      "tia_transimpedance_kohm": 15.0,
      "bw_mhz": 55.0,
      "bw2_mhz": 0.0,
      "in_noise_pA_rthz": 3.6,