{
  "config": {
    "trials": 1400,
    "seed": 8011,
    "sensitivity": false,
    "vote3": false,
    "repeat": 1,
    "neighbor_ct": false,
    "base_window_ns": 15.0,
    "applied_calibration": true,
    "adaptive_input": false,
    "adaptive_max_frames": 12,
    "adaptive_margin_mV": 0.8,
    "avg_frames": 6,
    "classifier": "chop",
    "mask_bad_channels_req": 0,
    "mask_bad_frac_req": 0.25,
    "mask_applied_count": 0
  },
  "baseline": {
    "p50_ber": 0.0,
    "p50_energy_pj": 72.86853116015268,
    "window_ns": 12.999823787699206,
    "p50_tokens_per_s": 615392956.9083714,
    "p50_snr_emit": 1.423420214928301,
    "p50_snr_pd": 1.4247870256559825,
    "p50_snr_tia": 1.8999088365967607,
    "ber_ci95": {
      "lo": 0.0,
      "hi": 0.002395249007133871,
      "n_bits": 1600,
      "n_err": 0
    },
    "mean_ber": 0.0
  },
  "path_a": {
    "p50_ber": 0.0,
    "p50_energy_pj": null,
    "window_ns": 15.0,
    "mean_ber": 0.67625
  },
  "path_b": {
    "p50_ber": 0.625,
    "p50_energy_pj": 756.6299438040058,
    "window_ns": 13.749453781171251,
    "p50_tokens_per_s": 581841295.4669765,
    "p50_snr_emit": 1.510284797351427,
    "p50_snr_pd": 3.925353107924529,
    "p50_snr_tia": 9.999999999999999e+17,
    "calibrated_optical_bias_mW": [
      0.004796186558214233,
      0.004718715866111944,
      0.0046807496677176985,
      0.004348413486770619,
      0.004837706063399949,
      0.004534239985219735,
      0.0045261124956146315,
      0.004684489594460439
    ],
    "calibrated_optical_trim_final_mW": [
      -0.04144506566652195,
      -0.04521694968152057,
      -0.04436348467221907,
      -0.041071489384384874,
      -0.04067439333702488,
      -0.04316068975902548,
      -0.04299749896160027,
      -0.040433637919163046
    ],
    "calibrated_offset_mV": [
      717.7734375,
      703.125,
      724.12109375,
      702.5146484375,
      719.8486328125,
      706.9091796875,
      709.5947265625,
      716.796875
    ],
    "calibrated_vth_mV": [
      40.0,
      40.0,
      40.0,
      40.0,
      40.0,
      40.0,
      40.0,
      40.0
    ],
    "analog_depth": 5,
    "analog_p50_ber": 0.375,
    "ber_ci95": {
      "lo": 0.3202627055725899,
      "hi": 0.36673880380339835,
      "n_bits": 1600,
      "n_err": 549
    }
  },
  "path_b_chain": {
    "depth": 5,
    "per_stage_p50_ber_vs_prev": [
      0.5,
      0.0,
      0.125,
      0.0,
      0.0
    ],
    "per_stage_p50_ber_vs_initial": [
      0.5,
      0.5,
      0.375,
      0.375,
      0.375
    ]
  },
  "path_b_sweeps": null,
  "path_b_return_map": {
    "levels": [
      -1,
      0,
      1
    ],
    "stage_slopes": [
      [
        0.2586349004367668,
        0.6309464166861117,
        0.6861293288538295,
        0.69626150888587,
        0.6867120793262378
      ],
      [
        1.5482498248980665,
        1.9885702758707744,
        1.081917258120212,
        1.0194886997332098,
        0.9149551573972303
      ],
      [
        0.2585243746952013,
        0.6309566253351855,
        0.6861474588166632,
        0.6959189123927552,
        0.6865444999384767
      ]
    ],
    "deadzone_fraction": [
      [
        0.0,
        0.0,
        0.0,
        0.0,
        0.0
      ],
      [
        0.5,
        0.25,
        0.25,
        0.25,
        0.25
      ],
      [
        0.0,
        0.0,
        0.0,
        0.0,
        0.0
      ]
    ],
    "rail_positive_fraction": [
      [
        0.0,
        0.0,
        0.0,
        0.0,
        0.0
      ],
      [
        0.25,
        0.375,
        0.375,
        0.375,
        0.375
      ],
      [
        1.0,
        1.0,
        1.0,
        1.0,
        1.0
      ]
    ],
    "rail_negative_fraction": [
      [
        1.0,
        1.0,
        1.0,
        1.0,
        1.0
      ],
      [
        0.25,
        0.375,
        0.375,
        0.375,
        0.375
      ],
      [
        0.0,
        0.0,
        0.0,
        0.0,
        0.0
      ]
    ],
    "stage_diff_in": [
      [
        10.212567724836099,
        2.6408567976355704,
        1.6659092035895018,
        1.1429881495220375,
        0.7955731165609448
      ],
      [
        0.0014024158423942001,
        0.002168712588472732,
        0.004269300002328613,
        0.004251905193855543,
        0.004224887136524469
      ],
      [
        10.214781000292124,
        2.6408913861762935,
        1.6658705566021008,
        1.1430782433608555,
        0.7954962665497196
      ]
    ],
    "stage_diff_out": [
      [
        2.6408567976355704,
        1.6659092035895018,
        1.1429881495220375,
        0.7955731165609448,
        0.5463306270004117
      ],
      [
        0.002168712588472732,
        0.004269300002328613,
        0.004251905193855543,
        0.004224887136524469,
        0.0037836379578896073
      ],
      [
        2.6408913861762935,
        1.6658705566021008,
        1.1430782433608555,
        0.7954962665497196,
        0.5461282816745786
      ]
    ],
    "median_stage_slope": 0.6867120793262378,
    "max_stage_slope": 1.9885702758707744,
    "median_diff_in": 1.1429881495220375,
    "median_diff_out": 0.7954962665497196
  },
  "cold_input": null,
  "packs": {
    "emitter": {
      "wavelength_nm": 1550.0,
      "channels": 8,
      "power_mw_per_ch": 12.0,
      "extinction_db": 18.0,
      "rin_dbhz": -140.0,
      "linewidth_hz": 1000000.0,
      "wav_drift_nm_per_C": 0.1,
      "rise_fall_ns_10_90": 8.0,
      "temp_coeff_pct_per_C": 0.15,
      "power_sigma_pct": 4.0,
      "modulation_mode": "pushpull",
      "pushpull_alpha": 0.85,
      "wavelengths_nm": null,
      "channels_per_lambda": null
    },
    "optics": {
      "transmittance": 0.72,
      "w_plus_contrast": 0.85,
      "w_minus_contrast": 0.84,
      "crosstalk_db": -30.0,
      "ct_model": "neighbor",
      "ct_neighbor_db": -30.0,
      "ct_diag_db": -33.0,
      "stray_floor_db": -75.0,
      "psf_kernel": "lorentzian:w=2.5",
      "signal_scale": 1.0,
      "amp_on": true,
      "amp_gain_db": 2.0,
      "amp_ase_sigma": 0.03,
      "sat_abs_on": true,
      "sat_I_sat": 0.6,
      "sat_alpha": 1.2,
      "hard_clip_on": false,
      "hard_clip_sat_mw": 0.1,
      "post_clip_on": false,
      "post_clip_sat_mw": 0.1,
      "speckle_on": false,
      "speckle_sigma": 0.0,
      "speckle_corr_px": 7,
      "tile_border_px": 0,
      "tile_gain_sigma_pct": 0.0,
      "tile_isolation": false,
      "grid_px": 64,
      "ins_loss_db_mean": 0.0,
      "ins_loss_db_sigma": 0.0,
      "pdl_db": 0.0,
      "pdl_step_rad": 0.0,
      "memory_tau_frames": 0.0,
      "reflection_event_db": 0.0,
      "reflection_prob": 0.0,
      "speckle_time_on": false,
      "speckle_time_sigma": 0.0,
      "speckle_time_tau_frames": 0,
      "xgm_on": false,
      "xgm_coeff": 0.0,
      "xpm_on": false,
      "xpm_coeff": 0.0,
      "fwm_on": false,
      "fwm_coeff": 0.0,
      "pol_scrambler_on": false,
      "pol_scramble_every_frames": 0,
      "voa_bits": 0,
      "soa_pattern_alpha": 0.0,
      "mode_mix_matrix": null,
      "soa_on": false,
      "soa_small_signal_gain_db": 3.0,
      "soa_psat_mw": 20.0,
      "soa_noise_figure_db": 6.0,
      "soa_tau_ns": 20.0,
      "soa_alpha": 4.0,
      "mzi_on": false,
      "mzi_gain": 1.0,
      "mzi_sat_mw": 5.0,
      "mzi_hysteresis_mw": 0.05,
      "mzi_bias_step": 0.02,
      "mzi_bias_leak": 0.01,
      "mzi_bias_target_mw": 0.0,
      "servo_on": false,
      "servo_kp": 0.01,
      "servo_ki": 0.0,
      "servo_ref_mw": 0.0,
      "servo_leak": 0.0,
      "servo_max_bias_mw": 5.0,
      "eom_gate_on": false,
      "eom_gate_duty": 0.3,
      "eom_gate_jitter_ps": 5.0,
      "eom_gate_hold_noise_mw": 0.01,
      "eom_gate_hold_leak": 0.05,
      "amp_type": "soa",
      "obpf_bw_nm": 0.5,
      "voa_post_db": 2.0,
      "channels": 0
    },
    "tia": {
      "tia_transimpedance_kohm": 18.0,
      "bw_mhz": 50.0,
      "bw2_mhz": 0.0,
      "in_noise_pA_rthz": 3.0,