{
  "config": {
    "trials": 360,
    "seed": 6121,
    "sensitivity": false,
    "vote3": false,
    "repeat": 1,
    "neighbor_ct": false,
    "base_window_ns": 10.0,
    "applied_calibration": true,
    "adaptive_input": false,
    "adaptive_max_frames": 12,
    "adaptive_margin_mV": 0.8,
    "avg_frames": 2,
    "classifier": "chop",
    "mask_bad_channels_req": 0,
    "mask_bad_frac_req": 0.0625,
    "mask_applied_count": 1
  },
  "baseline": {
    "p50_ber": 0.0,
    "p50_energy_pj": 89.68440026361887,
    "window_ns": 7.999922050740455,
    "p50_tokens_per_s": 2000019487.5047657,
    "p50_snr_emit": 1.4232566021676298,
    "p50_snr_pd": 1.4245859547984305,
    "p50_snr_tia": 1.9126304723654013,
    "ber_ci95": {
      "lo": 0.0,
      "hi": 0.0011990605278363324,
      "n_bits": 3200,
      "n_err": 0
    },
    "mean_ber": 0.0
  },
  "path_a": {
    "p50_ber": 0.0,
    "p50_energy_pj": null,
    "window_ns": 10.0,
    "mean_ber": 0.6690625
  },
  "path_b": {
    "p50_ber": 0.6875,
    "p50_energy_pj": 857.1856733084485,
    "window_ns": 8.748040377929767,
    "p50_tokens_per_s": 1828981041.3273854,
    "p50_snr_emit": 1.50018155150171,
    "p50_snr_pd": 3.907582989769103,
    "p50_snr_tia": 9.999999999999999e+17,
    "calibrated_optical_bias_mW": [
      0.005784500845628093,
      0.004418879717219992,
      0.0053022299621976465,
      0.0032945083715889556,
      0.0030062779226973646,
      0.003250210414435406,
      0.0060083724259847315,
      0.002889861269593119,
      0.0054178513382443505,
      0.004515536285476518,
      0.004103639409963167,
      0.0054864431879850795,
      0.006498201946256721,
      0.003182216888884426,
      0.0058109595865238894,
      0.0022123137554974637
    ],
    "calibrated_optical_trim_final_mW": [
      0.014307069209307799,
      0.011134069156570281,
      0.01188552454216879,
      0.009590464525460307,
      0.011977768076934459,
      0.009426746450765022,
      0.012936807926499094,
      0.010473516996337195,
      0.012208800417553234,
      0.009735326822089385,
      0.012785817744002836,
      0.014975768561149683,
      0.013384501787562009,
      0.007885842184293279,
      0.011663637952423977,
      0.012841499613749252
    ],
    "calibrated_offset_mV": [
      1008.4228515625,
      983.642578125,
      1004.2724609375,
      950.439453125,
      963.2568359375,
      944.7021484375,
      1043.212890625,
      931.7626953125,
      1016.7236328125,
      1020.1416015625,
      965.576171875,
      995.849609375,
      1040.0390625,
      977.4169921875,
      1023.681640625,
      955.4443359375
    ],
    "calibrated_vth_mV": [
      40.0,
      40.0,
      40.0,
      40.0,
      40.0,
      40.0,
      40.0,
      40.0,
      40.0,
      40.0,
      40.0,
      40.0,
      40.0,
      40.0,
      40.0,
      40.0
    ],
    "analog_depth": 3,
    "analog_p50_ber": 0.3125,
    "ber_ci95": {
      "lo": 0.31792781413932497,
      "hi": 0.35059512407335075,
      "n_bits": 3200,
      "n_err": 1069
    }
  },
  "path_b_chain": {
    "depth": 3,
    "per_stage_p50_ber_vs_prev": [
      0.5,
      0.0,
      0.1875
    ],
    "per_stage_p50_ber_vs_initial": [
      0.5,
      0.5,
      0.34375
    ]
  },
  "path_b_sweeps": null,
  "path_b_return_map": {
    "levels": [
      -1,
      0,
      1
    ],
    "stage_slopes": [
      [
        0.25083597521376827,
        0.512275611092246,
        0.5352971092606942
      ],
      [
        3.0521654105681275,
        0.8525510366281676,
        0.7282772745294348
      ],
      [
        0.25080421537495634,
        0.511946272437043,
        0.5359520614473305
      ]
    ],
    "deadzone_fraction": [
      [
        0.0,
        0.0,
        0.0
      ],
      [
        0.1875,
        0.25,
        0.3125
      ],
      [
        0.0,
        0.0,
        0.0
      ]
    ],
    "rail_positive_fraction": [
      [
        0.0,
        0.0,
        0.0
      ],
      [
        0.375,
        0.375,
        0.34375
      ],
      [
        1.0,
        1.0,
        1.0
      ]
    ],
    "rail_negative_fraction": [
      [
        1.0,
        1.0,
        1.0
      ],
      [
        0.40625,
        0.375,
        0.3125
      ],
      [
        0.0,
        0.0,
        0.0
      ]
    ],
    "stage_diff_in": [
      [
        10.215183557554953,
        2.5477078678681453,
        1.3667224756394547
      ],
      [
        0.0017913168223053777,
        0.005126579754082927,
        0.004321566784602493
      ],
      [
        10.218110797662693,
        2.547704430851692,
        1.3659288451918365
      ]
    ],
    "stage_diff_out": [
      [
        2.5477078678681453,
        1.3667224756394547,
        0.7081245257169754
      ],
      [
        0.005126579754082927,
        0.004321566784602493,
        0.003215678402601896
      ],
      [
        2.547704430851692,
        1.3659288451918365,
        0.7072570311011036
      ]
    ],
    "median_stage_slope": 0.5352971092606942,
    "max_stage_slope": 3.0521654105681275,
    "median_diff_in": 1.3667224756394547,
    "median_diff_out": 0.7081245257169754
  },
  "cold_input": null,
  "packs": {
    "emitter": {
      "wavelength_nm": 1550.0,
      "channels": 16,
      "power_mw_per_ch": 12.0,
      "extinction_db": 18.0,
      "rin_dbhz": -140.0,
      "linewidth_hz": 1000000.0,
      "wav_drift_nm_per_C": 0.1,
      "rise_fall_ns_10_90": 8.0,
      "temp_coeff_pct_per_C": 0.15,
      "power_sigma_pct": 4.0,
      "modulation_mode": "pushpull",
      "pushpull_alpha": 0.85,
      "wavelengths_nm": null,
      "channels_per_lambda": null
    },
    "optics": {
      "transmittance": 0.72,
      "w_plus_contrast": 0.85,
      "w_minus_contrast": 0.84,
      "crosstalk_db": -30.0,
      "ct_model": "neighbor",
      "ct_neighbor_db": -30.0,
      "ct_diag_db": -33.0,
      "stray_floor_db": -70.0,
      "psf_kernel": "none",
      "signal_scale": 1.0,
      "amp_on": true,
      "amp_gain_db": 2.0,
      "amp_ase_sigma": 0.03,
      "sat_abs_on": true,
      "sat_I_sat": 0.9,
      "sat_alpha": 0.9,
      "hard_clip_on": false,
      "hard_clip_sat_mw": 0.1,
      "post_clip_on": false,
      "post_clip_sat_mw": 0.1,
      "speckle_on": false,
      "speckle_sigma": 0.0,
      "speckle_corr_px": 7,
      "tile_border_px": 0,
      "tile_gain_sigma_pct": 0.0,
      "tile_isolation": false,
      "grid_px": 0,
      "ins_loss_db_mean": 0.5,
      "ins_loss_db_sigma": 0.5,
      "pdl_db": 0.4,
      "pdl_step_rad": 0.05,
      "memory_tau_frames": 0.0,
      "reflection_event_db": 28.0,
      "reflection_prob": 0.08,
      "speckle_time_on": true,
      "speckle_time_sigma": 0.1,
      "speckle_time_tau_frames": 12,
      "xgm_on": false,
      "xgm_coeff": 0.0,
      "xpm_on": false,
      "xpm_coeff": 0.0,
      "fwm_on": false,
      "fwm_coeff": 0.0,
      "pol_scrambler_on": false,
      "pol_scramble_every_frames": 0,
      "voa_bits": 0,
      "soa_pattern_alpha": 0.0,
      "mode_mix_matrix": null,
      "soa_on": false,
      "soa_small_signal_gain_db": 3.0,
      "soa_psat_mw": 20.0,
      "soa_noise_figure_db": 6.0,
      "soa_tau_ns": 20.0,
      "soa_alpha": 4.0,
      "mzi_on": false,
      "mzi_gain": 1.0,
      "mzi_sat_mw": 5.0,
      "mzi_hysteresis_mw": 0.05,
      "mzi_bias_step": 0.02,
      "mzi_bias_leak": 0.01,
      "mzi_bias_target_mw": 0.0,
      "servo_on": false,
      "servo_kp": 0.01,
      "servo_ki": 0.0,
      "servo_ref_mw": 0.0,
      "servo_leak": 0.0,
      "servo_max_bias_mw": 5.0,
      "eom_gate_on": false,
      "eom_gate_duty": 0.3,
      "eom_gate_jitter_ps": 5.0,
      "eom_gate_hold_noise_mw": 0.01,
      "eom_gate_hold_leak": 0.05,
      "amp_type": "soa",
      "obpf_bw_nm": 0.5,
      "voa_post_db": 2.0,
      "channels": 0
    },
    "tia": {
      "tia_transimpedance_kohm": 15.0,
      "bw_mhz": 55.0,
      "bw2_mhz": 0.0,
      "in_noise_pA_rthz": 3.6,
      "peaking_q": 0.6,
      "slew_v_per_us": 700.0,