{
  "config": {
    "trials": 240,
    "seed": 10001,
    "sensitivity": false,
    "vote3": false,
    "repeat": 1,
    "neighbor_ct": false,
    "base_window_ns": 10.0,
    "applied_calibration": true,
    "adaptive_input": false,
    "adaptive_max_frames": 12,
    "adaptive_margin_mV": 0.8,
    "avg_frames": 2,
    "classifier": "chop",
    "mask_bad_channels_req": 0,
    "mask_bad_frac_req": 0.0,
    "mask_applied_count": 0
  },
  "baseline": {
    "p50_ber": 0.0,
    "p50_energy_pj": 179.37226610603034,
    "window_ns": 8.00002133609205,
    "p50_tokens_per_s": 3999989331.982426,
    "p50_snr_emit": 1.3977802631629834,
    "p50_snr_pd": 1.3990669686356156,
    "p50_snr_tia": 1.8788666055033705,
    "mean_ber": 0.0
  },
  "path_a": {
    "p50_ber": 0.0,
    "p50_energy_pj": null,
    "window_ns": 10.0,
    "mean_ber": 0.6728125
  },
  "path_b": {
    "p50_ber": 0.65625,
    "p50_energy_pj": 1683.8374206438957,
    "window_ns": 10.0,
    "p50_tokens_per_s": 3657912325.916052,
    "p50_snr_emit": 1.457709840211078,
    "p50_snr_pd": 3.7477838798743184,
    "p50_snr_tia": 9.999999999999999e+17,
    "calibrated_optical_bias_mW": [
      0.002467465113089151,
      0.0028350787609121575,
      0.0031112177583998424,
      0.0027370983351604483,
      0.0037286830602559773,
      0.002892213346228689,
      0.002084469139065459,
      0.0031184989172647892,
      0.002958385316913059,
      0.0033940880106066995,
      0.002814529062469928,
      0.00233482548925501,
      0.0036570858792235317,
      0.00289549682785073,
      0.003085656743543441,
      0.002894452256446245,
      0.0025666508313286762,
      0.002234722279154222,
      0.002188879505325869,
      0.00348111983102084,
      0.0030507967391750768,
      0.003182257241587716,
      0.003092793710789854,
      0.0030975856846371386,
      0.0036024142523388702,
      0.0024207116714518584,
      0.0038452833558404453,
      0.0026881818240666044,
      0.0029525637547553885,
      0.002616121094332846,
      0.002063348521564645,
      0.0017220774276981432
    ],
    "calibrated_optical_trim_final_mW": [
      -0.020280218527679958,
      -0.023529665592857824,
      -0.020668722681207438,
      -0.028510625140575396,
      -0.02379114166935517,
      -0.027302401913259777,
      -0.018189812278923884,
      -0.023141528662514926,
      -0.01575152013894003,
      -0.018840856524049696,
      -0.02088337708116622,
      -0.019487791108414726,
      -0.02142615715015951,
      -0.020554529048434883,
      -0.025719784123927864,
      -0.020579727413219298,
      -0.02049644794148582,
      -0.027159175100919586,
      -0.023811752913986226,
      -0.030856936067880564,
      -0.01988242867553444,
      -0.02113945982190933,
      -0.01741383533303703,
      -0.019690411715502384,
      -0.02275349766774787,
      -0.019111865783241436,
      -0.018747056839211462,
      -0.0200197578483214,
      -0.029365959914658513,
      -0.025140063010937866,
      -0.026344029849368247,
      -0.02395162766844347
    ],
    "calibrated_offset_mV": [
      355.224609375,
      340.4541015625,
      342.041015625,
      355.5908203125,
      364.990234375,
      354.00390625,
      338.5009765625,
      350.4638671875,
      373.046875,
      348.9990234375,
      342.6513671875,
      345.21484375,
      352.5390625,
      350.4638671875,
      354.3701171875,
      345.21484375,
      349.609375,
      342.8955078125,
      339.84375,
      341.552734375,
      346.6796875,
      364.8681640625,
      356.0791015625,
      352.6611328125,
      348.876953125,
      345.8251953125,
      354.8583984375,
      342.1630859375,
      340.6982421875,
      352.6611328125,
      347.65625,
      342.529296875
    ],
    "calibrated_vth_mV": [
      40.0,
      40.0,
      40.0,
      40.0,
      40.0,
      40.0,
      40.0,
      40.0,
      40.0,
      40.0,
      40.0,
      40.0,
      40.0,
      40.0,
      40.0,
      40.0,
      40.0,
      40.0,
      40.0,
      40.0,
      40.0,
      40.0,
      40.0,
      40.0,
      40.0,
      40.0,
      40.0,
      40.0,
      40.0,
      40.0,
      40.0,
      40.0
    ],
    "analog_depth": 5,
    "analog_p50_ber": 0.0,
    "sparse_active_k": 8,
    "eval_active_only": true,
    "tdm_micro_passes": 20,
    "tdm_symbol_time_ns": 200.0,
    "tdm_symbols_per_s": 5000000.0
  },
  "path_b_chain": {
    "depth": 5,
    "per_stage_p50_ber_vs_prev": [
      0.75,
      0.0625,
      0.03125,
      0.0,
      0.03125
    ],
    "per_stage_p50_ber_vs_initial": [
      0.75,
      0.71875,
      0.75,
      0.75,
      0.71875
    ]
  },
  "path_b_sweeps": null,
  "path_b_return_map": null,
  "cold_input": null,
  "packs": {
    "emitter": {
      "wavelength_nm": 1550.0,
      "channels": 32,
      "power_mw_per_ch": 12.0,
      "extinction_db": 18.0,
      "rin_dbhz": -140.0,
      "linewidth_hz": 1000000.0,
      "wav_drift_nm_per_C": 0.1,
      "rise_fall_ns_10_90": 8.0,
      "temp_coeff_pct_per_C": 0.15,
      "power_sigma_pct": 4.0,
      "modulation_mode": "pushpull",
      "pushpull_alpha": 0.85,
      "wavelengths_nm": null,
      "channels_per_lambda": null
    },
    "optics": {
      "transmittance": 0.72,
      "w_plus_contrast": 0.85,
      "w_minus_contrast": 0.84,
      "crosstalk_db": -30.0,
      "ct_model": "neighbor",
      "ct_neighbor_db": -30.0,
      "ct_diag_db": -33.0,
      "stray_floor_db": -70.0,
      "psf_kernel": "none",
      "signal_scale": 1.0,
      "amp_on": true,
      "amp_gain_db": 2.0,
      "amp_ase_sigma": 0.03,
      "sat_abs_on": true,
      "sat_I_sat": 0.6,
      "sat_alpha": 1.2,
      "hard_clip_on": false,
      "hard_clip_sat_mw": 0.1,
      "post_clip_on": false,
      "post_clip_sat_mw": 0.1,
      "speckle_on": false,
      "speckle_sigma": 0.0,
      "speckle_corr_px": 7,
      "tile_border_px": 0,
      "tile_gain_sigma_pct": 0.0,
      "tile_isolation": false,
      "grid_px": 0,
      "ins_loss_db_mean": 0.5,
      "ins_loss_db_sigma": 0.5,
      "pdl_db": 0.4,
      "pdl_step_rad": 0.05,
      "memory_tau_frames": 0.0,
      "reflection_event_db": 28.0,
      "reflection_prob": 0.08,
      "speckle_time_on": true,
      "speckle_time_sigma": 0.1,
      "speckle_time_tau_frames": 12,
      "xgm_on": false,
      "xgm_coeff": 0.0,
      "xpm_on": false,
      "xpm_coeff": 0.0,
      "fwm_on": false,
      "fwm_coeff": 0.0,
      "pol_scrambler_on": false,
      "pol_scramble_every_frames": 0,
      "voa_bits": 0,
      "soa_pattern_alpha": 0.0,
      "mode_mix_matrix": null,
      "soa_on": false,
      "soa_small_signal_gain_db": 3.0,
      "soa_psat_mw": 20.0,
      "soa_noise_figure_db": 6.0,
      "soa_tau_ns": 20.0,
      "soa_alpha": 4.0,
      "mzi_on": false,
      "mzi_gain": 1.0,
      "mzi_sat_mw": 5.0,
      "mzi_hysteresis_mw": 0.05,
      "mzi_bias_step": 0.02,
      "mzi_bias_leak": 0.01,
      "mzi_bias_target_mw": 0.0,
      "servo_on": false,
      "servo_kp": 0.01,
      "servo_ki": 0.0,
      "servo_ref_mw": 0.0,
      "servo_leak": 0.0,
      "servo_max_bias_mw": 5.0,
      "eom_gate_on": false,
      "eom_gate_duty": 0.3,
      "eom_gate_jitter_ps": 5.0,
      "eom_gate_hold_noise_mw": 0.01,
      "eom_gate_hold_leak": 0.05,
      "amp_type": "soa",
      "obpf_bw_nm": 0.5,
      "voa_post_db": 2.0,
      "channels": 0
    },
    "tia": {
      "tia_transimpedance_kohm": 15.0,
      "bw_mhz": 55.0,
      "bw2_mhz": 0.0,
      "in_noise_pA_rthz": 3.6,
      "peaking_q": 0.6,
      "slew_v_per_us": 700.0,
      "adc_bits": 12,
      "adc_fullscale_v": 1.0,
      "adc_read_noise_mV_rms": 0.0,
      "gain_sigma_pct": 1.0
    },
    "comparator": {
      "vth_mV": 5.0,
      "hysteresis_mV": 0.75,
      "input_noise_mV_rms": 0.4,
      "drift_mV_per_C": 0.05,
      "prop_delay_ns": 1.25,
      "prop_jitter_ps_rms": 0.0,
      "saturate_levels": true,
      "vth_sigma_mV": 0.2,
      "metastable_on": false,
      "metastable_width_mV": 0.2,
      "metastable_flip_prob": 0.05
    },