{
  "config": {
    "trials": 900,
    "seed": 6334,
    "sensitivity": false,
    "vote3": false,
    "repeat": 1,
    "neighbor_ct": false,
    "base_window_ns": 12.0,
    "applied_calibration": true,
    "adaptive_input": false,
    "adaptive_max_frames": 12,
    "adaptive_margin_mV": 0.8,
    "avg_frames": 2,
    "classifier": "chop",
    "mask_bad_channels_req": 0,
    "mask_bad_frac_req": 0.125,
    "mask_applied_count": 1
  },
  "baseline": {
    "p50_ber": 0.0,
    "p50_energy_pj": 56.05136486465764,
    "window_ns": 9.999422706996732,
    "p50_tokens_per_s": 800046186.106553,
    "p50_snr_emit": 1.423419069305259,
    "p50_snr_pd": 1.424827682492614,
    "p50_snr_tia": 1.9029702547320837,
    "ber_ci95": {
      "lo": 0.0,
      "hi": 0.002395249007133871,
      "n_bits": 1600,
      "n_err": 0
    },
    "mean_ber": 0.0
  },
  "path_a": {
    "p50_ber": 0.0,
    "p50_energy_pj": null,
    "window_ns": 12.0,
    "mean_ber": 0.668125
  },
  "path_b": {
    "p50_ber": 0.625,
    "p50_energy_pj": 553.0396909366939,
    "window_ns": 9.999447183227627,
    "p50_tokens_per_s": 800044227.7867761,
    "p50_snr_emit": 1.5134735379636823,
    "p50_snr_pd": 3.9444223548815214,
    "p50_snr_tia": 3146.1608455024293,
    "calibrated_optical_bias_mW": [
      0.004146238576067995,
      0.004590293160094072,
      0.006711220834176412,
      0.005062201670119615,
      0.007300503673177472,
      0.004845443586811271,
      0.004877938654947345,
      0.004928742990987001
    ],
    "calibrated_optical_trim_final_mW": [
      -0.04310202335396285,
      -0.03813457578253221,
      -0.03970647871200084,
      -0.039617732579373954,
      -0.0420713526748131,
      -0.03983906602383169,
      -0.03939358533422255,
      -0.042214404984617204
    ],
    "calibrated_offset_mV": [
      811.0909054333132,
      813.5019117383524,
      811.4156166860759,
      801.4129538326164,
      788.6309642130564,
      823.4991715987028,
      795.0136926259606,
      770.8914353798988
    ],
    "calibrated_vth_mV": [
      40.0,
      40.0,
      40.0,
      40.0,
      40.0,
      40.0,
      40.0,
      40.0
    ],
    "analog_depth": 5,
    "analog_p50_ber": 0.375,
    "ber_ci95": {
      "lo": 0.3080032725415317,
      "hi": 0.35405811805963483,
      "n_bits": 1600,
      "n_err": 529
    }
  },
  "path_b_chain": {
    "depth": 5,
    "per_stage_p50_ber_vs_prev": [
      0.5,
      0.0,
      0.0,
      0.125,
      0.0
    ],
    "per_stage_p50_ber_vs_initial": [
      0.5,
      0.5,
      0.5,
      0.375,
      0.375
    ]
  },
  "path_b_sweeps": null,
  "path_b_return_map": {
    "levels": [
      -1,
      0,
      1
    ],
    "stage_slopes": [
      [
        0.2466483993209116,
        0.5826709652610793,
        0.6453813142600692,
        0.6955805612345534,
        0.6791626094553174
      ],
      [
        2.427942291115319,
        1.1547913572656274,
        1.049200478855867,
        0.9289143351698579,
        0.8984407026078047
      ],
      [
        0.24668869448421898,
        0.5826871770076644,
        0.6453682291491374,
        0.6955893186862945,
        0.6800419386119729
      ]
    ],
    "deadzone_fraction": [
      [
        0.0,
        0.0,
        0.0,
        0.0,
        0.0
      ],
      [
        0.25,
        0.25,
        0.25,
        0.25,
        0.25
      ],
      [
        0.0,
        0.0,
        0.0,
        0.0,
        0.0
      ]
    ],
    "rail_positive_fraction": [
      [
        0.0,
        0.0,
        0.0,
        0.0,
        0.0
      ],
      [
        0.3125,
        0.375,
        0.375,
        0.375,
        0.375
      ],
      [
        1.0,
        1.0,
        1.0,
        1.0,
        1.0
      ]
    ],
    "rail_negative_fraction": [
      [
        1.0,
        1.0,
        1.0,
        1.0,
        1.0
      ],
      [
        0.375,
        0.375,
        0.375,
        0.375,
        0.25
      ],
      [
        0.0,
        0.0,
        0.0,
        0.0,
        0.0
      ]
    ],
    "stage_diff_in": [
      [
        10.227967575880175,
        2.5223627575406464,
        1.4694857007835909,
        0.9480353290063404,
        0.6596817393371437
      ],
      [
        0.0015772712557371449,
        0.003754969047567114,
        0.003957456705738105,
        0.0038884494577636763,
        0.003702516041697912
      ],
      [
        10.22607766842104,
        2.52235870320079,
        1.4695595073328447,
        0.9478798416853226,
        0.6597401485614356
      ]
    ],
    "stage_diff_out": [
      [
        2.5223627575406464,
        1.4694857007835909,
        0.9480353290063404,
        0.6596817393371437,
        0.4477207686642704
      ],
      [
        0.003754969047567114,
        0.003957456705738105,
        0.0038884494577636763,
        0.003702516041697912,
        0.0030412439729951
      ],
      [
        2.52235870320079,
        1.4695595073328447,
        0.9478798416853226,
        0.6597401485614356,
        0.4481555420007872
      ]
    ],
    "median_stage_slope": 0.6800419386119729,
    "max_stage_slope": 2.427942291115319,
    "median_diff_in": 0.9478798416853226,
    "median_diff_out": 0.6596817393371437
  },
  "cold_input": null,
  "packs": {
    "emitter": {
      "wavelength_nm": 1550.0,
      "channels": 8,
      "power_mw_per_ch": 12.0,
      "extinction_db": 18.0,
      "rin_dbhz": -140.0,
      "linewidth_hz": 1000000.0,
      "wav_drift_nm_per_C": 0.1,
      "rise_fall_ns_10_90": 8.0,
      "temp_coeff_pct_per_C": 0.15,
      "power_sigma_pct": 4.0,
      "modulation_mode": "pushpull",
      "pushpull_alpha": 0.85,
      "wavelengths_nm": null,
      "channels_per_lambda": null
    },
    "optics": {
      "transmittance": 0.72,
      "w_plus_contrast": 0.85,
      "w_minus_contrast": 0.84,
      "crosstalk_db": -30.0,
      "ct_model": "neighbor",
      "ct_neighbor_db": -30.0,
      "ct_diag_db": -33.0,
      "stray_floor_db": -75.0,
      "psf_kernel": "lorentzian:w=2.5",
      "signal_scale": 1.0,
      "amp_on": true,
      "amp_gain_db": 2.0,
      "amp_ase_sigma": 0.03,
      "sat_abs_on": true,
      "sat_I_sat": 0.6,
      "sat_alpha": 1.2,
      "hard_clip_on": false,
      "hard_clip_sat_mw": 0.1,
      "post_clip_on": false,
      "post_clip_sat_mw": 0.1,
      "speckle_on": false,
      "speckle_sigma": 0.0,
      "speckle_corr_px": 7,
      "tile_border_px": 0,
      "tile_gain_sigma_pct": 0.0,
      "tile_isolation": false,
      "grid_px": 64,
      "ins_loss_db_mean": 0.0,
      "ins_loss_db_sigma": 0.0,
      "pdl_db": 0.0,
      "pdl_step_rad": 0.0,
      "memory_tau_frames": 0.0,
      "reflection_event_db": 0.0,
      "reflection_prob": 0.0,
      "speckle_time_on": false,
      "speckle_time_sigma": 0.0,
      "speckle_time_tau_frames": 0,
      "xgm_on": false,
      "xgm_coeff": 0.0,
      "xpm_on": false,
      "xpm_coeff": 0.0,
      "fwm_on": false,
      "fwm_coeff": 0.0,
      "pol_scrambler_on": false,
      "pol_scramble_every_frames": 0,
      "voa_bits": 0,
      "soa_pattern_alpha": 0.0,
      "mode_mix_matrix": null,
      "soa_on": false,
      "soa_small_signal_gain_db": 3.0,
      "soa_psat_mw": 20.0,
      "soa_noise_figure_db": 6.0,
      "soa_tau_ns": 20.0,
      "soa_alpha": 4.0,
      "mzi_on": false,
      "mzi_gain": 1.0,
      "mzi_sat_mw": 5.0,
      "mzi_hysteresis_mw": 0.05,
      "mzi_bias_step": 0.02,
      "mzi_bias_leak": 0.01,
      "mzi_bias_target_mw": 0.0,
      "servo_on": false,
      "servo_kp": 0.01,
      "servo_ki": 0.0,
      "servo_ref_mw": 0.0,
      "servo_leak": 0.0,
      "servo_max_bias_mw": 5.0,
      "eom_gate_on": false,
      "eom_gate_duty": 0.3,
      "eom_gate_jitter_ps": 5.0,
      "eom_gate_hold_noise_mw": 0.01,
      "eom_gate_hold_leak": 0.05,
      "amp_type": "soa",
      "obpf_bw_nm": 0.5,
      "voa_post_db": 2.0,
      "channels": 0
    },
    "tia": {
      "tia_transimpedance_kohm": 8.0,
      "bw_mhz": 40.0,
      "bw2_mhz": 0.0,