{
  "config": {
    "trials": 240,
    "seed": 6011,
    "sensitivity": false,
    "vote3": false,
    "repeat": 1,
    "neighbor_ct": false,
    "base_window_ns": 10.0,
    "applied_calibration": true,
    "adaptive_input": false,
    "adaptive_max_frames": 12,
    "adaptive_margin_mV": 0.8,
    "avg_frames": 2,
    "classifier": "chop",
    "mask_bad_channels_req": 0,
    "mask_bad_frac_req": 0.0625,
    "mask_applied_count": 1
  },
  "baseline": {
    "p50_ber": 0.0,
    "p50_energy_pj": 89.6922111139242,
    "window_ns": 8.000668551704159,
    "p50_tokens_per_s": 1999832876.040336,
    "p50_snr_emit": 1.4077452700115236,
    "p50_snr_pd": 1.4091273536903333,
    "p50_snr_tia": 1.89273373763587,
    "ber_ci95": {
      "lo": 0.0,
      "hi": 0.0011990605278363324,
      "n_bits": 3200,
      "n_err": 0
    },
    "mean_ber": 0.0
  },
  "path_a": {
    "p50_ber": 0.0,
    "p50_energy_pj": null,
    "window_ns": 10.0,
    "mean_ber": 0.669375
  },
  "path_b": {
    "p50_ber": 0.6875,
    "p50_energy_pj": 834.633218371601,
    "window_ns": 8.75214596782789,
    "p50_tokens_per_s": 1828123075.0509162,
    "p50_snr_emit": 1.4908990275563083,
    "p50_snr_pd": 3.811537773974605,
    "p50_snr_tia": 9.999999999999999e+17,
    "calibrated_optical_bias_mW": [
      0.0032835673954447753,
      0.004429968713234755,
      0.0057150884836560945,
      0.004687048726413678,
      0.0025193248271153657,
      0.005065577113093855,
      0.0025772707124789296,
      0.003987778347065873,
      0.0027135470595183175,
      0.007597241940832555,
      0.003391239131082191,
      0.004412160981687618,
      0.0050862251372079115,
      0.006156534871496033,
      0.0029992392495477027,
      0.004278452176347702
    ],
    "calibrated_optical_trim_final_mW": [
      0.01795592307621835,
      0.025123014063154647,
      0.025875908667810532,
      0.02287765032811845,
      0.02105052804143509,
      0.019389797279969645,
      0.02225159795668391,
      0.023360960430657052,
      0.022642370661154265,
      0.025281571316125406,
      0.020429561122952244,
      0.01811977697214151,
      0.025037346987577203,
      0.016686472265382002,
      0.019147893003681693,
      0.025239625547157807
    ],
    "calibrated_offset_mV": [
      938.232421875,
      967.28515625,
      982.177734375,
      998.046875,
      920.41015625,
      996.2158203125,
      926.8798828125,
      956.298828125,
      965.8203125,
      976.1962890625,
      930.17578125,
      959.716796875,
      942.3828125,
      964.2333984375,
      960.5712890625,
      963.134765625
    ],
    "calibrated_vth_mV": [
      40.0,
      40.0,
      40.0,
      40.0,
      40.0,
      40.0,
      40.0,
      40.0,
      40.0,
      40.0,
      40.0,
      40.0,
      40.0,
      40.0,
      40.0,
      40.0
    ],
    "analog_depth": 3,
    "analog_p50_ber": 0.3125,
    "ber_ci95": {
      "lo": 0.3197778975133289,
      "hi": 0.35249054422236753,
      "n_bits": 3200,
      "n_err": 1075
    }
  },
  "path_b_chain": {
    "depth": 3,
    "per_stage_p50_ber_vs_prev": [
      0.5,
      0.0,
      0.1875
    ],
    "per_stage_p50_ber_vs_initial": [
      0.5,
      0.5,
      0.375
    ]
  },
  "path_b_sweeps": null,
  "path_b_return_map": {
    "levels": [
      -1,
      0,
      1
    ],
    "stage_slopes": [
      [
        0.2427029422307304,
        0.5337968949707288,
        0.5892418692293966
      ],
      [
        3.138427418673243,
        0.9086214154925966,
        0.7554035244662569
      ],
      [
        0.24284024241369817,
        0.5340569841558204,
        0.5897667612129722
      ]
    ],
    "deadzone_fraction": [
      [
        0.0,
        0.0,
        0.0
      ],
      [
        0.25,
        0.1875,
        0.3125
      ],
      [
        0.0,
        0.0,
        0.0
      ]
    ],
    "rail_positive_fraction": [
      [
        0.0,
        0.0,
        0.0
      ],
      [
        0.375,
        0.375,
        0.375
      ],
      [
        1.0,
        1.0,
        1.0
      ]
    ],
    "rail_negative_fraction": [
      [
        1.0,
        1.0,
        1.0
      ],
      [
        0.40625,
        0.375,
        0.3125
      ],
      [
        0.0,
        0.0,
        0.0
      ]
    ],
    "stage_diff_in": [
      [
        10.229271190286934,
        2.4914006526980312,
        1.3240498469633524
      ],
      [
        0.0016797769671847984,
        0.005014625703148035,
        0.00443203832009198
      ],
      [
        10.227757437159342,
        2.491421856379997,
        1.3243467133511104
      ]
    ],
    "stage_diff_out": [
      [
        2.4914006526980312,
        1.3240498469633524,
        0.7557693082436823
      ],
      [
        0.005014625703148035,
        0.00443203832009198,
        0.0033561839723521003
      ],
      [
        2.491421856379997,
        1.3243467133511104,
        0.7577371520071383
      ]
    ],
    "median_stage_slope": 0.5892418692293966,
    "max_stage_slope": 3.138427418673243,
    "median_diff_in": 1.3243467133511104,
    "median_diff_out": 0.7577371520071383
  },
  "cold_input": null,
  "packs": {
    "emitter": {
      "wavelength_nm": 1550.0,
      "channels": 16,
      "power_mw_per_ch": 12.0,
      "extinction_db": 18.0,
      "rin_dbhz": -140.0,
      "linewidth_hz": 1000000.0,
      "wav_drift_nm_per_C": 0.1,
      "rise_fall_ns_10_90": 8.0,
      "temp_coeff_pct_per_C": 0.15,
      "power_sigma_pct": 4.0,
      "modulation_mode": "pushpull",
      "pushpull_alpha": 0.85,
      "wavelengths_nm": null,
      "channels_per_lambda": null
    },
    "optics": {
      "transmittance": 0.72,
      "w_plus_contrast": 0.85,
      "w_minus_contrast": 0.84,
      "crosstalk_db": -30.0,
      "ct_model": "neighbor",
      "ct_neighbor_db": -30.0,
      "ct_diag_db": -33.0,
      "stray_floor_db": -70.0,
      "psf_kernel": "none",
      "signal_scale": 1.0,
      "amp_on": true,
      "amp_gain_db": 2.0,
      "amp_ase_sigma": 0.03,
      "sat_abs_on": true,
      "sat_I_sat": 0.9,
      "sat_alpha": 0.9,
      "hard_clip_on": false,
      "hard_clip_sat_mw": 0.1,
      "post_clip_on": false,
      "post_clip_sat_mw": 0.1,
      "speckle_on": false,
      "speckle_sigma": 0.0,
      "speckle_corr_px": 7,
      "tile_border_px": 0,
      "tile_gain_sigma_pct": 0.0,
      "tile_isolation": false,
      "grid_px": 0,
      "ins_loss_db_mean": 0.5,
      "ins_loss_db_sigma": 0.5,
      "pdl_db": 0.4,
      "pdl_step_rad": 0.05,
      "memory_tau_frames": 0.0,
      "reflection_event_db": 28.0,
      "reflection_prob": 0.08,
      "speckle_time_on": true,
      "speckle_time_sigma": 0.1,
      "speckle_time_tau_frames": 12,
      "xgm_on": false,
      "xgm_coeff": 0.0,
      "xpm_on": false,
      "xpm_coeff": 0.0,
      "fwm_on": false,
      "fwm_coeff": 0.0,
      "pol_scrambler_on": false,
      "pol_scramble_every_frames": 0,
      "voa_bits": 0,
      "soa_pattern_alpha": 0.0,
      "mode_mix_matrix": null,
      "soa_on": false,
      "soa_small_signal_gain_db": 3.0,
      "soa_psat_mw": 20.0,
      "soa_noise_figure_db": 6.0,
      "soa_tau_ns": 20.0,
      "soa_alpha": 4.0,
      "mzi_on": false,
      "mzi_gain": 1.0,
      "mzi_sat_mw": 5.0,
      "mzi_hysteresis_mw": 0.05,
      "mzi_bias_step": 0.02,
      "mzi_bias_leak": 0.01,
      "mzi_bias_target_mw": 0.0,
      "servo_on": false,
      "servo_kp": 0.01,
      "servo_ki": 0.0,
      "servo_ref_mw": 0.0,
      "servo_leak": 0.0,
      "servo_max_bias_mw": 5.0,
      "eom_gate_on": false,
      "eom_gate_duty": 0.3,
      "eom_gate_jitter_ps": 5.0,
      "eom_gate_hold_noise_mw": 0.01,
      "eom_gate_hold_leak": 0.05,
      "amp_type": "soa",
      "obpf_bw_nm": 0.5,
      "voa_post_db": 2.0,
      "channels": 0
    },
    "tia": {
      "tia_transimpedance_kohm": 15.0,
      "bw_mhz": 55.0,
      "bw2_mhz": 0.0,
      "in_noise_pA_rthz": 3.6,
      "peaking_q": 0.6,
      "slew_v_per_us": 700.0,
      "adc_bits": 12,
      "adc_fullscale_v": 1.0,