{
  "config": {
    "trials": 900,
    "seed": 6225,
    "sensitivity": false,
    "vote3": false,
    "repeat": 1,
    "neighbor_ct": false,
    "base_window_ns": 10.0,
    "applied_calibration": true,
    "adaptive_input": false,
    "adaptive_max_frames": 12,
    "adaptive_margin_mV": 0.8,
    "avg_frames": 3,
    "classifier": "chop",
    "mask_bad_channels_req": 0,
    "mask_bad_frac_req": 0.125,
    "mask_applied_count": 1
  },
  "baseline": {
    "p50_ber": 0.0,
    "p50_energy_pj": 44.84194646282571,
    "window_ns": 7.99990638546237,
    "p50_tokens_per_s": 1000011701.9541378,
    "p50_snr_emit": 1.4234082213765955,
    "p50_snr_pd": 1.4247773121680118,
    "p50_snr_tia": 1.9152052986623926,
    "ber_ci95": {
      "lo": 0.0,
      "hi": 0.002395249007133871,
      "n_bits": 1600,
      "n_err": 0
    },
    "mean_ber": 0.0
  },
  "path_a": {
    "p50_ber": 0.0,
    "p50_energy_pj": null,
    "window_ns": 10.0,
    "mean_ber": 0.663125
  },
  "path_b": {
    "p50_ber": 0.625,
    "p50_energy_pj": 482.6898374190549,
    "window_ns": 8.749904551990301,
    "p50_tokens_per_s": 914295687.7375623,
    "p50_snr_emit": 1.5173744009603871,
    "p50_snr_pd": 3.934621692048975,
    "p50_snr_tia": 9.999999999999999e+17,
    "calibrated_optical_bias_mW": [
      0.005676544898772118,
      0.005082175420392243,
      0.005405948547397621,
      0.0048241894066864965,
      0.0047897337070534896,
      0.005226263555254906,
      0.004465008461442821,
      0.004802715959060677
    ],
    "calibrated_optical_trim_final_mW": [
      -0.04096276195253129,
      -0.04178408937662215,
      -0.04434297350147054,
      -0.03890214023518718,
      -0.039367943222309576,
      -0.0410761530970849,
      -0.042715387509663916,
      -0.041633184005475166
    ],
    "calibrated_offset_mV": [
      1002.8076171875,
      976.806640625,
      1017.333984375,
      985.4736328125,
      1011.1083984375,
      1018.9208984375,
      993.408203125,
      988.1591796875
    ],
    "calibrated_vth_mV": [
      40.0,
      40.0,
      40.0,
      40.0,
      40.0,
      40.0,
      40.0,
      40.0
    ],
    "analog_depth": 5,
    "analog_p50_ber": 0.5,
    "ber_ci95": {
      "lo": 0.4992500275604899,
      "hi": 0.5481361981116714,
      "n_bits": 1600,
      "n_err": 838
    }
  },
  "path_b_chain": {
    "depth": 5,
    "per_stage_p50_ber_vs_prev": [
      0.5,
      0.0,
      0.25,
      0.0,
      0.375
    ],
    "per_stage_p50_ber_vs_initial": [
      0.5,
      0.5,
      0.375,
      0.375,
      0.75
    ]
  },
  "path_b_sweeps": null,
  "path_b_return_map": {
    "levels": [
      -1,
      0,
      1
    ],
    "stage_slopes": [
      [
        0.24820069702941547,
        0.5782640527211109,
        0.6441304253140934,
        0.6762863598449307,
        0.6618021188343439
      ],
      [
        3.4740810644181876,
        0.9779054492517871,
        0.9008263892831704,
        0.9393700492610122,
        0.9091661751923432
      ],
      [
        0.24822213811770802,
        0.5788190881493345,
        0.6444248961421105,
        0.6766939039262129,
        0.6623293815432567
      ]
    ],
    "deadzone_fraction": [
      [
        0.0,
        0.0,
        0.0,
        0.0,
        0.0
      ],
      [
        0.125,
        0.25,
        0.25,
        0.25,
        0.25
      ],
      [
        0.0,
        0.0,
        0.0,
        0.0,
        0.0
      ]
    ],
    "rail_positive_fraction": [
      [
        0.0,
        0.0,
        0.0,
        0.0,
        0.0
      ],
      [
        0.5,
        0.375,
        0.5,
        0.375,
        0.5
      ],
      [
        1.0,
        1.0,
        1.0,
        1.0,
        1.0
      ]
    ],
    "rail_negative_fraction": [
      [
        1.0,
        1.0,
        1.0,
        1.0,
        1.0
      ],
      [
        0.375,
        0.375,
        0.375,
        0.3125,
        0.375
      ],
      [
        0.0,
        0.0,
        0.0,
        0.0,
        0.0
      ]
    ],
    "stage_diff_in": [
      [
        10.203738045790933,
        2.532424372821563,
        1.4647040883254827,
        0.9436380511580051,
        0.6380567013145592
      ],
      [
        0.0015487851370019623,
        0.005346776534323361,
        0.005061233414382804,
        0.00440975191423032,
        0.00424587249089492
      ],
      [
        10.202466619294501,
        2.532448058686187,
        1.4657407995070701,
        0.944375856881341,
        0.6386026789288313
      ]
    ],
    "stage_diff_out": [
      [
        2.532424372821563,
        1.4647040883254827,
        0.9436380511580051,
        0.6380567013145592,
        0.422332165716965
      ],
      [
        0.005346776534323361,
        0.005061233414382804,
        0.00440975191423032,
        0.00424587249089492,
        0.0038445953273924527
      ],
      [
        2.532448058686187,
        1.4657407995070701,
        0.944375856881341,
        0.6386026789288313,
        0.4233172850533188
      ]
    ],
    "median_stage_slope": 0.6623293815432567,
    "max_stage_slope": 3.4740810644181876,
    "median_diff_in": 0.9436380511580051,
    "median_diff_out": 0.6380567013145592
  },
  "cold_input": null,
  "packs": {
    "emitter": {
      "wavelength_nm": 1550.0,
      "channels": 8,
      "power_mw_per_ch": 12.0,
      "extinction_db": 18.0,
      "rin_dbhz": -140.0,
      "linewidth_hz": 1000000.0,
      "wav_drift_nm_per_C": 0.1,
      "rise_fall_ns_10_90": 8.0,
      "temp_coeff_pct_per_C": 0.15,
      "power_sigma_pct": 4.0,
      "modulation_mode": "pushpull",
      "pushpull_alpha": 0.85,
      "wavelengths_nm": null,
      "channels_per_lambda": null
    },
    "optics": {
      "transmittance": 0.72,
      "w_plus_contrast": 0.85,
      "w_minus_contrast": 0.84,
      "crosstalk_db": -30.0,
      "ct_model": "neighbor",
      "ct_neighbor_db": -30.0,
      "ct_diag_db": -33.0,
      "stray_floor_db": -75.0,
      "psf_kernel": "lorentzian:w=2.5",
      "signal_scale": 1.0,
      "amp_on": true,
      "amp_gain_db": 2.0,
      "amp_ase_sigma": 0.03,
      "sat_abs_on": true,
      "sat_I_sat": 0.6,
      "sat_alpha": 1.2,
      "hard_clip_on": false,
      "hard_clip_sat_mw": 0.1,
      "post_clip_on": false,
      "post_clip_sat_mw": 0.1,
      "speckle_on": false,
      "speckle_sigma": 0.0,
      "speckle_corr_px": 7,
      "tile_border_px": 0,
      "tile_gain_sigma_pct": 0.0,
      "tile_isolation": false,
      "grid_px": 64,
      "ins_loss_db_mean": 0.0,
      "ins_loss_db_sigma": 0.0,
      "pdl_db": 0.0,
      "pdl_step_rad": 0.0,
      "memory_tau_frames": 0.0,
      "reflection_event_db": 0.0,
      "reflection_prob": 0.0,
      "speckle_time_on": false,
      "speckle_time_sigma": 0.0,
      "speckle_time_tau_frames": 0,
      "xgm_on": false,
      "xgm_coeff": 0.0,
      "xpm_on": false,
      "xpm_coeff": 0.0,
      "fwm_on": false,
      "fwm_coeff": 0.0,
      "pol_scrambler_on": false,
      "pol_scramble_every_frames": 0,
      "voa_bits": 0,
      "soa_pattern_alpha": 0.0,
      "mode_mix_matrix": null,
      "soa_on": false,
      "soa_small_signal_gain_db": 3.0,
      "soa_psat_mw": 20.0,
      "soa_noise_figure_db": 6.0,
      "soa_tau_ns": 20.0,
      "soa_alpha": 4.0,
      "mzi_on": false,
      "mzi_gain": 1.0,
      "mzi_sat_mw": 5.0,
      "mzi_hysteresis_mw": 0.05,
      "mzi_bias_step": 0.02,
      "mzi_bias_leak": 0.01,
      "mzi_bias_target_mw": 0.0,
      "servo_on": false,
      "servo_kp": 0.01,
      "servo_ki": 0.0,
      "servo_ref_mw": 0.0,
      "servo_leak": 0.0,
      "servo_max_bias_mw": 5.0,
      "eom_gate_on": false,
      "eom_gate_duty": 0.3,
      "eom_gate_jitter_ps": 5.0,
      "eom_gate_hold_noise_mw": 0.01,
      "eom_gate_hold_leak": 0.05,
      "amp_type": "soa",
      "obpf_bw_nm": 0.5,
      "voa_post_db": 2.0,
      "channels": 0
    },
    "tia": {
      "tia_transimpedance_kohm": 15.0,
      "bw_mhz": 55.0,
      "bw2_mhz": 0.0,
      "in_noise_pA_rthz": 3.6,