{
  "config": {
    "trials": 560,
    "seed": 6231,
    "sensitivity": false,
    "vote3": false,
    "repeat": 1,
    "neighbor_ct": false,
    "base_window_ns": 8.0,
    "applied_calibration": true,
    "adaptive_input": false,
    "adaptive_max_frames": 12,
    "adaptive_margin_mV": 0.8,
    "avg_frames": 2,
    "classifier": "chop",
    "mask_bad_channels_req": 0,
    "mask_bad_frac_req": 0.0625,
    "mask_applied_count": 0
  },
  "baseline": {
    "p50_ber": 0.0,
    "p50_energy_pj": 25.224097369089318,
    "window_ns": 6.000108467924921,
    "p50_tokens_per_s": 999981922.3393208,
    "p50_snr_emit": 1.4906277745561125,
    "p50_snr_pd": 1.49197163496228,
    "p50_snr_tia": 2.044481338937356,
    "ber_ci95": {
      "lo": 0.0,
      "hi": 0.00319111750250199,
      "n_bits": 1200,
      "n_err": 0
    },
    "mean_ber": 0.0
  },
  "path_a": {
    "p50_ber": 0.0,
    "p50_energy_pj": null,
    "window_ns": 8.0,
    "mean_ber": 0.6733333333333339
  },
  "path_b": {
    "p50_ber": 0.6666666666666666,
    "p50_energy_pj": 272.6454119799347,
    "window_ns": 6.7482921935584415,
    "p50_tokens_per_s": 889113842.1254609,
    "p50_snr_emit": 1.56644702440948,
    "p50_snr_pd": 4.025923008416269,
    "p50_snr_tia": 9.999999999999999e+17,
    "calibrated_optical_bias_mW": [
      0.005112677794095966,
      0.004483036588776912,
      0.003384906108375496,
      0.00518711248403525,
      0.006931178315316311,
      0.0036811494505020192
    ],
    "calibrated_optical_trim_final_mW": [
      -0.038431394370016414,
      -0.04244066212222941,
      -0.03947282297068905,
      -0.03805172817568114,
      -0.04154161949582441,
      -0.04169047941623072
    ],
    "calibrated_offset_mV": [
      1110.595703125,
      1104.98046875,
      1097.2900390625,
      1109.9853515625,
      1119.7509765625,
      1095.3369140625
    ],
    "calibrated_vth_mV": [
      40.0,
      40.0,
      40.0,
      40.0,
      40.0,
      40.0
    ],
    "analog_depth": 5,
    "analog_p50_ber": 0.3333333333333333,
    "ber_ci95": {
      "lo": 0.3031609797337014,
      "hi": 0.35626265207965335,
      "n_bits": 1200,
      "n_err": 395
    }
  },
  "path_b_chain": {
    "depth": 5,
    "per_stage_p50_ber_vs_prev": [
      0.5,
      0.0,
      0.0,
      0.16666666666666666,
      0.0
    ],
    "per_stage_p50_ber_vs_initial": [
      0.5,
      0.5,
      0.5,
      0.3333333333333333,
      0.3333333333333333
    ]
  },
  "path_b_sweeps": null,
  "path_b_return_map": {
    "levels": [
      -1,
      0,
      1
    ],
    "stage_slopes": [
      [
        0.24986267256225547,
        0.5876637044154269,
        0.6199687580131156,
        0.6598188464093595,
        0.6347989462873931
      ],
      [
        3.337850266307874,
        1.0436288499059079,
        0.7571461280502196,
        0.8699080093193209,
        0.9329315303588197
      ],
      [
        0.24987563259614665,
        0.5875456740816472,
        0.6203128555416947,
        0.6593171252850629,
        0.6344429620533321
      ]
    ],
    "deadzone_fraction": [
      [
        0.0,
        0.0,
        0.0,
        0.0,
        0.0
      ],
      [
        0.16666666666666666,
        0.16666666666666666,
        0.16666666666666666,
        0.16666666666666666,
        0.3333333333333333
      ],
      [
        0.0,
        0.0,
        0.0,
        0.0,
        0.0
      ]
    ],
    "rail_positive_fraction": [
      [
        0.0,
        0.0,
        0.0,
        0.0,
        0.0
      ],
      [
        0.5,
        0.3333333333333333,
        0.3333333333333333,
        0.41666666666666663,
        0.3333333333333333
      ],
      [
        1.0,
        1.0,
        1.0,
        1.0,
        1.0
      ]
    ],
    "rail_negative_fraction": [
      [
        1.0,
        1.0,
        1.0,
        1.0,
        1.0
      ],
      [
        0.3333333333333333,
        0.3333333333333333,
        0.3333333333333333,
        0.3333333333333333,
        0.3333333333333333
      ],
      [
        0.0,
        0.0,
        0.0,
        0.0,
        0.0
      ]
    ],
    "stage_diff_in": [
      [
        10.164444139546106,
        2.538496918021789,
        1.4918627478103121,
        0.9242899826855334,
        0.6097855232830935
      ],
      [
        0.001966722318454739,
        0.006545271475276948,
        0.005957849457538744,
        0.0051865708245312225,
        0.003945976382443872
      ],
      [
        10.163820164316487,
        2.5385477796499796,
        1.4915453082727113,
        0.9261020434431488,
        0.6100803525755643
      ]
    ],
    "stage_diff_out": [
      [
        2.538496918021789,
        1.4918627478103121,
        0.9242899826855334,
        0.6097855232830935,
        0.387296780104931
      ],
      [
        0.006545271475276948,
        0.005957849457538744,
        0.0051865708245312225,
        0.003945976382443872,
        0.0035284544886179936
      ],
      [
        2.5385477796499796,
        1.4915453082727113,
        0.9261020434431488,
        0.6100803525755643,
        0.3871429047853615
      ]
    ],
    "median_stage_slope": 0.6347989462873931,
    "max_stage_slope": 3.337850266307874,
    "median_diff_in": 0.9242899826855334,
    "median_diff_out": 0.6097855232830935
  },
  "cold_input": null,
  "packs": {
    "emitter": {
      "wavelength_nm": 1550.0,
      "channels": 6,
      "power_mw_per_ch": 12.0,
      "extinction_db": 18.0,
      "rin_dbhz": -140.0,
      "linewidth_hz": 1000000.0,
      "wav_drift_nm_per_C": 0.1,
      "rise_fall_ns_10_90": 8.0,
      "temp_coeff_pct_per_C": 0.15,
      "power_sigma_pct": 4.0,
      "modulation_mode": "pushpull",
      "pushpull_alpha": 0.85,
      "wavelengths_nm": null,
      "channels_per_lambda": null
    },
    "optics": {
      "transmittance": 0.72,
      "w_plus_contrast": 0.85,
      "w_minus_contrast": 0.84,
      "crosstalk_db": -30.0,
      "ct_model": "neighbor",
      "ct_neighbor_db": -30.0,
      "ct_diag_db": -33.0,
      "stray_floor_db": -75.0,
      "psf_kernel": "lorentzian:w=2.5",
      "signal_scale": 1.0,
      "amp_on": true,
      "amp_gain_db": 2.0,
      "amp_ase_sigma": 0.03,
      "sat_abs_on": true,
      "sat_I_sat": 0.6,
      "sat_alpha": 1.2,
      "hard_clip_on": false,
      "hard_clip_sat_mw": 0.1,
      "post_clip_on": false,
      "post_clip_sat_mw": 0.1,
      "speckle_on": false,
      "speckle_sigma": 0.0,
      "speckle_corr_px": 7,
      "tile_border_px": 0,
      "tile_gain_sigma_pct": 0.0,
      "tile_isolation": false,
      "grid_px": 64,
      "ins_loss_db_mean": 0.0,
      "ins_loss_db_sigma": 0.0,
      "pdl_db": 0.0,
      "pdl_step_rad": 0.0,
      "memory_tau_frames": 0.0,
      "reflection_event_db": 0.0,
      "reflection_prob": 0.0,
      "speckle_time_on": false,
      "speckle_time_sigma": 0.0,
      "speckle_time_tau_frames": 0,
      "xgm_on": false,
      "xgm_coeff": 0.0,
      "xpm_on": false,
      "xpm_coeff": 0.0,
      "fwm_on": false,
      "fwm_coeff": 0.0,
      "pol_scrambler_on": false,
      "pol_scramble_every_frames": 0,
      "voa_bits": 0,
      "soa_pattern_alpha": 0.0,
      "mode_mix_matrix": null,
      "soa_on": false,
      "soa_small_signal_gain_db": 3.0,
      "soa_psat_mw": 20.0,
      "soa_noise_figure_db": 6.0,
      "soa_tau_ns": 20.0,
      "soa_alpha": 4.0,
      "mzi_on": false,
      "mzi_gain": 1.0,
      "mzi_sat_mw": 5.0,
      "mzi_hysteresis_mw": 0.05,
      "mzi_bias_step": 0.02,
      "mzi_bias_leak": 0.01,
      "mzi_bias_target_mw": 0.0,
      "servo_on": false,
      "servo_kp": 0.01,
      "servo_ki": 0.0,
      "servo_ref_mw": 0.0,
      "servo_leak": 0.0,
      "servo_max_bias_mw": 5.0,
      "eom_gate_on": false,
      "eom_gate_duty": 0.3,
      "eom_gate_jitter_ps": 5.0,
      "eom_gate_hold_noise_mw": 0.01,
      "eom_gate_hold_leak": 0.05,
      "amp_type": "soa",
      "obpf_bw_nm": 0.5,
      "voa_post_db": 2.0,
      "channels": 0
    },