{
  "config": {
    "trials": 400,
    "seed": 6201,
    "sensitivity": false,
    "vote3": false,
    "repeat": 1,
    "neighbor_ct": false,
    "base_window_ns": 6.0,
    "applied_calibration": true,
    "adaptive_input": false,
    "adaptive_max_frames": 12,
    "adaptive_margin_mV": 0.8,
    "avg_frames": 2,
    "classifier": "chop",
    "mask_bad_channels_req": 0,
    "mask_bad_frac_req": 0.0625,
    "mask_applied_count": 0
  },
  "baseline": {
    "p50_ber": 0.0,
    "p50_energy_pj": 2.802660506061704,
    "window_ns": 4.000057938718566,
    "p50_tokens_per_s": 249996378.88254032,
    "p50_snr_emit": 1.0000047424982538e+18,
    "p50_snr_pd": 385356364195845.75,
    "p50_snr_tia": 9.999999999999999e+17,
    "ber_ci95": {
      "lo": 0.0,
      "hi": 0.018846005918320894,
      "n_bits": 200,
      "n_err": 0
    },
    "mean_ber": 0.0
  },
  "path_a": {
    "p50_ber": 0.0,
    "p50_energy_pj": null,
    "window_ns": 6.0,
    "mean_ber": 0.66
  },
  "path_b": {
    "p50_ber": 1.0,
    "p50_energy_pj": 30.88135034622035,
    "window_ns": 4.749640718571232,
    "p50_tokens_per_s": 210542240.82465252,
    "p50_snr_emit": 1.1144577873940918e+19,
    "p50_snr_pd": 3575538779487845.0,
    "p50_snr_tia": 9.999999999999999e+17,
    "calibrated_optical_bias_mW": [
      0.005097242596331597
    ],
    "calibrated_optical_trim_final_mW": [
      -0.03973524881846957
    ],
    "calibrated_offset_mV": [
      909.5458984375
    ],
    "calibrated_vth_mV": [
      40.0
    ],
    "analog_depth": 5,
    "analog_p50_ber": 0.0,
    "ber_ci95": {
      "lo": 0.2825968690139029,
      "hi": 0.41324539282077655,
      "n_bits": 200,
      "n_err": 69
    }
  },
  "path_b_chain": {
    "depth": 5,
    "per_stage_p50_ber_vs_prev": [
      1.0,
      0.0,
      0.0,
      0.0,
      0.0
    ],
    "per_stage_p50_ber_vs_initial": [
      1.0,
      0.5,
      1.0,
      0.0,
      0.0
    ]
  },
  "path_b_sweeps": null,
  "path_b_return_map": {
    "levels": [
      -1,
      0,
      1
    ],
    "stage_slopes": [
      [
        0.25151879364262286,
        0.6081168992904031,
        0.6229138135195329,
        0.6481288822907698,
        0.6167141482950041
      ],
      [
        3.3207978150831785,
        0.8771575034907049,
        0.7341066765252402,
        0.9030039481006733,
        0.6984859887336465
      ],
      [
        0.2514837028930448,
        0.6078204910079317,
        0.6232533822663506,
        0.6486330395913502,
        0.6158219523729815
      ]
    ],
    "deadzone_fraction": [
      [
        0.0,
        0.0,
        0.0,
        0.0,
        0.0
      ],
      [
        0.0,
        0.0,
        0.0,
        0.0,
        0.0
      ],
      [
        0.0,
        0.0,
        0.0,
        0.0,
        0.0
      ]
    ],
    "rail_positive_fraction": [
      [
        0.0,
        0.0,
        0.0,
        0.0,
        0.0
      ],
      [
        0.0,
        0.0,
        0.0,
        0.0,
        0.0
      ],
      [
        1.0,
        1.0,
        1.0,
        1.0,
        1.0
      ]
    ],
    "rail_negative_fraction": [
      [
        1.0,
        1.0,
        1.0,
        1.0,
        1.0
      ],
      [
        0.0,
        0.0,
        0.0,
        0.0,
        0.0
      ],
      [
        0.0,
        0.0,
        0.0,
        0.0,
        0.0
      ]
    ],
    "stage_diff_in": [
      [
        10.107797673277407,
        2.542298681663781,
        1.5462495804199217,
        0.9632964947222011,
        0.6242927496316172
      ],
      [
        0.0026045361636510833,
        0.007110522458075863,
        0.006760149071470156,
        0.004695725316450794,
        0.004989596448665035
      ],
      [
        10.10927491401634,
        2.5423588153348673,
        1.5452573756344044,
        0.9630870358853646,
        0.6240505310921153
      ]
    ],
    "stage_diff_out": [
      [
        2.542298681663781,
        1.5462495804199217,
        0.9632964947222011,
        0.6242927496316172,
        0.3845702388851819
      ],
      [
        0.007110522458075863,
        0.006760149071470156,
        0.004695725316450794,
        0.004989596448665035,
        0.003148395993687103
      ],
      [
        2.5423588153348673,
        1.5452573756344044,
        0.9630870358853646,
        0.6240505310921153,
        0.38455888759834067
      ]
    ],
    "median_stage_slope": 0.6232533822663506,
    "max_stage_slope": 3.3207978150831785,
    "median_diff_in": 0.9630870358853646,
    "median_diff_out": 0.6240505310921153
  },
  "cold_input": null,
  "packs": {
    "emitter": {
      "wavelength_nm": 1550.0,
      "channels": 1,
      "power_mw_per_ch": 12.0,
      "extinction_db": 18.0,
      "rin_dbhz": -140.0,
      "linewidth_hz": 1000000.0,
      "wav_drift_nm_per_C": 0.1,
      "rise_fall_ns_10_90": 8.0,
      "temp_coeff_pct_per_C": 0.15,
      "power_sigma_pct": 4.0,
      "modulation_mode": "pushpull",
      "pushpull_alpha": 0.85,
      "wavelengths_nm": null,
      "channels_per_lambda": null
    },
    "optics": {
      "transmittance": 0.72,
      "w_plus_contrast": 0.85,
      "w_minus_contrast": 0.84,
      "crosstalk_db": -40.0,
      "ct_model": "neighbor",
      "ct_neighbor_db": -30.0,
      "ct_diag_db": -35.0,
      "stray_floor_db": -80.0,
      "psf_kernel": "none",
      "signal_scale": 1.0,
      "amp_on": true,
      "amp_gain_db": 2.0,
      "amp_ase_sigma": 0.02,
      "sat_abs_on": true,
      "sat_I_sat": 0.5,
      "sat_alpha": 1.2,
      "hard_clip_on": false,
      "hard_clip_sat_mw": 0.1,
      "post_clip_on": false,
      "post_clip_sat_mw": 0.1,
      "speckle_on": false,
      "speckle_sigma": 0.0,
      "speckle_corr_px": 7,
      "tile_border_px": 0,
      "tile_gain_sigma_pct": 0.0,
      "tile_isolation": false,
      "grid_px": 64,
      "ins_loss_db_mean": 0.0,
      "ins_loss_db_sigma": 0.0,
      "pdl_db": 0.0,
      "pdl_step_rad": 0.0,
      "memory_tau_frames": 0.0,
      "reflection_event_db": 0.0,
      "reflection_prob": 0.0,
      "speckle_time_on": false,
      "speckle_time_sigma": 0.0,
      "speckle_time_tau_frames": 0,
      "xgm_on": false,
      "xgm_coeff": 0.0,
      "xpm_on": false,
      "xpm_coeff": 0.0,
      "fwm_on": false,
      "fwm_coeff": 0.0,
      "pol_scrambler_on": false,
      "pol_scramble_every_frames": 0,
      "voa_bits": 0,
      "soa_pattern_alpha": 0.0,
      "mode_mix_matrix": null,
      "soa_on": false,
      "soa_small_signal_gain_db": 3.0,
      "soa_psat_mw": 20.0,
      "soa_noise_figure_db": 6.0,
      "soa_tau_ns": 20.0,
      "soa_alpha": 4.0,
      "mzi_on": false,
      "mzi_gain": 1.0,
      "mzi_sat_mw": 5.0,
      "mzi_hysteresis_mw": 0.05,
      "mzi_bias_step": 0.02,
      "mzi_bias_leak": 0.01,
      "mzi_bias_target_mw": 0.0,
      "servo_on": false,
      "servo_kp": 0.01,
      "servo_ki": 0.0,
      "servo_ref_mw": 0.0,
      "servo_leak": 0.0,
      "servo_max_bias_mw": 5.0,
      "eom_gate_on": false,
      "eom_gate_duty": 0.3,
      "eom_gate_jitter_ps": 5.0,
      "eom_gate_hold_noise_mw": 0.01,
      "eom_gate_hold_leak": 0.05,
      "amp_type": "soa",
      "obpf_bw_nm": 0.5,
      "voa_post_db": 2.0,
      "channels": 0
    },
    "tia": {
      "tia_transimpedance_kohm": 15.0,
      "bw_mhz": 55.0,
      "bw2_mhz": 0.0,
      "in_noise_pA_rthz": 3.6,
      "peaking_q": 0.6,
      "slew_v_per_us": 700.0,
      "adc_bits": 12,
      "adc_fullscale_v": 1.0,
      "adc_read_noise_mV_rms": 0.0,
      "gain_sigma_pct": 1.0
    },
    "comparator": {
      "vth_mV": 5.0,
      "hysteresis_mV": 0.75,
      "input_noise_mV_rms": 0.4,
      "drift_mV_per_C": 0.05,
      "prop_delay_ns": 1.25,
      "prop_jitter_ps_rms": 0.0,
      "saturate_levels": true,
      "vth_sigma_mV": 0.2,
      "metastable_on": false,
      "metastable_width_mV": 0.2,
      "metastable_flip_prob": 0.05
    },
    "clock": {
      "window_ns": 6.0,
      "jitter_ps_rms": 20.0
    }
  },
  "realism": {
    "emitter": {
      "score": 0.76,