{
  "config": {
    "trials": 900,
    "seed": 6236,
    "sensitivity": false,
    "vote3": false,
    "repeat": 1,
    "neighbor_ct": false,
    "base_window_ns": 12.0,
    "applied_calibration": true,
    "adaptive_input": false,
    "adaptive_max_frames": 12,
    "adaptive_margin_mV": 0.8,
    "avg_frames": 2,
    "classifier": "chop",
    "mask_bad_channels_req": 0,
    "mask_bad_frac_req": 0.125,
    "mask_applied_count": 1
  },
  "baseline": {
    "p50_ber": 0.0,
    "p50_energy_pj": 56.05449122814197,
    "window_ns": 10.000257404558196,
    "p50_tokens_per_s": 799979408.1653875,
    "p50_snr_emit": 1.4235191609578313,
    "p50_snr_pd": 1.4249151994348543,
    "p50_snr_tia": 1.903862917277866,
    "ber_ci95": {
      "lo": 0.0,
      "hi": 0.002395249007133871,
      "n_bits": 1600,
      "n_err": 0
    },
    "mean_ber": 0.0
  },
  "path_a": {
    "p50_ber": 0.0,
    "p50_energy_pj": null,
    "window_ns": 12.0,
    "mean_ber": 0.663125
  },
  "path_b": {
    "p50_ber": 0.625,
    "p50_energy_pj": 579.6575499654244,
    "window_ns": 10.749043399363295,
    "p50_tokens_per_s": 744252274.6232347,
    "p50_snr_emit": 1.5163537519479995,
    "p50_snr_pd": 3.8521846608080987,
    "p50_snr_tia": 9.999999999999999e+17,
    "calibrated_optical_bias_mW": [
      0.0037956212988277116,
      0.004947881969940449,
      0.004147498774515146,
      0.005144897852079833,
      0.004325675459202261,
      0.0054422437770140775,
      0.003231424105570646,
      0.00383820609579133
    ],
    "calibrated_optical_trim_final_mW": [
      -0.04094865642378387,
      -0.038953651377630794,
      -0.039254773262482834,
      -0.039028967590078345,
      -0.03760345607868454,
      -0.03845176300574654,
      -0.0380104632833107,
      -0.03941834586274612
    ],
    "calibrated_offset_mV": [
      730.3466796875,
      736.083984375,
      731.4453125,
      730.46875,
      726.806640625,
      756.2255859375,
      702.7587890625,
      730.1025390625
    ],
    "calibrated_vth_mV": [
      40.0,
      40.0,
      40.0,
      40.0,
      40.0,
      40.0,
      40.0,
      40.0
    ],
    "analog_depth": 5,
    "analog_p50_ber": 0.375,
    "ber_ci95": {
      "lo": 0.3159698528374006,
      "hi": 0.36230261496739996,
      "n_bits": 1600,
      "n_err": 542
    }
  },
  "path_b_chain": {
    "depth": 5,
    "per_stage_p50_ber_vs_prev": [
      0.5,
      0.0,
      0.125,
      0.0,
      0.0
    ],
    "per_stage_p50_ber_vs_initial": [
      0.5,
      0.5,
      0.375,
      0.375,
      0.375
    ]
  },
  "path_b_sweeps": null,
  "path_b_return_map": {
    "levels": [
      -1,
      0,
      1
    ],
    "stage_slopes": [
      [
        0.2622545992787615,
        0.5682729528242292,
        0.6378329347998977,
        0.6753467283354586,
        0.6620644872731751
      ],
      [
        2.8080701532931727,
        1.0936805337689472,
        0.9580247069520976,
        0.9584531368166935,
        0.8704630361196303
      ],
      [
        0.2621963277265648,
        0.5686537230430788,
        0.6379740012666126,
        0.675505747446574,
        0.6623530788462672
      ]
    ],
    "deadzone_fraction": [
      [
        0.0,
        0.0,
        0.0,
        0.0,
        0.0
      ],
      [
        0.25,
        0.25,
        0.25,
        0.25,
        0.25
      ],
      [
        0.0,
        0.0,
        0.0,
        0.0,
        0.0
      ]
    ],
    "rail_positive_fraction": [
      [
        0.0,
        0.0,
        0.0,
        0.0,
        0.0
      ],
      [
        0.375,
        0.375,
        0.5,
        0.375,
        0.4375
      ],
      [
        1.0,
        1.0,
        1.0,
        1.0,
        1.0
      ]
    ],
    "rail_negative_fraction": [
      [
        1.0,
        1.0,
        1.0,
        1.0,
        1.0
      ],
      [
        0.375,
        0.25,
        0.25,
        0.3125,
        0.3125
      ],
      [
        0.0,
        0.0,
        0.0,
        0.0,
        0.0
      ]
    ],
    "stage_diff_in": [
      [
        10.187278808505926,
        2.671433438421052,
        1.5179008710282211,
        0.9680213412217465,
        0.6540009845925704
      ],
      [
        0.0016017584215775038,
        0.004458389467303814,
        0.004812082810602192,
        0.0043684575055473185,
        0.004200216114728594
      ],
      [
        10.189028853271967,
        2.671510923123919,
        1.519131195561502,
        0.969202750931055,
        0.6545858476691746
      ]
    ],
    "stage_diff_out": [
      [
        2.671433438421052,
        1.5179008710282211,
        0.9680213412217465,
        0.6540009845925704,
        0.4328226787444496
      ],
      [
        0.004458389467303814,
        0.004812082810602192,
        0.0043684575055473185,
        0.004200216114728594,
        0.0035867457504575873
      ],
      [
        2.671510923123919,
        1.519131195561502,
        0.969202750931055,
        0.6545858476691746,
        0.43334805336393345
      ]
    ],
    "median_stage_slope": 0.6623530788462672,
    "max_stage_slope": 2.8080701532931727,
    "median_diff_in": 0.9680213412217465,
    "median_diff_out": 0.6540009845925704
  },
  "cold_input": null,
  "packs": {
    "emitter": {
      "wavelength_nm": 1550.0,
      "channels": 8,
      "power_mw_per_ch": 12.0,
      "extinction_db": 18.0,
      "rin_dbhz": -140.0,
      "linewidth_hz": 1000000.0,
      "wav_drift_nm_per_C": 0.1,
      "rise_fall_ns_10_90": 8.0,
      "temp_coeff_pct_per_C": 0.15,
      "power_sigma_pct": 4.0,
      "modulation_mode": "pushpull",
      "pushpull_alpha": 0.85,
      "wavelengths_nm": null,
      "channels_per_lambda": null
    },
    "optics": {
      "transmittance": 0.72,
      "w_plus_contrast": 0.85,
      "w_minus_contrast": 0.84,
      "crosstalk_db": -30.0,
      "ct_model": "neighbor",
      "ct_neighbor_db": -30.0,
      "ct_diag_db": -33.0,
      "stray_floor_db": -75.0,
      "psf_kernel": "lorentzian:w=2.5",
      "signal_scale": 1.0,
      "amp_on": true,
      "amp_gain_db": 2.0,
      "amp_ase_sigma": 0.03,
      "sat_abs_on": true,
      "sat_I_sat": 0.6,
      "sat_alpha": 1.2,
      "hard_clip_on": false,
      "hard_clip_sat_mw": 0.1,
      "post_clip_on": false,
      "post_clip_sat_mw": 0.1,
      "speckle_on": false,
      "speckle_sigma": 0.0,
      "speckle_corr_px": 7,
      "tile_border_px": 0,
      "tile_gain_sigma_pct": 0.0,
      "tile_isolation": false,
      "grid_px": 64,
      "ins_loss_db_mean": 0.0,
      "ins_loss_db_sigma": 0.0,
      "pdl_db": 0.0,
      "pdl_step_rad": 0.0,
      "memory_tau_frames": 0.0,
      "reflection_event_db": 0.0,
      "reflection_prob": 0.0,
      "speckle_time_on": false,
      "speckle_time_sigma": 0.0,
      "speckle_time_tau_frames": 0,
      "xgm_on": false,
      "xgm_coeff": 0.0,
      "xpm_on": false,
      "xpm_coeff": 0.0,
      "fwm_on": false,
      "fwm_coeff": 0.0,
      "pol_scrambler_on": false,
      "pol_scramble_every_frames": 0,
      "voa_bits": 0,
      "soa_pattern_alpha": 0.0,
      "mode_mix_matrix": null,
      "soa_on": false,
      "soa_small_signal_gain_db": 3.0,
      "soa_psat_mw": 20.0,
      "soa_noise_figure_db": 6.0,
      "soa_tau_ns": 20.0,
      "soa_alpha": 4.0,
      "mzi_on": false,
      "mzi_gain": 1.0,
      "mzi_sat_mw": 5.0,
      "mzi_hysteresis_mw": 0.05,
      "mzi_bias_step": 0.02,
      "mzi_bias_leak": 0.01,
      "mzi_bias_target_mw": 0.0,
      "servo_on": false,
      "servo_kp": 0.01,
      "servo_ki": 0.0,
      "servo_ref_mw": 0.0,
      "servo_leak": 0.0,
      "servo_max_bias_mw": 5.0,
      "eom_gate_on": false,
      "eom_gate_duty": 0.3,
      "eom_gate_jitter_ps": 5.0,
      "eom_gate_hold_noise_mw": 0.01,
      "eom_gate_hold_leak": 0.05,
      "amp_type": "soa",
      "obpf_bw_nm": 0.5,
      "voa_post_db": 2.0,
      "channels": 0
    },
    "tia": {
      "tia_transimpedance_kohm": 15.0,
      "bw_mhz": 55.0,
      "bw2_mhz": 0.0,
      "in_noise_pA_rthz": 3.6,