{
  "p50_ber": 0.6875,
  "p50_energy_pj": 30.4675255941615,
  "window_ns": 7.998695918382197
}