{
  "config": {
    "trials": 240,
    "seed": 9001,
    "sensitivity": false,
    "vote3": false,
    "repeat": 1,
    "neighbor_ct": false,
    "base_window_ns": 10.0,
    "applied_calibration": true,
    "adaptive_input": false,
    "adaptive_max_frames": 12,
    "adaptive_margin_mV": 0.8,
    "avg_frames": 2,
    "classifier": "chop",
    "mask_bad_channels_req": 0,
    "mask_bad_frac_req": 0.0,
    "mask_applied_count": 0
  },
  "baseline": {
    "p50_ber": 0.0,
    "p50_energy_pj": 179.37915600541132,
    "window_ns": 8.000301672923971,
    "p50_tokens_per_s": 3999849169.225709,
    "p50_snr_emit": 1.3809065019789988,
    "p50_snr_pd": 1.3822589123970297,
    "p50_snr_tia": 1.8583903417167131,
    "mean_ber": 0.0
  },
  "path_a": {
    "p50_ber": 0.0,
    "p50_energy_pj": null,
    "window_ns": 10.0,
    "mean_ber": 0.66765625
  },
  "path_b": {
    "p50_ber": 0.6875,
    "p50_energy_pj": 552.2809475044601,
    "window_ns": 10.0,
    "p50_tokens_per_s": 3657391526.720093,
    "p50_snr_emit": 1.4560289285402352,
    "p50_snr_pd": 2.0361657514308136,
    "p50_snr_tia": 5e+17,
    "calibrated_optical_bias_mW": [
      -4.6481898515073126e-05,
      -9.205394054300441e-05,
      3.1436361171075064e-05,
      -7.456925340744598e-05,
      -7.118743703168873e-05,
      -2.6361197959887984e-05,
      3.9265757523203586e-05,
      -8.472131563908513e-05,
      7.655830907935186e-05,
      -5.3193728925341626e-05,
      -5.7942403751387855e-05,
      -8.310519110874069e-05,
      -6.96789786657089e-06,
      -4.0562573864318e-05,
      -5.3615712518464715e-05,
      -0.00010182024293194938,
      -1.7047145743892826e-05,
      5.605245208229598e-05,
      1.2745976097692352e-05,
      -5.225922768911282e-05,
      1.0756424013777651e-06,
      5.272842970557444e-05,
      6.738811238010461e-05,
      5.95063207610711e-05,
      -5.609991402167225e-05,
      -4.198138673468493e-05,
      1.8840376203126054e-05,
      9.156486744708392e-05,
      1.5415510970540362e-06,
      4.514177374869517e-05,
      -4.516004370447107e-05,
      -4.031929248404114e-05
    ],
    "calibrated_optical_trim_final_mW": [
      -6.64244591089386e-05,
      -6.541048824974899e-05,
      6.295250015000824e-05,
      -7.339814759059203e-05,
      -6.680187288021829e-05,
      -6.333782640638813e-05,
      6.427937587021184e-05,
      -6.68827830299657e-05,
      6.743009165434229e-05,
      -6.334196336041165e-05,
      -6.865890463407745e-05,
      -7.129832849618322e-05,
      -5.7951426612583463e-05,
      -6.782902646879843e-05,
      -7.012388563763982e-05,
      -6.331154544599476e-05,
      -6.176806035383908e-05,
      6.76272104168275e-05,
      6.154378430297408e-05,
      -7.035245916123546e-05,
      4.886762558363184e-05,
      7.43942393935227e-05,
      7.074862811875827e-05,
      6.305699907532025e-05,
      -6.636536020383175e-05,
      -6.523222032459514e-05,
      6.427840480750113e-05,
      7.049379878307682e-05,
      4.813556600215917e-05,
      6.539064178439408e-05,
      -6.576289298685267e-05,
      -6.532520504800184e-05
    ],
    "calibrated_offset_mV": [
      -0.6103515625,
      -0.48828125,
      1.46484375,
      -0.9765625,
      -0.6103515625,
      -0.1220703125,
      1.708984375,
      -0.9765625,
      2.44140625,
      -0.244140625,
      -0.6103515625,
      -0.6103515625,
      0.244140625,
      -0.48828125,
      0.0,
      -1.46484375,
      0.0,
      1.708984375,
      1.0986328125,
      -0.6103515625,
      0.732421875,
      2.3193359375,
      2.44140625,
      1.953125,
      -0.48828125,
      -0.6103515625,
      1.46484375,
      2.3193359375,
      0.9765625,
      1.5869140625,
      0.0,
      -0.6103515625
    ],
    "calibrated_vth_mV": [
      1.0,
      1.0,
      1.0,
      1.0,
      1.0,
      1.0,
      1.0,
      1.0,
      1.220703125,
      1.0,
      1.0,
      1.0,
      1.0,
      1.0,
      1.0,
      1.0,
      1.0,
      1.0,
      1.0,
      1.0,
      1.0,
      1.15966796875,
      1.220703125,
      1.0,
      1.0,
      1.0,
      1.0,
      1.15966796875,
      1.0,
      1.0,
      1.0,
      1.0
    ],
    "analog_depth": 5,
    "analog_p50_ber": 0.125,
    "sparse_active_k": 8,
    "eval_active_only": true,
    "tdm_micro_passes": 20,
    "tdm_symbol_time_ns": 200.0,
    "tdm_symbols_per_s": 5000000.0
  },
  "path_b_chain": {
    "depth": 5,
    "per_stage_p50_ber_vs_prev": [
      0.0,
      0.15625,
      0.09375,
      0.0,
      0.0
    ],
    "per_stage_p50_ber_vs_initial": [
      0.0,
      0.15625,
      0.25,
      0.25,
      0.25
    ]
  },
  "path_b_sweeps": null,
  "path_b_return_map": null,
  "cold_input": null,
  "packs": {
    "emitter": {
      "wavelength_nm": 1550.0,
      "channels": 32,
      "power_mw_per_ch": 12.0,
      "extinction_db": 18.0,
      "rin_dbhz": -140.0,
      "linewidth_hz": 1000000.0,
      "wav_drift_nm_per_C": 0.1,
      "rise_fall_ns_10_90": 8.0,
      "temp_coeff_pct_per_C": 0.15,
      "power_sigma_pct": 4.0,
      "modulation_mode": "pushpull",
      "pushpull_alpha": 0.85,
      "wavelengths_nm": null,
      "channels_per_lambda": null
    },
    "optics": {
      "transmittance": 0.72,
      "w_plus_contrast": 0.85,
      "w_minus_contrast": 0.84,
      "crosstalk_db": -30.0,
      "ct_model": "neighbor",
      "ct_neighbor_db": -30.0,
      "ct_diag_db": -33.0,
      "stray_floor_db": -70.0,
      "psf_kernel": "none",
      "signal_scale": 1.0,
      "amp_on": true,
      "amp_gain_db": 2.0,
      "amp_ase_sigma": 0.03,
      "sat_abs_on": true,
      "sat_I_sat": 1.4,
      "sat_alpha": 0.7,
      "hard_clip_on": false,
      "hard_clip_sat_mw": 0.1,
      "post_clip_on": false,
      "post_clip_sat_mw": 0.1,
      "speckle_on": false,
      "speckle_sigma": 0.0,
      "speckle_corr_px": 7,
      "tile_border_px": 0,
      "tile_gain_sigma_pct": 0.0,
      "tile_isolation": false,
      "grid_px": 0,
      "ins_loss_db_mean": 0.5,
      "ins_loss_db_sigma": 0.5,
      "pdl_db": 0.4,
      "pdl_step_rad": 0.05,
      "memory_tau_frames": 0.0,
      "reflection_event_db": 28.0,
      "reflection_prob": 0.08,
      "speckle_time_on": true,
      "speckle_time_sigma": 0.1,
      "speckle_time_tau_frames": 12,
      "xgm_on": false,
      "xgm_coeff": 0.0,
      "xpm_on": false,
      "xpm_coeff": 0.0,
      "fwm_on": false,
      "fwm_coeff": 0.0,
      "pol_scrambler_on": false,
      "pol_scramble_every_frames": 0,
      "voa_bits": 0,
      "soa_pattern_alpha": 0.0,
      "mode_mix_matrix": null,
      "soa_on": false,
      "soa_small_signal_gain_db": 0.0,
      "soa_psat_mw": 10.0,
      "soa_noise_figure_db": 6.0,
      "soa_tau_ns": 0.5,
      "soa_alpha": 4.0,
      "mzi_on": false,
      "mzi_gain": 1.0,
      "mzi_sat_mw": 5.0,
      "mzi_hysteresis_mw": 0.05,
      "mzi_bias_step": 0.02,
      "mzi_bias_leak": 0.01,
      "mzi_bias_target_mw": 0.0,
      "servo_on": false,
      "servo_kp": 0.01,
      "servo_ki": 0.0,
      "servo_ref_mw": 0.0,
      "servo_leak": 0.0,
      "servo_max_bias_mw": 5.0,
      "eom_gate_on": false,
      "eom_gate_duty": 0.3,
      "eom_gate_jitter_ps": 5.0,
      "eom_gate_hold_noise_mw": 0.01,
      "eom_gate_hold_leak": 0.05,
      "amp_type": "soa",
      "obpf_bw_nm": 0.5,
      "voa_post_db": 2.0,
      "channels": 0
    },
    "tia": {
      "tia_transimpedance_kohm": 15.0,
      "bw_mhz": 55.0,
      "bw2_mhz": 0.0,
      "in_noise_pA_rthz": 3.6,
      "peaking_q": 0.6,
      "slew_v_per_us": 700.0,
      "adc_bits": 12,
      "adc_fullscale_v": 1.0,
      "adc_read_noise_mV_rms": 0.0,
      "gain_sigma_pct": 1.0
    },
    "comparator": {
      "vth_mV": 5.0,
      "hysteresis_mV": 0.75,
      "input_noise_mV_rms": 0.4,
      "drift_mV_per_C": 0.05,
      "prop_delay_ns": 1.25,
      "prop_jitter_ps_rms": 0.0,
      "saturate_levels": true,
      "vth_sigma_mV": 0.2,
      "metastable_on": false,
      "metastable_width_mV": 0.2,
      "metastable_flip_prob": 0.05
    },