{
  "config": {
    "trials": 240,
    "seed": 20031,
    "sensitivity": false,
    "vote3": false,
    "repeat": 1,
    "neighbor_ct": false,
    "base_window_ns": 10.0,
    "applied_calibration": true,
    "adaptive_input": false,
    "adaptive_max_frames": 12,
    "adaptive_margin_mV": 0.8,
    "avg_frames": 2,
    "classifier": "chop",
    "mask_bad_channels_req": 0,
    "mask_bad_frac_req": 0.0,
    "mask_applied_count": 0
  },
  "baseline": {
    "p50_ber": 0.0,
    "p50_energy_pj": 179.3860462251376,
    "window_ns": 8.000757723690802,
    "p50_tokens_per_s": 3999621174.035275,
    "p50_snr_emit": 1.3726312827737823,
    "p50_snr_pd": 1.3739432945195649,
    "p50_snr_tia": 1.8469724828040168,
    "mean_ber": 0.0
  },
  "path_a": {
    "p50_ber": 0.0,
    "p50_energy_pj": null,
    "window_ns": 10.0,
    "mean_ber": 0.67109375
  },
  "path_b": {
    "p50_ber": 0.65625,
    "p50_energy_pj": 1699.648865875751,
    "window_ns": 10.0,
    "p50_tokens_per_s": 3657571261.561724,
    "p50_snr_emit": 1.4691236672448698,
    "p50_snr_pd": 3.760006390980454,
    "p50_snr_tia": 9.999999999999999e+17,
    "calibrated_optical_bias_mW": [
      0.0012153026475766326,
      0.003453035375085456,
      0.0026468416187968025,
      0.002919666391910325,
      0.00271975482537834,
      0.003355718094645299,
      0.002783016015196371,
      0.00251260623022298,
      0.0035967970919890124,
      0.0024434943042965784,
      0.002279013952499076,
      0.002314337006132483,
      0.0017410096884087345,
      0.003375575752763149,
      0.00290561378751919,
      0.0035307526604354544,
      0.0031402106378486394,
      0.003237154219388305,
      0.003064583668456855,
      0.0023255784115225886,
      0.002651903539973466,
      0.0023734485428376084,
      0.004019086395827487,
      0.003685829973477883,
      0.0024194748611424677,
      0.002451934054314875,
      0.0029842589112645257,
      0.001989081545570537,
      0.0023746032484239787,
      0.0030383213379077123,
      0.003185929189837733,
      0.003219557069593315
    ],
    "calibrated_optical_trim_final_mW": [
      -0.04860540898740037,
      -0.046502404416895016,
      -0.05069762777040418,
      -0.04669246009625996,
      -0.04690270340333119,
      -0.048453379888616505,
      -0.046788332155965645,
      -0.04793346143723591,
      -0.053682839790713824,
      -0.04684218005186595,
      -0.0465291154868996,
      -0.051448816119614355,
      -0.05530332942861854,
      -0.047566189495055894,
      -0.0450912972574449,
      -0.04761248923879796,
      -0.04428974854380702,
      -0.04584148963960806,
      -0.04767343062531543,
      -0.048503936568163125,
      -0.04626248479270048,
      -0.04749909408061992,
      -0.04316669664051885,
      -0.04472919615343576,
      -0.05068761959147659,
      -0.04162059771636947,
      -0.05143114935654172,
      -0.046096604309857014,
      -0.04656962019217399,
      -0.051016243852061494,
      -0.044475703535608965,
      -0.052294642467310345
    ],
    "calibrated_offset_mV": [
      326.7822265625,
      357.2998046875,
      336.181640625,
      344.8486328125,
      332.1533203125,
      363.037109375,
      354.1259765625,
      337.646484375,
      357.177734375,
      342.8955078125,
      332.275390625,
      351.318359375,
      337.0361328125,
      344.3603515625,
      353.271484375,
      365.72265625,
      353.515625,
      367.431640625,
      338.7451171875,
      339.35546875,
      346.3134765625,
      344.23828125,
      361.572265625,
      355.224609375,
      343.1396484375,
      342.041015625,
      351.9287109375,
      346.19140625,
      340.9423828125,
      342.7734375,
      364.990234375,
      354.98046875
    ],
    "calibrated_vth_mV": [
      40.0,
      40.0,
      40.0,
      40.0,
      40.0,
      40.0,
      40.0,
      40.0,
      40.0,
      40.0,
      40.0,
      40.0,
      40.0,
      40.0,
      40.0,
      40.0,
      40.0,
      40.0,
      40.0,
      40.0,
      40.0,
      40.0,
      40.0,
      40.0,
      40.0,
      40.0,
      40.0,
      40.0,
      40.0,
      40.0,
      40.0,
      40.0
    ],
    "analog_depth": 5,
    "analog_p50_ber": 0.0625,
    "sparse_active_k": 16,
    "eval_active_only": true,
    "tdm_micro_passes": 10,
    "tdm_symbol_time_ns": 100.0,
    "tdm_symbols_per_s": 10000000.0,
    "tdm_pj_per_symbol_est": 16996.48865875751
  },
  "path_b_chain": {
    "depth": 5,
    "per_stage_p50_ber_vs_prev": [
      0.53125,
      0.125,
      0.03125,
      0.03125,
      0.0625
    ],
    "per_stage_p50_ber_vs_initial": [
      0.53125,
      0.46875,
      0.5,
      0.5,
      0.5
    ]
  },
  "path_b_sweeps": null,
  "path_b_return_map": null,
  "cold_input": null,
  "packs": {
    "emitter": {
      "wavelength_nm": 1550.0,
      "channels": 32,
      "power_mw_per_ch": 12.0,
      "extinction_db": 18.0,
      "rin_dbhz": -140.0,
      "linewidth_hz": 1000000.0,
      "wav_drift_nm_per_C": 0.1,
      "rise_fall_ns_10_90": 8.0,
      "temp_coeff_pct_per_C": 0.15,
      "power_sigma_pct": 4.0,
      "modulation_mode": "pushpull",
      "pushpull_alpha": 0.85,
      "wavelengths_nm": null,
      "channels_per_lambda": null
    },
    "optics": {
      "transmittance": 0.72,
      "w_plus_contrast": 0.85,
      "w_minus_contrast": 0.84,
      "crosstalk_db": -30.0,
      "ct_model": "neighbor",
      "ct_neighbor_db": -30.0,
      "ct_diag_db": -33.0,
      "stray_floor_db": -70.0,
      "psf_kernel": "none",
      "signal_scale": 1.0,
      "amp_on": true,
      "amp_gain_db": 2.0,
      "amp_ase_sigma": 0.03,
      "sat_abs_on": true,
      "sat_I_sat": 0.6,
      "sat_alpha": 1.2,
      "hard_clip_on": false,
      "hard_clip_sat_mw": 0.1,
      "post_clip_on": false,
      "post_clip_sat_mw": 0.1,
      "speckle_on": false,
      "speckle_sigma": 0.0,
      "speckle_corr_px": 7,
      "tile_border_px": 0,
      "tile_gain_sigma_pct": 0.0,
      "tile_isolation": false,
      "grid_px": 0,
      "ins_loss_db_mean": 0.5,
      "ins_loss_db_sigma": 0.5,
      "pdl_db": 0.4,
      "pdl_step_rad": 0.05,
      "memory_tau_frames": 0.0,
      "reflection_event_db": 28.0,
      "reflection_prob": 0.08,
      "speckle_time_on": true,
      "speckle_time_sigma": 0.1,
      "speckle_time_tau_frames": 12,
      "xgm_on": false,
      "xgm_coeff": 0.0,
      "xpm_on": false,
      "xpm_coeff": 0.0,
      "fwm_on": false,
      "fwm_coeff": 0.0,
      "pol_scrambler_on": false,
      "pol_scramble_every_frames": 0,
      "voa_bits": 0,
      "soa_pattern_alpha": 0.0,
      "mode_mix_matrix": null,
      "soa_on": false,
      "soa_small_signal_gain_db": 3.0,
      "soa_psat_mw": 20.0,
      "soa_noise_figure_db": 6.0,
      "soa_tau_ns": 20.0,
      "soa_alpha": 4.0,
      "mzi_on": false,
      "mzi_gain": 1.0,
      "mzi_sat_mw": 5.0,
      "mzi_hysteresis_mw": 0.05,
      "mzi_bias_step": 0.02,
      "mzi_bias_leak": 0.01,
      "mzi_bias_target_mw": 0.0,
      "servo_on": false,
      "servo_kp": 0.01,
      "servo_ki": 0.0,
      "servo_ref_mw": 0.0,
      "servo_leak": 0.0,
      "servo_max_bias_mw": 5.0,
      "eom_gate_on": false,
      "eom_gate_duty": 0.3,
      "eom_gate_jitter_ps": 5.0,
      "eom_gate_hold_noise_mw": 0.01,
      "eom_gate_hold_leak": 0.05,
      "amp_type": "soa",
      "obpf_bw_nm": 0.5,
      "voa_post_db": 2.0,
      "channels": 0
    },
    "tia": {
      "tia_transimpedance_kohm": 15.0,
      "bw_mhz": 55.0,
      "bw2_mhz": 0.0,
      "in_noise_pA_rthz": 3.6,
      "peaking_q": 0.6,
      "slew_v_per_us": 700.0,
      "adc_bits": 12,
      "adc_fullscale_v": 1.0,
      "adc_read_noise_mV_rms": 0.0,
      "gain_sigma_pct": 1.0
    },
    "comparator": {
      "vth_mV": 5.0,
      "hysteresis_mV": 0.75,
      "input_noise_mV_rms": 0.4,
      "drift_mV_per_C": 0.05,
      "prop_delay_ns": 1.25,
      "prop_jitter_ps_rms": 0.0,
      "saturate_levels": true,
      "vth_sigma_mV": 0.2,
      "metastable_on": false,