{
  "config": {
    "trials": 240,
    "seed": 15003,
    "sensitivity": false,
    "vote3": false,
    "repeat": 1,
    "neighbor_ct": false,
    "base_window_ns": 10.0,
    "applied_calibration": true,
    "adaptive_input": false,
    "adaptive_max_frames": 12,
    "adaptive_margin_mV": 0.8,
    "avg_frames": 2,
    "classifier": "chop",
    "mask_bad_channels_req": 0,
    "mask_bad_frac_req": 0.0,
    "mask_applied_count": 0
  },
  "baseline": {
    "p50_ber": 0.0,
    "p50_energy_pj": 179.36566631153806,
    "window_ns": 7.999883109379941,
    "p50_tokens_per_s": 4000058446.1640053,
    "p50_snr_emit": 1.3726274806782042,
    "p50_snr_pd": 1.3739555917583326,
    "p50_snr_tia": 1.846534871604513,
    "mean_ber": 0.0
  },
  "path_a": {
    "p50_ber": 0.0,
    "p50_energy_pj": null,
    "window_ns": 10.0,
    "mean_ber": 0.678125
  },
  "path_b": {
    "p50_ber": 0.65625,
    "p50_energy_pj": 518.4157733289511,
    "window_ns": 10.0,
    "p50_tokens_per_s": 3656678370.3072767,
    "p50_snr_emit": 1.458000769003301,
    "p50_snr_pd": 2.0944821478357127,
    "p50_snr_tia": 5e+17,
    "calibrated_optical_bias_mW": [
      -3.520489288517351e-05,
      -8.800458320846322e-05,
      -6.339876675236331e-05,
      -2.5359115715936154e-06,
      1.6838350783089564e-05,
      -7.512475626998715e-06,
      6.311063981283011e-05,
      -6.1501066671391e-05,
      -6.99532289417773e-05,
      2.4566807074442496e-05,
      -6.846713710074049e-05,
      9.38477632532941e-06,
      -1.2309877163669777e-05,
      -5.050957321057429e-06,
      7.527403055150822e-05,
      9.443951526572417e-08,
      -1.9947844956302277e-05,
      6.586584852250011e-06,
      -5.2915011734930685e-05,
      4.979679829307559e-05,
      -8.089813194492779e-05,
      -7.678195337236884e-05,
      -6.212088395188557e-05,
      -6.726301399883759e-06,
      -1.6207636653039928e-05,
      4.5018257242362796e-05,
      8.623175390163728e-05,
      4.061463277477812e-05,
      -5.0579717143256595e-05,
      -1.7517843176455294e-05,
      -7.561744967839396e-05,
      -9.187011841465436e-06
    ],
    "calibrated_optical_trim_final_mW": [
      -6.602470058521812e-05,
      -6.65090835995365e-05,
      -6.439319368345195e-05,
      -5.46492740339683e-05,
      6.173781696311242e-05,
      -6.63261204370053e-05,
      6.876950265674792e-05,
      -6.432315264463197e-05,
      -6.451829963657421e-05,
      6.437306518155387e-05,
      -6.296809723486352e-05,
      5.796155259222519e-05,
      -6.255104574719668e-05,
      -6.206007009072672e-05,
      6.551440966204358e-05,
      3.7849794112422863e-06,
      -6.58099208515266e-05,
      5.754888136818404e-05,
      -6.271563224158377e-05,
      6.531470420840125e-05,
      -6.461846598375736e-05,
      -6.598350862560937e-05,
      -6.243667682599699e-05,
      -5.780267690211635e-05,
      -6.444629492165075e-05,
      6.654905789715176e-05,
      7.062616379188196e-05,
      6.552745626585418e-05,
      -6.777239747283155e-05,
      -6.722691195234422e-05,
      -6.664179406869025e-05,
      -5.901106015611206e-05
    ],
    "calibrated_offset_mV": [
      -0.244140625,
      -0.9765625,
      -0.3662109375,
      0.3662109375,
      1.46484375,
      0.244140625,
      2.44140625,
      -0.9765625,
      -0.8544921875,
      1.5869140625,
      -0.8544921875,
      0.9765625,
      0.244140625,
      0.244140625,
      2.3193359375,
      0.48828125,
      -0.244140625,
      0.9765625,
      -0.6103515625,
      1.953125,
      -0.8544921875,
      -0.9765625,
      -0.8544921875,
      0.0,
      -0.244140625,
      1.46484375,
      2.197265625,
      1.5869140625,
      -0.48828125,
      0.1220703125,
      -0.732421875,
      0.48828125
    ],
    "calibrated_vth_mV": [
      1.0,
      1.0,
      1.0,
      1.0,
      1.0,
      1.0,
      1.220703125,
      1.0,
      1.0,
      1.0,
      1.0,
      1.0,
      1.0,
      1.0,
      1.15966796875,
      1.0,
      1.0,
      1.0,
      1.0,
      1.0,
      1.0,
      1.0,
      1.0,
      1.0,
      1.0,
      1.0,
      1.0986328125,
      1.0,
      1.0,
      1.0,
      1.0,
      1.0
    ],
    "analog_depth": 5,
    "analog_p50_ber": 0.125,
    "sparse_active_k": 8,
    "eval_active_only": true,
    "tdm_micro_passes": 20,
    "tdm_symbol_time_ns": 200.0,
    "tdm_symbols_per_s": 5000000.0
  },
  "path_b_chain": {
    "depth": 5,
    "per_stage_p50_ber_vs_prev": [
      0.0,
      0.15625,
      0.09375,
      0.0,
      0.0
    ],
    "per_stage_p50_ber_vs_initial": [
      0.0,
      0.15625,
      0.25,
      0.25,
      0.25
    ]
  },
  "path_b_sweeps": null,
  "path_b_return_map": null,
  "cold_input": null,
  "packs": {
    "emitter": {
      "wavelength_nm": 1550.0,
      "channels": 32,
      "power_mw_per_ch": 12.0,
      "extinction_db": 18.0,
      "rin_dbhz": -140.0,
      "linewidth_hz": 1000000.0,
      "wav_drift_nm_per_C": 0.1,
      "rise_fall_ns_10_90": 8.0,
      "temp_coeff_pct_per_C": 0.15,
      "power_sigma_pct": 4.0,
      "modulation_mode": "pushpull",
      "pushpull_alpha": 0.85,
      "wavelengths_nm": null,
      "channels_per_lambda": null
    },
    "optics": {
      "transmittance": 0.72,
      "w_plus_contrast": 0.85,
      "w_minus_contrast": 0.84,
      "crosstalk_db": -30.0,
      "ct_model": "neighbor",
      "ct_neighbor_db": -30.0,
      "ct_diag_db": -33.0,
      "stray_floor_db": -70.0,
      "psf_kernel": "none",
      "signal_scale": 1.0,
      "amp_on": true,
      "amp_gain_db": 2.0,
      "amp_ase_sigma": 0.03,
      "sat_abs_on": true,
      "sat_I_sat": 1.4,
      "sat_alpha": 0.7,
      "hard_clip_on": false,
      "hard_clip_sat_mw": 0.1,
      "post_clip_on": false,
      "post_clip_sat_mw": 0.1,
      "speckle_on": false,
      "speckle_sigma": 0.0,
      "speckle_corr_px": 7,
      "tile_border_px": 0,
      "tile_gain_sigma_pct": 0.0,
      "tile_isolation": false,
      "grid_px": 0,
      "ins_loss_db_mean": 0.5,
      "ins_loss_db_sigma": 0.5,
      "pdl_db": 0.4,
      "pdl_step_rad": 0.05,
      "memory_tau_frames": 0.0,
      "reflection_event_db": 28.0,
      "reflection_prob": 0.08,
      "speckle_time_on": true,
      "speckle_time_sigma": 0.1,
      "speckle_time_tau_frames": 12,
      "xgm_on": false,
      "xgm_coeff": 0.0,
      "xpm_on": false,
      "xpm_coeff": 0.0,
      "fwm_on": false,
      "fwm_coeff": 0.0,
      "pol_scrambler_on": false,
      "pol_scramble_every_frames": 0,
      "voa_bits": 0,
      "soa_pattern_alpha": 0.0,
      "mode_mix_matrix": null,
      "soa_on": false,
      "soa_small_signal_gain_db": 0.0,
      "soa_psat_mw": 10.0,
      "soa_noise_figure_db": 6.0,
      "soa_tau_ns": 0.5,
      "soa_alpha": 4.0,
      "mzi_on": false,
      "mzi_gain": 1.0,
      "mzi_sat_mw": 5.0,
      "mzi_hysteresis_mw": 0.05,
      "mzi_bias_step": 0.02,
      "mzi_bias_leak": 0.01,
      "mzi_bias_target_mw": 0.0,
      "servo_on": false,
      "servo_kp": 0.01,
      "servo_ki": 0.0,
      "servo_ref_mw": 0.0,
      "servo_leak": 0.0,
      "servo_max_bias_mw": 5.0,
      "eom_gate_on": false,
      "eom_gate_duty": 0.3,
      "eom_gate_jitter_ps": 5.0,
      "eom_gate_hold_noise_mw": 0.01,
      "eom_gate_hold_leak": 0.05,
      "amp_type": "soa",
      "obpf_bw_nm": 0.5,
      "voa_post_db": 2.0,
      "channels": 0
    },
    "tia": {
      "tia_transimpedance_kohm": 15.0,
      "bw_mhz": 55.0,
      "bw2_mhz": 0.0,
      "in_noise_pA_rthz": 3.6,
      "peaking_q": 0.6,
      "slew_v_per_us": 700.0,
      "adc_bits": 12,
      "adc_fullscale_v": 1.0,
      "adc_read_noise_mV_rms": 0.0,
      "gain_sigma_pct": 1.0
    },
    "comparator": {
      "vth_mV": 5.0,
      "hysteresis_mV": 0.75,
      "input_noise_mV_rms": 0.4,
      "drift_mV_per_C": 0.05,
      "prop_delay_ns": 1.25,
      "prop_jitter_ps_rms": 0.0,
      "saturate_levels": true,
      "vth_sigma_mV": 0.2,
      "metastable_on": false,
      "metastable_width_mV": 0.2,
      "metastable_flip_prob": 0.05
    },