{
  "config": {
    "trials": 240,
    "seed": 15004,
    "sensitivity": false,
    "vote3": false,
    "repeat": 1,
    "neighbor_ct": false,
    "base_window_ns": 10.0,
    "applied_calibration": true,
    "adaptive_input": false,
    "adaptive_max_frames": 12,
    "adaptive_margin_mV": 0.8,
    "avg_frames": 2,
    "classifier": "chop",
    "mask_bad_channels_req": 0,
    "mask_bad_frac_req": 0.0,
    "mask_applied_count": 0
  },
  "baseline": {
    "p50_ber": 0.0,
    "p50_energy_pj": 179.38663729149619,
    "window_ns": 8.000655715437755,
    "p50_tokens_per_s": 3999672169.151591,
    "p50_snr_emit": 1.3725910945747648,
    "p50_snr_pd": 1.3738748600102686,
    "p50_snr_tia": 1.8457209228641944,
    "mean_ber": 0.0
  },
  "path_a": {
    "p50_ber": 0.0,
    "p50_energy_pj": null,
    "window_ns": 10.0,
    "mean_ber": 0.66828125
  },
  "path_b": {
    "p50_ber": 0.65625,
    "p50_energy_pj": 577.7123197590613,
    "window_ns": 10.0,
    "p50_tokens_per_s": 3656900522.120107,
    "p50_snr_emit": 1.4682373903008434,
    "p50_snr_pd": 1.974693851741598,
    "p50_snr_tia": 5e+17,
    "calibrated_optical_bias_mW": [
      4.973594438747856e-05,
      -7.42617693012856e-05,
      4.0817495580587376e-05,
      2.1744798348891526e-05,
      9.759138723643569e-05,
      7.37789932854497e-05,
      9.02823374711719e-05,
      8.328319354147806e-05,
      -1.7998498751161437e-05,
      9.471904078680194e-05,
      3.504513094999514e-05,
      -9.271151453020196e-05,
      -7.105984114046343e-05,
      -8.014164548325467e-05,
      -7.581483954341851e-05,
      -2.906807914248579e-05,
      -1.207836938442691e-05,
      -1.7843674968192474e-05,
      5.9757005624184946e-05,
      9.013033302300393e-05,
      7.684652672975854e-05,
      -7.811599245867397e-05,
      -4.7047324689184974e-05,
      3.960990171529685e-05,
      3.227608417618753e-05,
      -6.388615747722883e-05,
      3.642234019044985e-05,
      -7.393009423268138e-05,
      4.190558785508976e-05,
      5.034794245880171e-05,
      4.80038824878118e-05,
      4.948991548211991e-05
    ],
    "calibrated_optical_trim_final_mW": [
      6.656441619158333e-05,
      -7.824635078173878e-05,
      7.044796557822478e-05,
      6.919551716061998e-05,
      6.997789502470817e-05,
      6.62137084832614e-05,
      7.047495922795502e-05,
      7.044111220234886e-05,
      -7.195866388289547e-05,
      6.993804364133499e-05,
      6.86940938517665e-05,
      -7.42152589476574e-05,
      -7.646789317895563e-05,
      -6.961564950902236e-05,
      -7.364365956056613e-05,
      -6.806495487775622e-05,
      -6.679509836413181e-05,
      -6.454564874083911e-05,
      6.527556283083699e-05,
      7.224965937160745e-05,
      6.325342609662458e-05,
      -8.00612209874813e-05,
      -7.291629902821924e-05,
      6.741866327430367e-05,
      6.915630963398185e-05,
      -7.310003548787356e-05,
      6.710533436883427e-05,
      -7.783450057789676e-05,
      6.82890650385711e-05,
      6.758399345319963e-05,
      7.431524597838543e-05,
      6.653783028034876e-05
    ],
    "calibrated_offset_mV": [
      1.46484375,
      -0.8544921875,
      1.953125,
      1.5869140625,
      2.3193359375,
      1.8310546875,
      2.44140625,
      1.953125,
      -0.244140625,
      2.44140625,
      1.46484375,
      -0.732421875,
      -0.48828125,
      -0.732421875,
      -0.732421875,
      -0.1220703125,
      0.244140625,
      0.0,
      1.953125,
      2.44140625,
      1.708984375,
      -0.9765625,
      -0.732421875,
      1.708984375,
      1.46484375,
      -0.48828125,
      1.46484375,
      -0.6103515625,
      1.708984375,
      1.46484375,
      1.953125,
      2.0751953125
    ],
    "calibrated_vth_mV": [
      1.0,
      1.0,
      1.0,
      1.0,
      1.15966796875,
      1.0,
      1.220703125,
      1.0,
      1.0,
      1.220703125,
      1.0,
      1.0,
      1.0,
      1.0,
      1.0,
      1.0,
      1.0,
      1.0,
      1.0,
      1.220703125,
      1.0,
      1.0,
      1.0,
      1.0,
      1.0,
      1.0,
      1.0,
      1.0,
      1.0,
      1.0,
      1.0,
      1.03759765625
    ],
    "analog_depth": 5,
    "analog_p50_ber": 0.1875,
    "sparse_active_k": 16,
    "eval_active_only": true,
    "tdm_micro_passes": 10,
    "tdm_symbol_time_ns": 100.0,
    "tdm_symbols_per_s": 10000000.0
  },
  "path_b_chain": {
    "depth": 5,
    "per_stage_p50_ber_vs_prev": [
      0.0,
      0.28125,
      0.1875,
      0.0,
      0.0
    ],
    "per_stage_p50_ber_vs_initial": [
      0.0,
      0.28125,
      0.5,
      0.5,
      0.5
    ]
  },
  "path_b_sweeps": null,
  "path_b_return_map": null,
  "cold_input": null,
  "packs": {
    "emitter": {
      "wavelength_nm": 1550.0,
      "channels": 32,
      "power_mw_per_ch": 12.0,
      "extinction_db": 18.0,
      "rin_dbhz": -140.0,
      "linewidth_hz": 1000000.0,
      "wav_drift_nm_per_C": 0.1,
      "rise_fall_ns_10_90": 8.0,
      "temp_coeff_pct_per_C": 0.15,
      "power_sigma_pct": 4.0,
      "modulation_mode": "pushpull",
      "pushpull_alpha": 0.85,
      "wavelengths_nm": null,
      "channels_per_lambda": null
    },
    "optics": {
      "transmittance": 0.72,
      "w_plus_contrast": 0.85,
      "w_minus_contrast": 0.84,
      "crosstalk_db": -30.0,
      "ct_model": "neighbor",
      "ct_neighbor_db": -30.0,
      "ct_diag_db": -33.0,
      "stray_floor_db": -70.0,
      "psf_kernel": "none",
      "signal_scale": 1.0,
      "amp_on": true,
      "amp_gain_db": 2.0,
      "amp_ase_sigma": 0.03,
      "sat_abs_on": true,
      "sat_I_sat": 1.4,
      "sat_alpha": 0.7,
      "hard_clip_on": false,
      "hard_clip_sat_mw": 0.1,
      "post_clip_on": false,
      "post_clip_sat_mw": 0.1,
      "speckle_on": false,
      "speckle_sigma": 0.0,
      "speckle_corr_px": 7,
      "tile_border_px": 0,
      "tile_gain_sigma_pct": 0.0,
      "tile_isolation": false,
      "grid_px": 0,
      "ins_loss_db_mean": 0.5,
      "ins_loss_db_sigma": 0.5,
      "pdl_db": 0.4,
      "pdl_step_rad": 0.05,
      "memory_tau_frames": 0.0,
      "reflection_event_db": 28.0,
      "reflection_prob": 0.08,
      "speckle_time_on": true,
      "speckle_time_sigma": 0.1,
      "speckle_time_tau_frames": 12,
      "xgm_on": false,
      "xgm_coeff": 0.0,
      "xpm_on": false,
      "xpm_coeff": 0.0,
      "fwm_on": false,
      "fwm_coeff": 0.0,
      "pol_scrambler_on": false,
      "pol_scramble_every_frames": 0,
      "voa_bits": 0,
      "soa_pattern_alpha": 0.0,
      "mode_mix_matrix": null,
      "soa_on": false,
      "soa_small_signal_gain_db": 0.0,
      "soa_psat_mw": 10.0,
      "soa_noise_figure_db": 6.0,
      "soa_tau_ns": 0.5,
      "soa_alpha": 4.0,
      "mzi_on": false,
      "mzi_gain": 1.0,
      "mzi_sat_mw": 5.0,
      "mzi_hysteresis_mw": 0.05,
      "mzi_bias_step": 0.02,
      "mzi_bias_leak": 0.01,
      "mzi_bias_target_mw": 0.0,
      "servo_on": false,
      "servo_kp": 0.01,
      "servo_ki": 0.0,
      "servo_ref_mw": 0.0,
      "servo_leak": 0.0,
      "servo_max_bias_mw": 5.0,
      "eom_gate_on": false,
      "eom_gate_duty": 0.3,
      "eom_gate_jitter_ps": 5.0,
      "eom_gate_hold_noise_mw": 0.01,
      "eom_gate_hold_leak": 0.05,
      "amp_type": "soa",
      "obpf_bw_nm": 0.5,
      "voa_post_db": 2.0,
      "channels": 0
    },
    "tia": {
      "tia_transimpedance_kohm": 15.0,
      "bw_mhz": 55.0,
      "bw2_mhz": 0.0,
      "in_noise_pA_rthz": 3.6,
      "peaking_q": 0.6,
      "slew_v_per_us": 700.0,
      "adc_bits": 12,
      "adc_fullscale_v": 1.0,
      "adc_read_noise_mV_rms": 0.0,
      "gain_sigma_pct": 1.0
    },
    "comparator": {
      "vth_mV": 5.0,
      "hysteresis_mV": 0.75,
      "input_noise_mV_rms": 0.4,
      "drift_mV_per_C": 0.05,
      "prop_delay_ns": 1.25,
      "prop_jitter_ps_rms": 0.0,
      "saturate_levels": true,
      "vth_sigma_mV": 0.2,
      "metastable_on": false,
      "metastable_width_mV": 0.2,
      "metastable_flip_prob": 0.05
    },