{
  "config": {
    "trials": 240,
    "seed": 13003,
    "sensitivity": false,
    "vote3": false,
    "repeat": 1,
    "neighbor_ct": false,
    "base_window_ns": 10.0,
    "applied_calibration": true,
    "adaptive_input": false,
    "adaptive_max_frames": 12,
    "adaptive_margin_mV": 0.8,
    "avg_frames": 2,
    "classifier": "chop",
    "mask_bad_channels_req": 0,
    "mask_bad_frac_req": 0.0,
    "mask_applied_count": 0
  },
  "baseline": {
    "p50_ber": 0.0,
    "p50_energy_pj": 179.37465034807656,
    "window_ns": 8.000566985445342,
    "p50_tokens_per_s": 3999716527.3679357,
    "p50_snr_emit": 1.3725555258726105,
    "p50_snr_pd": 1.373873992815139,
    "p50_snr_tia": 1.845521045979062,
    "mean_ber": 0.0
  },
  "path_a": {
    "p50_ber": 0.0,
    "p50_energy_pj": null,
    "window_ns": 10.0,
    "mean_ber": 0.67578125
  },
  "path_b": {
    "p50_ber": 0.65625,
    "p50_energy_pj": 487.948814740273,
    "window_ns": 10.0,
    "p50_tokens_per_s": 3656863908.7145276,
    "p50_snr_emit": 1.4558562529211545,
    "p50_snr_pd": 2.114841995076307,
    "p50_snr_tia": 5e+17,
    "calibrated_optical_bias_mW": [
      6.907101318479872e-07,
      -4.862777489379223e-05,
      -2.068996881284793e-05,
      -4.883818000327525e-05,
      -8.281708240844476e-05,
      -8.918664917260846e-05,
      -5.826794825576978e-05,
      3.789525705661615e-05,
      -2.5736839820673777e-05,
      6.699641543291002e-05,
      6.618737852907451e-05,
      4.8259353181035456e-05,
      4.8829506472735946e-05,
      -7.83129589620327e-05,
      -4.487691482794843e-05,
      1.669284293774056e-05,
      -4.208461178141791e-05,
      2.8182704680692998e-05,
      -1.0435636689966202e-06,
      1.171384719056152e-05,
      -2.947957479072826e-05,
      -5.2086369627248204e-05,
      -5.5849860436489704e-05,
      3.47949945570321e-05,
      -3.1152701942340085e-05,
      3.0265779914865894e-05,
      -5.388224888330188e-05,
      4.723003469897405e-05,
      6.671971480284877e-05,
      5.075937221611659e-05,
      7.207684588229012e-05,
      -2.705038877417001e-06
    ],
    "calibrated_optical_trim_final_mW": [
      4.015371012387094e-05,
      -6.952223431363165e-05,
      -6.309403261280223e-05,
      -6.844744386739688e-05,
      -6.330398198425312e-05,
      -6.487114511971842e-05,
      -7.038421089838981e-05,
      6.493890742640308e-05,
      -6.37544546472755e-05,
      7.042215040053772e-05,
      6.784530845083117e-05,
      6.324351147592513e-05,
      6.735240427472057e-05,
      -6.321604886516417e-05,
      -6.897971616871365e-05,
      6.497196826317636e-05,
      -6.335279168832202e-05,
      7.023196535340054e-05,
      -4.51695259194504e-05,
      6.369426118285834e-05,
      -6.581096444837858e-05,
      -6.283760595361311e-05,
      -6.184875005759322e-05,
      6.860221472101672e-05,
      -6.316387450208406e-05,
      6.948401804473694e-05,
      -6.418320191030935e-05,
      6.851600720328039e-05,
      7.199813002959496e-05,
      6.90621205022903e-05,
      6.690959315643878e-05,
      -5.588447331981975e-05
    ],
    "calibrated_offset_mV": [
      0.732421875,
      -0.48828125,
      -0.244140625,
      -0.6103515625,
      -0.8544921875,
      -0.9765625,
      -0.8544921875,
      1.953125,
      -0.244140625,
      1.8310546875,
      1.953125,
      2.0751953125,
      1.953125,
      -0.9765625,
      -0.732421875,
      1.220703125,
      -0.6103515625,
      1.708984375,
      0.48828125,
      1.220703125,
      -0.1220703125,
      -0.732421875,
      -0.48828125,
      1.46484375,
      -0.3662109375,
      1.708984375,
      -0.48828125,
      2.197265625,
      1.708984375,
      1.5869140625,
      2.0751953125,
      0.244140625
    ],
    "calibrated_vth_mV": [
      1.0,
      1.0,
      1.0,
      1.0,
      1.0,
      1.0,
      1.0,
      1.0,
      1.0,
      1.0,
      1.0,
      1.03759765625,
      1.0,
      1.0,
      1.0,
      1.0,
      1.0,
      1.0,
      1.0,
      1.0,
      1.0,
      1.0,
      1.0,
      1.0,
      1.0,
      1.0,
      1.0,
      1.15966796875,
      1.0,
      1.0,
      1.03759765625,
      1.0
    ],
    "analog_depth": 5,
    "analog_p50_ber": 0.0625,
    "sparse_active_k": 16,
    "eval_active_only": true,
    "tdm_micro_passes": 10,
    "tdm_symbol_time_ns": 100.0,
    "tdm_symbols_per_s": 10000000.0
  },
  "path_b_chain": {
    "depth": 5,
    "per_stage_p50_ber_vs_prev": [
      0.0,
      0.3125,
      0.1875,
      0.0,
      0.0
    ],
    "per_stage_p50_ber_vs_initial": [
      0.0,
      0.3125,
      0.5,
      0.5,
      0.5
    ]
  },
  "path_b_sweeps": null,
  "path_b_return_map": null,
  "cold_input": null,
  "packs": {
    "emitter": {
      "wavelength_nm": 1550.0,
      "channels": 32,
      "power_mw_per_ch": 12.0,
      "extinction_db": 18.0,
      "rin_dbhz": -140.0,
      "linewidth_hz": 1000000.0,
      "wav_drift_nm_per_C": 0.1,
      "rise_fall_ns_10_90": 8.0,
      "temp_coeff_pct_per_C": 0.15,
      "power_sigma_pct": 4.0,
      "modulation_mode": "pushpull",
      "pushpull_alpha": 0.85,
      "wavelengths_nm": null,
      "channels_per_lambda": null
    },
    "optics": {
      "transmittance": 0.72,
      "w_plus_contrast": 0.85,
      "w_minus_contrast": 0.84,
      "crosstalk_db": -30.0,
      "ct_model": "neighbor",
      "ct_neighbor_db": -30.0,
      "ct_diag_db": -33.0,
      "stray_floor_db": -70.0,
      "psf_kernel": "none",
      "signal_scale": 1.0,
      "amp_on": true,
      "amp_gain_db": 2.0,
      "amp_ase_sigma": 0.03,
      "sat_abs_on": true,
      "sat_I_sat": 1.4,
      "sat_alpha": 0.7,
      "hard_clip_on": false,
      "hard_clip_sat_mw": 0.1,
      "post_clip_on": false,
      "post_clip_sat_mw": 0.1,
      "speckle_on": false,
      "speckle_sigma": 0.0,
      "speckle_corr_px": 7,
      "tile_border_px": 0,
      "tile_gain_sigma_pct": 0.0,
      "tile_isolation": false,
      "grid_px": 0,
      "ins_loss_db_mean": 0.5,
      "ins_loss_db_sigma": 0.5,
      "pdl_db": 0.4,
      "pdl_step_rad": 0.05,
      "memory_tau_frames": 0.0,
      "reflection_event_db": 28.0,
      "reflection_prob": 0.08,
      "speckle_time_on": true,
      "speckle_time_sigma": 0.1,
      "speckle_time_tau_frames": 12,
      "xgm_on": false,
      "xgm_coeff": 0.0,
      "xpm_on": false,
      "xpm_coeff": 0.0,
      "fwm_on": false,
      "fwm_coeff": 0.0,
      "pol_scrambler_on": false,
      "pol_scramble_every_frames": 0,
      "voa_bits": 0,
      "soa_pattern_alpha": 0.0,
      "mode_mix_matrix": null,
      "soa_on": false,
      "soa_small_signal_gain_db": 0.0,
      "soa_psat_mw": 10.0,
      "soa_noise_figure_db": 6.0,
      "soa_tau_ns": 0.5,
      "soa_alpha": 4.0,
      "mzi_on": false,
      "mzi_gain": 1.0,
      "mzi_sat_mw": 5.0,
      "mzi_hysteresis_mw": 0.05,
      "mzi_bias_step": 0.02,
      "mzi_bias_leak": 0.01,
      "mzi_bias_target_mw": 0.0,
      "servo_on": false,
      "servo_kp": 0.01,
      "servo_ki": 0.0,
      "servo_ref_mw": 0.0,
      "servo_leak": 0.0,
      "servo_max_bias_mw": 5.0,
      "eom_gate_on": false,
      "eom_gate_duty": 0.3,
      "eom_gate_jitter_ps": 5.0,
      "eom_gate_hold_noise_mw": 0.01,
      "eom_gate_hold_leak": 0.05,
      "amp_type": "soa",
      "obpf_bw_nm": 0.5,
      "voa_post_db": 2.0,
      "channels": 0
    },
    "tia": {
      "tia_transimpedance_kohm": 15.0,
      "bw_mhz": 55.0,
      "bw2_mhz": 0.0,
      "in_noise_pA_rthz": 3.6,
      "peaking_q": 0.6,
      "slew_v_per_us": 700.0,
      "adc_bits": 12,
      "adc_fullscale_v": 1.0,
      "adc_read_noise_mV_rms": 0.0,
      "gain_sigma_pct": 1.0
    },
    "comparator": {
      "vth_mV": 5.0,
      "hysteresis_mV": 0.75,
      "input_noise_mV_rms": 0.4,
      "drift_mV_per_C": 0.05,
      "prop_delay_ns": 1.25,
      "prop_jitter_ps_rms": 0.0,
      "saturate_levels": true,
      "vth_sigma_mV": 0.2,
      "metastable_on": false,
      "metastable_width_mV": 0.2,
      "metastable_flip_prob": 0.05
    },