{
  "config": {
    "trials": 240,
    "seed": 13001,
    "sensitivity": false,
    "vote3": false,
    "repeat": 1,
    "neighbor_ct": false,
    "base_window_ns": 10.0,
    "applied_calibration": true,
    "adaptive_input": false,
    "adaptive_max_frames": 12,
    "adaptive_margin_mV": 0.8,
    "avg_frames": 2,
    "classifier": "chop",
    "mask_bad_channels_req": 0,
    "mask_bad_frac_req": 0.0,
    "mask_applied_count": 0
  },
  "baseline": {
    "p50_ber": 0.6875,
    "p50_energy_pj": 687.3544474296856,
    "window_ns": 8.751223212707668,
    "p50_tokens_per_s": 1828315837.8095498,
    "p50_snr_emit": 1.4807693676052618,
    "p50_snr_pd": 46.770291393475404,
    "p50_snr_tia": 9.999999999999999e+17
  },
  "path_a": {
    "p50_ber": 0.0,
    "p50_energy_pj": null,
    "window_ns": 10.0,
    "mean_ber": 0.664375
  },
  "path_b": {
    "p50_ber": 0.6875,
    "p50_energy_pj": 870.7871963407852,
    "window_ns": 10.0,
    "p50_tokens_per_s": 1827837767.656679,
    "p50_snr_emit": 1.498454031392182,
    "p50_snr_pd": 3.9098319737881715,
    "p50_snr_tia": 9.999999999999999e+17,
    "calibrated_optical_bias_mW": [
      0.0034658866955150636,
      0.0035416062511788304,
      0.003906724540705397,
      0.0029963401350077135,
      0.0020145043063659607,
      0.00279387176973811,
      0.0021251972764775307,
      0.0029783168599630816,
      0.003047720202810633,
      0.002522216531437693,
      0.003177185768207469,
      0.0025721257502595574,
      0.0039048010860764926,
      0.003421430964734018,
      0.0026541438991956046,
      0.0030042132241532293
    ],
    "calibrated_optical_trim_final_mW": [
      -0.03081386329913459,
      -0.03249151436948369,
      -0.034803639087586505,
      -0.03277452559939789,
      -0.03249619570270247,
      -0.04003793378802621,
      -0.030231058886955056,
      -0.032195441873973496,
      -0.03309937298166944,
      -0.0345918229511919,
      -0.03835639287728225,
      -0.034287890260983,
      -0.028832540668020254,
      -0.03200409096364967,
      -0.03665314694686904,
      -0.031821982558340026
    ],
    "calibrated_offset_mV": [
      363.8916015625,
      357.666015625,
      386.962890625,
      342.8955078125,
      344.3603515625,
      335.0830078125,
      358.642578125,
      371.9482421875,
      357.666015625,
      356.201171875,
      357.666015625,
      339.9658203125,
      364.990234375,
      351.806640625,
      357.0556640625,
      342.6513671875
    ],
    "calibrated_vth_mV": [
      40.0,
      40.0,
      40.0,
      40.0,
      40.0,
      40.0,
      40.0,
      40.0,
      40.0,
      40.0,
      40.0,
      40.0,
      40.0,
      40.0,
      40.0,
      40.0
    ],
    "analog_depth": 5,
    "analog_p50_ber": 0.0,
    "sparse_active_k": 4,
    "eval_active_only": true,
    "tdm_micro_passes": 20,
    "tdm_symbol_time_ns": 200.0,
    "tdm_symbols_per_s": 5000000.0
  },
  "path_b_chain": {
    "depth": 5,
    "per_stage_p50_ber_vs_prev": [
      0.75,
      0.0625,
      0.0,
      0.0,
      0.0625
    ],
    "per_stage_p50_ber_vs_initial": [
      0.75,
      0.75,
      0.75,
      0.75,
      0.75
    ]
  },
  "path_b_sweeps": null,
  "path_b_return_map": null,
  "cold_input": null,
  "packs": {
    "emitter": {
      "wavelength_nm": 1550.0,
      "channels": 16,
      "power_mw_per_ch": 12.0,
      "extinction_db": 18.0,
      "rin_dbhz": -140.0,
      "linewidth_hz": 1000000.0,
      "wav_drift_nm_per_C": 0.1,
      "rise_fall_ns_10_90": 8.0,
      "temp_coeff_pct_per_C": 0.15,
      "power_sigma_pct": 4.0,
      "modulation_mode": "pushpull",
      "pushpull_alpha": 0.85,
      "wavelengths_nm": null,
      "channels_per_lambda": null
    },
    "optics": {
      "transmittance": 0.72,
      "w_plus_contrast": 0.85,
      "w_minus_contrast": 0.84,
      "crosstalk_db": -30.0,
      "ct_model": "neighbor",
      "ct_neighbor_db": -30.0,
      "ct_diag_db": -33.0,
      "stray_floor_db": -70.0,
      "psf_kernel": "none",
      "signal_scale": 1.0,
      "amp_on": true,
      "amp_gain_db": 2.0,
      "amp_ase_sigma": 0.03,
      "sat_abs_on": true,
      "sat_I_sat": 0.6,
      "sat_alpha": 1.2,
      "hard_clip_on": false,
      "hard_clip_sat_mw": 0.1,
      "post_clip_on": false,
      "post_clip_sat_mw": 0.1,
      "speckle_on": false,
      "speckle_sigma": 0.0,
      "speckle_corr_px": 7,
      "tile_border_px": 0,
      "tile_gain_sigma_pct": 0.0,
      "tile_isolation": false,
      "grid_px": 0,
      "ins_loss_db_mean": 0.5,
      "ins_loss_db_sigma": 0.5,
      "pdl_db": 0.4,
      "pdl_step_rad": 0.05,
      "memory_tau_frames": 0.0,
      "reflection_event_db": 28.0,
      "reflection_prob": 0.08,
      "speckle_time_on": true,
      "speckle_time_sigma": 0.1,
      "speckle_time_tau_frames": 12,
      "xgm_on": false,
      "xgm_coeff": 0.0,
      "xpm_on": false,
      "xpm_coeff": 0.0,
      "fwm_on": false,
      "fwm_coeff": 0.0,
      "pol_scrambler_on": false,
      "pol_scramble_every_frames": 0,
      "voa_bits": 0,
      "soa_pattern_alpha": 0.0,
      "mode_mix_matrix": null,
      "soa_on": false,
      "soa_small_signal_gain_db": 3.0,
      "soa_psat_mw": 20.0,
      "soa_noise_figure_db": 6.0,
      "soa_tau_ns": 20.0,
      "soa_alpha": 4.0,
      "mzi_on": false,
      "mzi_gain": 1.0,
      "mzi_sat_mw": 5.0,
      "mzi_hysteresis_mw": 0.05,
      "mzi_bias_step": 0.02,
      "mzi_bias_leak": 0.01,
      "mzi_bias_target_mw": 0.0,
      "servo_on": false,
      "servo_kp": 0.01,
      "servo_ki": 0.0,
      "servo_ref_mw": 0.0,
      "servo_leak": 0.0,
      "servo_max_bias_mw": 5.0,
      "eom_gate_on": false,
      "eom_gate_duty": 0.3,
      "eom_gate_jitter_ps": 5.0,
      "eom_gate_hold_noise_mw": 0.01,
      "eom_gate_hold_leak": 0.05,
      "amp_type": "soa",
      "obpf_bw_nm": 0.5,
      "voa_post_db": 2.0,
      "channels": 0
    },
    "tia": {
      "tia_transimpedance_kohm": 15.0,
      "bw_mhz": 55.0,
      "bw2_mhz": 0.0,
      "in_noise_pA_rthz": 3.6,
      "peaking_q": 0.6,
      "slew_v_per_us": 700.0,
      "adc_bits": 12,
      "adc_fullscale_v": 1.0,
      "adc_read_noise_mV_rms": 0.0,
      "gain_sigma_pct": 1.0
    },
    "comparator": {
      "vth_mV": 5.0,
      "hysteresis_mV": 0.75,
      "input_noise_mV_rms": 0.4,
      "drift_mV_per_C": 0.05,
      "prop_delay_ns": 1.25,
      "prop_jitter_ps_rms": 0.0,
      "saturate_levels": true,
      "vth_sigma_mV": 0.2,
      "metastable_on": false,
      "metastable_width_mV": 0.2,
      "metastable_flip_prob": 0.05
    },
    "clock": {
      "window_ns": 10.0,
      "jitter_ps_rms": 20.0
    }
  },
  "realism": {
    "emitter": {
      "score": 0.76,
      "rin_dbhz": -140.0,
      "extinction_db": 18.0
    },
    "optics": {
      "score": 0.72,
      "crosstalk_db": -30.0,
      "stray_floor_db": -70.0
    },
    "camera": {
      "score": 0.7,
      "read_noise_e_rms": 2.0,
      "full_well_e": 20000.0
    },
    "tia": {
      "score": 0.775,
      "bw_mhz": 120.0,
      "in_noise_pA_rthz": 3.6
    },
    "comparator": {
      "score": 0.667,
      "input_noise_mV_rms": 0.4
    }
  },
  "components": {
    "baseline_p50_ber": 0.0,
    "emitter_ideal_p50_ber": 0.0,
    "optics_ideal_p50_ber": 0.0,
    "pd_ideal_p50_ber": 0.0,
    "tia_ideal_p50_ber": 0.0,
    "comparator_ideal_p50_ber": 0.0,
    "mode": "path_a",
    "delta": {
      "emitter": 0.0,
      "optics": 0.0,
      "pd": 0.0,
      "tia": 0.0,
      "comparator": 0.0
    }
  },
  "ber_per_tile": [
    [
      0.0,
      0.0,
      0.0,
      0.0
    ],
    [
      0.0,
      0.0,
      0.0,
      0.0
    ],
    [
      0.0,
      0.0,
      0.0,
      0.0
    ],
    [
      0.0,
      0.0,
      0.0,
      0.0
    ]
  ],
  "ber_per_tile_after": null,
  "baseline_calibrated": {
    "p50_ber": 0.6875,
    "p50_energy_pj": 687.3544474296856,
    "window_ns": 8.751223212707668,
    "p50_tokens_per_s": 1828315837.8095498,
    "p50_snr_emit": 1.4807693676052618,
    "p50_snr_pd": 46.770291393475404,