{
  "config": {
    "trials": 240,
    "seed": 20061,
    "sensitivity": false,
    "vote3": false,
    "repeat": 1,
    "neighbor_ct": false,
    "base_window_ns": 10.0,
    "applied_calibration": true,
    "adaptive_input": false,
    "adaptive_max_frames": 12,
    "adaptive_margin_mV": 0.8,
    "avg_frames": 2,
    "classifier": "chop",
    "mask_bad_channels_req": 0,
    "mask_bad_frac_req": 0.0,
    "mask_applied_count": 0
  },
  "baseline": {
    "p50_ber": 0.0,
    "p50_energy_pj": 179.3664808411016,
    "window_ns": 7.999531686082102,
    "p50_tokens_per_s": 4000234170.667122,
    "p50_snr_emit": 1.3755740103422394,
    "p50_snr_pd": 1.376952644414065,
    "p50_snr_tia": 1.8499000785357982,
    "mean_ber": 0.0
  },
  "path_a": {
    "p50_ber": 0.0,
    "p50_energy_pj": null,
    "window_ns": 10.0,
    "mean_ber": 0.675
  },
  "path_b": {
    "p50_ber": 0.65625,
    "p50_energy_pj": 480.27502314316223,
    "window_ns": 10.0,
    "p50_tokens_per_s": 3658175304.1845794,
    "p50_snr_emit": 1.4582476645998845,
    "p50_snr_pd": 2.0762227420532717,
    "p50_snr_tia": 5e+17,
    "calibrated_optical_bias_mW": [
      3.639965422529243e-05,
      3.94755223400193e-06,
      -5.860216995150246e-05,
      -1.0878206504478637e-06,
      1.9599772330655294e-05,
      6.366937773534054e-05,
      5.519861138301074e-05,
      1.5388443525522918e-05,
      6.646441350188466e-05,
      5.4623131063754856e-06,
      6.199886260786259e-05,
      9.452338566544576e-05,
      -6.950910716602816e-05,
      -4.609963889215746e-05,
      -8.98334539852526e-05,
      -1.0059607463110284e-05,
      4.044281510332318e-05,
      -7.118784034009027e-05,
      5.512724327000015e-06,
      -5.690909462875921e-06,
      8.943162961841822e-05,
      -7.482756919784822e-05,
      -5.682746309537798e-05,
      6.903533930275154e-06,
      -6.961581102662593e-05,
      -6.966213176595325e-05,
      8.294047653433488e-05,
      -5.603351887019435e-05,
      4.4312528515094447e-05,
      5.1098507544266344e-05,
      -1.6731043827974425e-05,
      -4.435713357858501e-05
    ],
    "calibrated_optical_trim_final_mW": [
      6.780045282952149e-05,
      5.7712731836351644e-05,
      -6.891465407610571e-05,
      -4.88608413068624e-05,
      6.0010760172792514e-05,
      6.847779174939174e-05,
      6.521163167737928e-05,
      6.58539214575476e-05,
      6.62417923040643e-05,
      6.069654979832329e-05,
      6.632414478868827e-05,
      6.812793380380024e-05,
      -6.76871846636009e-05,
      -6.847268040261324e-05,
      -6.755316490796804e-05,
      -6.029657375271287e-05,
      6.378055567111561e-05,
      -7.056721546282619e-05,
      6.025653542260163e-05,
      -5.867767611653348e-05,
      6.897184659308836e-05,
      -7.060657410909186e-05,
      -7.33841937084257e-05,
      6.0199473316225376e-05,
      -6.807071067696613e-05,
      -6.562213749393229e-05,
      7.096784582131433e-05,
      -7.157403042530873e-05,
      6.786309488986452e-05,
      7.006947319518285e-05,
      -6.807877137179579e-05,
      -7.181090008589238e-05
    ],
    "calibrated_offset_mV": [
      1.708984375,
      0.8544921875,
      -0.48828125,
      0.732421875,
      1.0986328125,
      1.5869140625,
      1.5869140625,
      1.46484375,
      2.5634765625,
      0.9765625,
      1.953125,
      2.685546875,
      -0.9765625,
      -0.244140625,
      -0.732421875,
      0.244140625,
      1.708984375,
      -0.8544921875,
      1.220703125,
      0.244140625,
      2.44140625,
      -1.0986328125,
      -0.3662109375,
      0.9765625,
      -0.244140625,
      -0.8544921875,
      2.685546875,
      -0.3662109375,
      1.46484375,
      1.5869140625,
      0.0,
      -0.48828125
    ],
    "calibrated_vth_mV": [
      1.0,
      1.0,
      1.0,
      1.0,
      1.0,
      1.0,
      1.0,
      1.0,
      1.28173828125,
      1.0,
      1.0,
      1.3427734375,
      1.0,
      1.0,
      1.0,
      1.0,
      1.0,
      1.0,
      1.0,
      1.0,
      1.220703125,
      1.0,
      1.0,
      1.0,
      1.0,
      1.0,
      1.3427734375,
      1.0,
      1.0,
      1.0,
      1.0,
      1.0
    ],
    "analog_depth": 5,
    "analog_p50_ber": 0.125,
    "sparse_active_k": 8,
    "eval_active_only": true,
    "tdm_micro_passes": 20,
    "tdm_symbol_time_ns": 200.0,
    "tdm_symbols_per_s": 5000000.0,
    "tdm_pj_per_symbol_est": 9605.500462863245
  },
  "path_b_chain": {
    "depth": 5,
    "per_stage_p50_ber_vs_prev": [
      0.0,
      0.15625,
      0.09375,
      0.0,
      0.0
    ],
    "per_stage_p50_ber_vs_initial": [
      0.0,
      0.15625,
      0.25,
      0.25,
      0.25
    ]
  },
  "path_b_sweeps": null,
  "path_b_return_map": null,
  "cold_input": null,
  "packs": {
    "emitter": {
      "wavelength_nm": 1550.0,
      "channels": 32,
      "power_mw_per_ch": 12.0,
      "extinction_db": 18.0,
      "rin_dbhz": -140.0,
      "linewidth_hz": 1000000.0,
      "wav_drift_nm_per_C": 0.1,
      "rise_fall_ns_10_90": 8.0,
      "temp_coeff_pct_per_C": 0.15,
      "power_sigma_pct": 4.0,
      "modulation_mode": "pushpull",
      "pushpull_alpha": 0.85,
      "wavelengths_nm": null,
      "channels_per_lambda": null
    },
    "optics": {
      "transmittance": 0.72,
      "w_plus_contrast": 0.85,
      "w_minus_contrast": 0.84,
      "crosstalk_db": -30.0,
      "ct_model": "neighbor",
      "ct_neighbor_db": -30.0,
      "ct_diag_db": -33.0,
      "stray_floor_db": -70.0,
      "psf_kernel": "none",
      "signal_scale": 1.0,
      "amp_on": true,
      "amp_gain_db": 2.0,
      "amp_ase_sigma": 0.03,
      "sat_abs_on": true,
      "sat_I_sat": 1.4,
      "sat_alpha": 0.7,
      "hard_clip_on": false,
      "hard_clip_sat_mw": 0.1,
      "post_clip_on": false,
      "post_clip_sat_mw": 0.1,
      "speckle_on": false,
      "speckle_sigma": 0.0,
      "speckle_corr_px": 7,
      "tile_border_px": 0,
      "tile_gain_sigma_pct": 0.0,
      "tile_isolation": false,
      "grid_px": 0,
      "ins_loss_db_mean": 0.5,
      "ins_loss_db_sigma": 0.5,
      "pdl_db": 0.4,
      "pdl_step_rad": 0.05,
      "memory_tau_frames": 0.0,
      "reflection_event_db": 28.0,
      "reflection_prob": 0.08,
      "speckle_time_on": true,
      "speckle_time_sigma": 0.1,
      "speckle_time_tau_frames": 12,
      "xgm_on": false,
      "xgm_coeff": 0.0,
      "xpm_on": false,
      "xpm_coeff": 0.0,
      "fwm_on": false,
      "fwm_coeff": 0.0,
      "pol_scrambler_on": false,
      "pol_scramble_every_frames": 0,
      "voa_bits": 0,
      "soa_pattern_alpha": 0.0,
      "mode_mix_matrix": null,
      "soa_on": false,
      "soa_small_signal_gain_db": 0.0,
      "soa_psat_mw": 10.0,
      "soa_noise_figure_db": 6.0,
      "soa_tau_ns": 0.5,
      "soa_alpha": 4.0,
      "mzi_on": false,
      "mzi_gain": 1.0,
      "mzi_sat_mw": 5.0,
      "mzi_hysteresis_mw": 0.05,
      "mzi_bias_step": 0.02,
      "mzi_bias_leak": 0.01,
      "mzi_bias_target_mw": 0.0,
      "servo_on": false,
      "servo_kp": 0.01,
      "servo_ki": 0.0,
      "servo_ref_mw": 0.0,
      "servo_leak": 0.0,
      "servo_max_bias_mw": 5.0,
      "eom_gate_on": false,
      "eom_gate_duty": 0.3,
      "eom_gate_jitter_ps": 5.0,
      "eom_gate_hold_noise_mw": 0.01,
      "eom_gate_hold_leak": 0.05,
      "amp_type": "soa",
      "obpf_bw_nm": 0.5,
      "voa_post_db": 2.0,
      "channels": 0
    },
    "tia": {
      "tia_transimpedance_kohm": 15.0,
      "bw_mhz": 55.0,
      "bw2_mhz": 0.0,
      "in_noise_pA_rthz": 3.6,
      "peaking_q": 0.6,
      "slew_v_per_us": 700.0,
      "adc_bits": 12,
      "adc_fullscale_v": 1.0,
      "adc_read_noise_mV_rms": 0.0,
      "gain_sigma_pct": 1.0
    },
    "comparator": {
      "vth_mV": 5.0,
      "hysteresis_mV": 0.75,
      "input_noise_mV_rms": 0.4,
      "drift_mV_per_C": 0.05,
      "prop_delay_ns": 1.25,
      "prop_jitter_ps_rms": 0.0,
      "saturate_levels": true,
      "vth_sigma_mV": 0.2,
      "metastable_on": false,
      "metastable_width_mV": 0.2,