{
  "config": {
    "trials": 240,
    "seed": 13002,
    "sensitivity": false,
    "vote3": false,
    "repeat": 1,
    "neighbor_ct": false,
    "base_window_ns": 10.0,
    "applied_calibration": true,
    "adaptive_input": false,
    "adaptive_max_frames": 12,
    "adaptive_margin_mV": 0.8,
    "avg_frames": 2,
    "classifier": "chop",
    "mask_bad_channels_req": 0,
    "mask_bad_frac_req": 0.0,
    "mask_applied_count": 0
  },
  "baseline": {
    "p50_ber": 0.0,
    "p50_energy_pj": 179.38893335210813,
    "window_ns": 8.000847215620155,
    "p50_tokens_per_s": 3999576437.0460663,
    "p50_snr_emit": 1.3807969231134678,
    "p50_snr_pd": 1.381990719490009,
    "p50_snr_tia": 1.855658819909632,
    "mean_ber": 0.0
  },
  "path_a": {
    "p50_ber": 0.0,
    "p50_energy_pj": null,
    "window_ns": 10.0,
    "mean_ber": 0.66375
  },
  "path_b": {
    "p50_ber": 0.65625,
    "p50_energy_pj": 499.20778618609046,
    "window_ns": 10.0,
    "p50_tokens_per_s": 3656250349.842652,
    "p50_snr_emit": 1.4494777462439674,
    "p50_snr_pd": 2.1583723311212175,
    "p50_snr_tia": 5e+17,
    "calibrated_optical_bias_mW": [
      3.159627818096638e-05,
      5.061214831688168e-05,
      4.713654343438682e-05,
      -5.901317931558984e-05,
      -8.656158182542549e-05,
      2.4688742805660546e-05,
      1.4592347790680599e-05,
      4.903711696649729e-05,
      3.669601405629987e-05,
      2.6770406052493132e-05,
      5.751012433541857e-05,
      9.788140757290638e-06,
      1.1418323945732453e-05,
      -2.7920673478054863e-05,
      -6.65301880705913e-05,
      -7.559337402547313e-05,
      -2.452384001607518e-05,
      -2.350955209078011e-05,
      2.806001959967789e-05,
      -8.565167608460004e-05,
      -5.603799607749565e-05,
      8.896110540227353e-06,
      1.0035494311212223e-06,
      -6.82686404100836e-05,
      -4.4367626876213066e-05,
      -2.825230100487661e-05,
      -3.9211771836686186e-05,
      -3.6483374795585975e-06,
      2.174407981955632e-05,
      3.4037536620949932e-06,
      3.930430778742943e-06,
      -5.482291360354671e-05
    ],
    "calibrated_optical_trim_final_mW": [
      6.436824504137622e-05,
      6.985306141146371e-05,
      6.559687146047454e-05,
      -6.675295306657331e-05,
      -7.090442319936068e-05,
      5.9445142277206195e-05,
      5.7459682906867564e-05,
      6.866050940405999e-05,
      6.438480360162932e-05,
      6.162160155160363e-05,
      6.590858592708896e-05,
      5.8119688916471474e-05,
      5.9988658706876034e-05,
      -6.253466020563034e-05,
      -6.907599445633034e-05,
      -6.618632083295355e-05,
      -6.075713754988628e-05,
      -6.291925620353416e-05,
      6.308677873749415e-05,
      -6.871759839243081e-05,
      -7.102569032190538e-05,
      5.844199813967979e-05,
      3.5812592934687455e-05,
      -6.300142752326297e-05,
      -6.506506628956759e-05,
      -6.0884473328601325e-05,
      -6.567920240834225e-05,
      -5.799019691569613e-05,
      5.9322460108394004e-05,
      5.491954716275913e-05,
      5.2488539535528386e-05,
      -6.89412189164209e-05
    ],
    "calibrated_offset_mV": [
      1.5869140625,
      1.953125,
      1.46484375,
      -0.6103515625,
      -0.8544921875,
      1.46484375,
      1.46484375,
      1.708984375,
      1.953125,
      1.220703125,
      1.708984375,
      1.220703125,
      1.220703125,
      -0.244140625,
      -0.6103515625,
      -0.6103515625,
      0.0,
      -0.3662109375,
      1.708984375,
      -0.8544921875,
      -0.48828125,
      1.46484375,
      0.732421875,
      -0.48828125,
      -0.3662109375,
      0.1220703125,
      0.0,
      0.3662109375,
      1.46484375,
      1.220703125,
      0.9765625,
      -0.244140625
    ],
    "calibrated_vth_mV": [
      1.0,
      1.0,
      1.0,
      1.0,
      1.0,
      1.0,
      1.0,
      1.0,
      1.0,
      1.0,
      1.0,
      1.0,
      1.0,
      1.0,
      1.0,
      1.0,
      1.0,
      1.0,
      1.0,
      1.0,
      1.0,
      1.0,
      1.0,
      1.0,
      1.0,
      1.0,
      1.0,
      1.0,
      1.0,
      1.0,
      1.0,
      1.0
    ],
    "analog_depth": 5,
    "analog_p50_ber": 0.0625,
    "sparse_active_k": 8,
    "eval_active_only": true,
    "tdm_micro_passes": 20,
    "tdm_symbol_time_ns": 200.0,
    "tdm_symbols_per_s": 5000000.0
  },
  "path_b_chain": {
    "depth": 5,
    "per_stage_p50_ber_vs_prev": [
      0.0,
      0.1875,
      0.0625,
      0.0,
      0.0
    ],
    "per_stage_p50_ber_vs_initial": [
      0.0,
      0.1875,
      0.25,
      0.25,
      0.25
    ]
  },
  "path_b_sweeps": null,
  "path_b_return_map": null,
  "cold_input": null,
  "packs": {
    "emitter": {
      "wavelength_nm": 1550.0,
      "channels": 32,
      "power_mw_per_ch": 12.0,
      "extinction_db": 18.0,
      "rin_dbhz": -140.0,
      "linewidth_hz": 1000000.0,
      "wav_drift_nm_per_C": 0.1,
      "rise_fall_ns_10_90": 8.0,
      "temp_coeff_pct_per_C": 0.15,
      "power_sigma_pct": 4.0,
      "modulation_mode": "pushpull",
      "pushpull_alpha": 0.85,
      "wavelengths_nm": null,
      "channels_per_lambda": null
    },
    "optics": {
      "transmittance": 0.72,
      "w_plus_contrast": 0.85,
      "w_minus_contrast": 0.84,
      "crosstalk_db": -30.0,
      "ct_model": "neighbor",
      "ct_neighbor_db": -30.0,
      "ct_diag_db": -33.0,
      "stray_floor_db": -70.0,
      "psf_kernel": "none",
      "signal_scale": 1.0,
      "amp_on": true,
      "amp_gain_db": 2.0,
      "amp_ase_sigma": 0.03,
      "sat_abs_on": true,
      "sat_I_sat": 1.4,
      "sat_alpha": 0.7,
      "hard_clip_on": false,
      "hard_clip_sat_mw": 0.1,
      "post_clip_on": false,
      "post_clip_sat_mw": 0.1,
      "speckle_on": false,
      "speckle_sigma": 0.0,
      "speckle_corr_px": 7,
      "tile_border_px": 0,
      "tile_gain_sigma_pct": 0.0,
      "tile_isolation": false,
      "grid_px": 0,
      "ins_loss_db_mean": 0.5,
      "ins_loss_db_sigma": 0.5,
      "pdl_db": 0.4,
      "pdl_step_rad": 0.05,
      "memory_tau_frames": 0.0,
      "reflection_event_db": 28.0,
      "reflection_prob": 0.08,
      "speckle_time_on": true,
      "speckle_time_sigma": 0.1,
      "speckle_time_tau_frames": 12,
      "xgm_on": false,
      "xgm_coeff": 0.0,
      "xpm_on": false,
      "xpm_coeff": 0.0,
      "fwm_on": false,
      "fwm_coeff": 0.0,
      "pol_scrambler_on": false,
      "pol_scramble_every_frames": 0,
      "voa_bits": 0,
      "soa_pattern_alpha": 0.0,
      "mode_mix_matrix": null,
      "soa_on": false,
      "soa_small_signal_gain_db": 0.0,
      "soa_psat_mw": 10.0,
      "soa_noise_figure_db": 6.0,
      "soa_tau_ns": 0.5,
      "soa_alpha": 4.0,
      "mzi_on": false,
      "mzi_gain": 1.0,
      "mzi_sat_mw": 5.0,
      "mzi_hysteresis_mw": 0.05,
      "mzi_bias_step": 0.02,
      "mzi_bias_leak": 0.01,
      "mzi_bias_target_mw": 0.0,
      "servo_on": false,
      "servo_kp": 0.01,
      "servo_ki": 0.0,
      "servo_ref_mw": 0.0,
      "servo_leak": 0.0,
      "servo_max_bias_mw": 5.0,
      "eom_gate_on": false,
      "eom_gate_duty": 0.3,
      "eom_gate_jitter_ps": 5.0,
      "eom_gate_hold_noise_mw": 0.01,
      "eom_gate_hold_leak": 0.05,
      "amp_type": "soa",
      "obpf_bw_nm": 0.5,
      "voa_post_db": 2.0,
      "channels": 0
    },
    "tia": {
      "tia_transimpedance_kohm": 15.0,
      "bw_mhz": 55.0,
      "bw2_mhz": 0.0,
      "in_noise_pA_rthz": 3.6,
      "peaking_q": 0.6,
      "slew_v_per_us": 700.0,
      "adc_bits": 12,
      "adc_fullscale_v": 1.0,
      "adc_read_noise_mV_rms": 0.0,
      "gain_sigma_pct": 1.0
    },
    "comparator": {
      "vth_mV": 5.0,
      "hysteresis_mV": 0.75,
      "input_noise_mV_rms": 0.4,
      "drift_mV_per_C": 0.05,
      "prop_delay_ns": 1.25,
      "prop_jitter_ps_rms": 0.0,
      "saturate_levels": true,
      "vth_sigma_mV": 0.2,
      "metastable_on": false,
      "metastable_width_mV": 0.2,
      "metastable_flip_prob": 0.05
    },
    "clock": {
      "window_ns": 10.0,