{
  "config": {
    "trials": 200,
    "seed": 16001,
    "sensitivity": false,
    "vote3": false,
    "repeat": 1,
    "neighbor_ct": false,
    "base_window_ns": 10.0,
    "applied_calibration": true,
    "adaptive_input": false,
    "adaptive_max_frames": 12,
    "adaptive_margin_mV": 0.8,
    "avg_frames": 2,
    "classifier": "chop",
    "mask_bad_channels_req": 0,
    "mask_bad_frac_req": 0.0,
    "mask_applied_count": 0
  },
  "baseline": {
    "p50_ber": 0.6875,
    "p50_energy_pj": 690.6122649285282,
    "window_ns": 8.748793438057607,
    "p50_tokens_per_s": 1828823610.1677003,
    "p50_snr_emit": 1.4817143598736626,
    "p50_snr_pd": 18.464345276703597,
    "p50_snr_tia": 9.999999999999999e+17
  },
  "path_a": {
    "p50_ber": 0.0,
    "p50_energy_pj": null,
    "window_ns": 10.0,
    "mean_ber": 0.655625
  },
  "path_b": {
    "p50_ber": 0.6875,
    "p50_energy_pj": 227.39114839134004,
    "window_ns": 10.0,
    "p50_tokens_per_s": 1828989183.5497253,
    "p50_snr_emit": 1.484042459790773,
    "p50_snr_pd": 2.010409100564877,
    "p50_snr_tia": 4.9999999999999994e+17,
    "calibrated_optical_bias_mW": [
      1.7067662406042078e-05,
      1.4609203158387528e-05,
      1.6892122335691287e-05,
      -7.942242071670757e-05,
      -4.665214978050473e-05,
      -3.2083527183381175e-05,
      4.726860115463209e-05,
      4.537846998735979e-05,
      -6.218149699921838e-05,
      -8.61896358062659e-06,
      5.0796459283880655e-05,
      3.33416903876972e-05,
      -2.4069018744222472e-05,
      -4.92546888158855e-05,
      2.0253592038774258e-05,
      2.4395536990052223e-05
    ],
    "calibrated_optical_trim_final_mW": [
      5.73099392061834e-05,
      5.6541476960692336e-05,
      5.971966885938787e-05,
      -6.79997257950508e-05,
      -7.07491049613208e-05,
      -6.378782092232211e-05,
      6.825810342803986e-05,
      6.127193226747035e-05,
      -6.505791163004699e-05,
      -5.780641597179225e-05,
      6.573141599440103e-05,
      6.409417990097412e-05,
      -6.505069092765107e-05,
      -6.242909201710934e-05,
      5.668230087631686e-05,
      5.852788834876212e-05
    ],
    "calibrated_offset_mV": [
      1.3427734375,
      1.220703125,
      1.220703125,
      -0.48828125,
      -0.48828125,
      0.0,
      1.953125,
      1.5869140625,
      -1.220703125,
      0.0,
      2.44140625,
      1.708984375,
      -0.1220703125,
      -0.6103515625,
      1.46484375,
      1.46484375
    ],
    "calibrated_vth_mV": [
      1.0,
      1.0,
      1.0,
      1.0,
      1.0,
      1.0,
      1.0,
      1.0,
      1.0,
      1.0,
      1.220703125,
      1.0,
      1.0,
      1.0,
      1.0,
      1.0
    ],
    "analog_depth": 5,
    "analog_p50_ber": 0.0,
    "ber_ci95": {
      "lo": 0.640562040715875,
      "hi": 0.6734360046306866,
      "n_bits": 3200,
      "n_err": 2103
    },
    "sparse_active_k": 8,
    "eval_active_only": true,
    "tdm_micro_passes": 10,
    "tdm_symbol_time_ns": 101.0,
    "tdm_symbols_per_s": 9900990.099009901,
    "tdm_pj_per_symbol_est": 2273.9114839134004
  },
  "path_b_chain": {
    "depth": 5,
    "per_stage_p50_ber_vs_prev": [
      0.0,
      0.3125,
      0.1875,
      0.0,
      0.0
    ],
    "per_stage_p50_ber_vs_initial": [
      0.0,
      0.3125,
      0.5,
      0.5,
      0.5
    ]
  },
  "path_b_sweeps": null,
  "path_b_return_map": null,
  "cold_input": null,
  "packs": {
    "emitter": {
      "wavelength_nm": 1550.0,
      "channels": 16,
      "power_mw_per_ch": 12.0,
      "extinction_db": 18.0,
      "rin_dbhz": -140.0,
      "linewidth_hz": 1000000.0,
      "wav_drift_nm_per_C": 0.1,
      "rise_fall_ns_10_90": 8.0,
      "temp_coeff_pct_per_C": 0.15,
      "power_sigma_pct": 4.0,
      "modulation_mode": "pushpull",
      "pushpull_alpha": 0.85,
      "wavelengths_nm": null,
      "channels_per_lambda": null
    },
    "optics": {
      "transmittance": 0.72,
      "w_plus_contrast": 0.85,
      "w_minus_contrast": 0.84,
      "crosstalk_db": -30.0,
      "ct_model": "neighbor",
      "ct_neighbor_db": -30.0,
      "ct_diag_db": -33.0,
      "stray_floor_db": -70.0,
      "psf_kernel": "none",
      "signal_scale": 1.0,
      "amp_on": true,
      "amp_gain_db": 2.0,
      "amp_ase_sigma": 0.03,
      "sat_abs_on": true,
      "sat_I_sat": 0.9,
      "sat_alpha": 0.9,
      "hard_clip_on": false,
      "hard_clip_sat_mw": 0.1,
      "post_clip_on": false,
      "post_clip_sat_mw": 0.1,
      "speckle_on": false,
      "speckle_sigma": 0.0,
      "speckle_corr_px": 7,
      "tile_border_px": 0,
      "tile_gain_sigma_pct": 0.0,
      "tile_isolation": false,
      "grid_px": 0,
      "ins_loss_db_mean": 0.5,
      "ins_loss_db_sigma": 0.5,
      "pdl_db": 0.4,
      "pdl_step_rad": 0.05,
      "memory_tau_frames": 0.0,
      "reflection_event_db": 28.0,
      "reflection_prob": 0.08,
      "speckle_time_on": true,
      "speckle_time_sigma": 0.1,
      "speckle_time_tau_frames": 12,
      "xgm_on": false,
      "xgm_coeff": 0.0,
      "xpm_on": false,
      "xpm_coeff": 0.0,
      "fwm_on": false,
      "fwm_coeff": 0.0,
      "pol_scrambler_on": false,
      "pol_scramble_every_frames": 0,
      "voa_bits": 0,
      "soa_pattern_alpha": 0.0,
      "mode_mix_matrix": null,
      "soa_on": false,
      "soa_small_signal_gain_db": 0.0,
      "soa_psat_mw": 10.0,
      "soa_noise_figure_db": 6.0,
      "soa_tau_ns": 0.5,
      "soa_alpha": 4.0,
      "mzi_on": false,
      "mzi_gain": 1.0,
      "mzi_sat_mw": 5.0,
      "mzi_hysteresis_mw": 0.05,
      "mzi_bias_step": 0.02,
      "mzi_bias_leak": 0.01,
      "mzi_bias_target_mw": 0.0,
      "servo_on": false,
      "servo_kp": 0.01,
      "servo_ki": 0.0,
      "servo_ref_mw": 0.0,
      "servo_leak": 0.0,
      "servo_max_bias_mw": 5.0,
      "eom_gate_on": false,
      "eom_gate_duty": 0.3,
      "eom_gate_jitter_ps": 5.0,
      "eom_gate_hold_noise_mw": 0.01,
      "eom_gate_hold_leak": 0.05,
      "amp_type": "soa",
      "obpf_bw_nm": 0.5,
      "voa_post_db": 2.0,
      "channels": 0
    },
    "tia": {
      "tia_transimpedance_kohm": 15.0,
      "bw_mhz": 55.0,
      "bw2_mhz": 0.0,
      "in_noise_pA_rthz": 3.6,
      "peaking_q": 0.6,
      "slew_v_per_us": 700.0,
      "adc_bits": 12,
      "adc_fullscale_v": 1.0,
      "adc_read_noise_mV_rms": 0.0,
      "gain_sigma_pct": 1.0
    },
    "comparator": {
      "vth_mV": 5.0,
      "hysteresis_mV": 0.75,
      "input_noise_mV_rms": 0.4,
      "drift_mV_per_C": 0.05,
      "prop_delay_ns": 1.25,
      "prop_jitter_ps_rms": 0.0,
      "saturate_levels": true,
      "vth_sigma_mV": 0.2,
      "metastable_on": false,
      "metastable_width_mV": 0.2,
      "metastable_flip_prob": 0.05
    },
    "clock": {
      "window_ns": 10.0,
      "jitter_ps_rms": 20.0
    }
  },
  "realism": {
    "emitter": {
      "score": 0.76,
      "rin_dbhz": -140.0,
      "extinction_db": 18.0
    },
    "optics": {
      "score": 0.72,
      "crosstalk_db": -30.0,
      "stray_floor_db": -70.0
    },
    "camera": {
      "score": 0.7,
      "read_noise_e_rms": 2.0,
      "full_well_e": 20000.0
    },
    "tia": {
      "score": 0.775,
      "bw_mhz": 120.0,
      "in_noise_pA_rthz": 3.6
    },
    "comparator": {
      "score": 0.667,
      "input_noise_mV_rms": 0.4
    }
  },
  "components": {
    "baseline_p50_ber": 0.0,
    "emitter_ideal_p50_ber": 0.0,
    "optics_ideal_p50_ber": 0.0,
    "pd_ideal_p50_ber": 0.0,
    "tia_ideal_p50_ber": 0.0,
    "comparator_ideal_p50_ber": 0.0,
    "mode": "path_a",
    "delta": {
      "emitter": 0.0,
      "optics": 0.0,
      "pd": 0.0,
      "tia": 0.0,
      "comparator": 0.0
    }
  },
  "ber_per_tile": [
    [
      0.0,
      0.0,
      0.0,
      0.0
    ],
    [
      0.0,
      0.0,
      0.0,
      0.0
    ],
    [
      0.0,
      0.0,
      0.0,
      0.0
    ],
    [
      0.0,
      0.0,
      0.0,
      0.0
    ]
  ],
  "ber_per_tile_after": null,
  "baseline_calibrated": {
    "p50_ber": 0.6875,