{
  "config": {
    "trials": 240,
    "seed": 321,
    "sensitivity": false,
    "vote3": false,
    "repeat": 1,
    "neighbor_ct": false,
    "base_window_ns": 10.0,
    "applied_calibration": true,
    "adaptive_input": false,
    "adaptive_max_frames": 12,
    "adaptive_margin_mV": 0.8,
    "avg_frames": 2,
    "classifier": "chop",
    "mask_bad_channels_req": 0,
    "mask_bad_frac_req": 0.0,
    "mask_applied_count": 0
  },
  "baseline": {
    "p50_ber": 0.0,
    "p50_energy_pj": 179.37709373444883,
    "window_ns": 8.00044562760284,
    "p50_tokens_per_s": 3999777198.609386,
    "p50_snr_emit": 1.3807828441768788,
    "p50_snr_pd": 1.3820784453557553,
    "p50_snr_tia": 1.8563331029074561,
    "ber_ci95": {
      "lo": 0.0,
      "hi": 0.0005998899160778743,
      "n_bits": 6400,
      "n_err": 0
    },
    "mean_ber": 0.0
  },
  "path_a": {
    "p50_ber": 0.0,
    "p50_energy_pj": null,
    "window_ns": 10.0,
    "mean_ber": 0.67125
  },
  "path_b": {
    "p50_ber": 0.65625,
    "p50_energy_pj": 513.5208653627833,
    "window_ns": 10.0,
    "p50_tokens_per_s": 3656469522.6287894,
    "p50_snr_emit": 1.4584158365594138,
    "p50_snr_pd": 1.968260906392484,
    "p50_snr_tia": 5e+17,
    "calibrated_optical_bias_mW": [
      7.649971501695195e-05,
      -6.073777284881939e-05,
      6.876656108276244e-05,
      -7.242679475542586e-05,
      -8.760363474848219e-05,
      -1.3874779521859588e-05,
      -1.0345777469084809e-05,
      -2.989334544918848e-05,
      -4.243449375979471e-05,
      4.798708034873557e-05,
      -6.415546428245275e-05,
      -5.167970611922505e-05,
      5.121066183923098e-05,
      3.566111253745124e-05,
      6.753228783982687e-05,
      -6.44532173323571e-05,
      2.786122921768011e-05,
      5.4514280440319486e-05,
      1.4754346597891299e-05,
      6.195557254039708e-05,
      -6.935526285134735e-05,
      8.133153175449007e-06,
      -4.1333182221039966e-05,
      -6.426454177257956e-05,
      -9.038812200376544e-05,
      5.01961724487498e-05,
      5.723648626219848e-05,
      3.281081956354082e-06,
      8.378117026628512e-05,
      2.7383434062845636e-05,
      9.460194774497672e-05,
      3.9952178631803034e-05
    ],
    "calibrated_optical_trim_final_mW": [
      6.784921374651298e-05,
      -6.934395139199916e-05,
      6.553703832277774e-05,
      -6.527806118053164e-05,
      -6.815352661735156e-05,
      -6.523390361785544e-05,
      -6.597779487379234e-05,
      -6.51777250721102e-05,
      -7.215042518886352e-05,
      6.642462113719737e-05,
      -7.05831026049399e-05,
      -6.791105580876612e-05,
      6.848686820558994e-05,
      6.986606802497958e-05,
      7.008998880443354e-05,
      -6.960867942713047e-05,
      6.988101916079135e-05,
      6.769481351741357e-05,
      6.800670011709596e-05,
      6.862370919261683e-05,
      -7.373998203356018e-05,
      6.404550349779405e-05,
      -7.149764262696062e-05,
      -6.856725856303132e-05,
      -6.30721722704039e-05,
      6.892779717171282e-05,
      6.888548227068744e-05,
      6.17924523532641e-05,
      6.770596085725394e-05,
      7.031817971625734e-05,
      6.805720584081288e-05,
      6.941450960515835e-05
    ],
    "calibrated_offset_mV": [
      2.3193359375,
      -0.48828125,
      2.3193359375,
      -0.48828125,
      -0.9765625,
      0.1220703125,
      0.244140625,
      -0.244140625,
      -0.48828125,
      1.953125,
      -0.48828125,
      -0.732421875,
      1.953125,
      1.46484375,
      2.3193359375,
      -0.48828125,
      1.5869140625,
      1.8310546875,
      1.220703125,
      2.197265625,
      -0.732421875,
      1.220703125,
      0.0,
      -0.6103515625,
      -0.9765625,
      1.708984375,
      1.8310546875,
      0.9765625,
      2.197265625,
      1.5869140625,
      2.3193359375,
      1.8310546875
    ],
    "calibrated_vth_mV": [
      1.15966796875,
      1.0,
      1.15966796875,
      1.0,
      1.0,
      1.0,
      1.0,
      1.0,
      1.0,
      1.0,
      1.0,
      1.0,
      1.0,
      1.0,
      1.15966796875,
      1.0,
      1.0,
      1.0,
      1.0,
      1.0986328125,
      1.0,
      1.0,
      1.0,
      1.0,
      1.0,
      1.0,
      1.0,
      1.0,
      1.0986328125,
      1.0,
      1.15966796875,
      1.0
    ],
    "analog_depth": 5,
    "analog_p50_ber": 0.25,
    "ber_ci95": {
      "lo": 0.6511355303420018,
      "hi": 0.6742941305040754,
      "n_bits": 6400,
      "n_err": 4242
    },
    "sparse_active_k": 4,
    "eval_active_only": true,
    "tdm_micro_passes": 40,
    "tdm_symbol_time_ns": 400.0,
    "tdm_symbols_per_s": 2500000.0,
    "tdm_pj_per_symbol_est": 20540.834614511332
  },
  "path_b_chain": {
    "depth": 5,
    "per_stage_p50_ber_vs_prev": [
      0.0,
      0.09375,
      0.03125,
      0.0,
      0.0
    ],
    "per_stage_p50_ber_vs_initial": [
      0.0,
      0.09375,
      0.125,
      0.125,
      0.125
    ]
  },
  "path_b_sweeps": null,
  "path_b_return_map": null,
  "cold_input": null,
  "packs": {
    "emitter": {
      "wavelength_nm": 1550.0,
      "channels": 32,
      "power_mw_per_ch": 12.0,
      "extinction_db": 18.0,
      "rin_dbhz": -140.0,
      "linewidth_hz": 1000000.0,
      "wav_drift_nm_per_C": 0.1,
      "rise_fall_ns_10_90": 8.0,
      "temp_coeff_pct_per_C": 0.15,
      "power_sigma_pct": 4.0,
      "modulation_mode": "pushpull",
      "pushpull_alpha": 0.85,
      "wavelengths_nm": null,
      "channels_per_lambda": null
    },
    "optics": {
      "transmittance": 0.72,
      "w_plus_contrast": 0.85,
      "w_minus_contrast": 0.84,
      "crosstalk_db": -30.0,
      "ct_model": "neighbor",
      "ct_neighbor_db": -30.0,
      "ct_diag_db": -33.0,
      "stray_floor_db": -70.0,
      "psf_kernel": "none",
      "signal_scale": 1.0,
      "amp_on": true,
      "amp_gain_db": 2.0,
      "amp_ase_sigma": 0.03,
      "sat_abs_on": true,
      "sat_I_sat": 1.4,
      "sat_alpha": 0.7,
      "hard_clip_on": false,
      "hard_clip_sat_mw": 0.1,
      "post_clip_on": false,
      "post_clip_sat_mw": 0.1,
      "speckle_on": false,
      "speckle_sigma": 0.0,
      "speckle_corr_px": 7,
      "tile_border_px": 0,
      "tile_gain_sigma_pct": 0.0,
      "tile_isolation": false,
      "grid_px": 0,
      "ins_loss_db_mean": 0.5,
      "ins_loss_db_sigma": 0.5,
      "pdl_db": 0.4,
      "pdl_step_rad": 0.05,
      "memory_tau_frames": 0.0,
      "reflection_event_db": 28.0,
      "reflection_prob": 0.08,
      "speckle_time_on": true,
      "speckle_time_sigma": 0.1,
      "speckle_time_tau_frames": 12,
      "xgm_on": false,
      "xgm_coeff": 0.0,
      "xpm_on": false,
      "xpm_coeff": 0.0,
      "fwm_on": false,
      "fwm_coeff": 0.0,
      "pol_scrambler_on": false,
      "pol_scramble_every_frames": 0,
      "voa_bits": 0,
      "soa_pattern_alpha": 0.0,
      "mode_mix_matrix": null,
      "soa_on": false,
      "soa_small_signal_gain_db": 0.0,
      "soa_psat_mw": 10.0,
      "soa_noise_figure_db": 6.0,
      "soa_tau_ns": 0.5,
      "soa_alpha": 4.0,
      "mzi_on": false,
      "mzi_gain": 1.0,
      "mzi_sat_mw": 5.0,
      "mzi_hysteresis_mw": 0.05,
      "mzi_bias_step": 0.02,
      "mzi_bias_leak": 0.01,
      "mzi_bias_target_mw": 0.0,
      "servo_on": false,
      "servo_kp": 0.01,
      "servo_ki": 0.0,
      "servo_ref_mw": 0.0,
      "servo_leak": 0.0,
      "servo_max_bias_mw": 5.0,
      "eom_gate_on": false,
      "eom_gate_duty": 0.3,
      "eom_gate_jitter_ps": 5.0,
      "eom_gate_hold_noise_mw": 0.01,
      "eom_gate_hold_leak": 0.05,
      "amp_type": "soa",
      "obpf_bw_nm": 0.5,
      "voa_post_db": 2.0,
      "channels": 0
    },
    "tia": {
      "tia_transimpedance_kohm": 15.0,
      "bw_mhz": 55.0,
      "bw2_mhz": 0.0,
      "in_noise_pA_rthz": 3.6,
      "peaking_q": 0.6,
      "slew_v_per_us": 700.0,
      "adc_bits": 12,
      "adc_fullscale_v": 1.0,
      "adc_read_noise_mV_rms": 0.0,
      "gain_sigma_pct": 1.0
    },
    "comparator": {
      "vth_mV": 5.0,
      "hysteresis_mV": 0.75,