{
  "config": {
    "trials": 240,
    "seed": 321,
    "sensitivity": false,
    "vote3": false,
    "repeat": 1,
    "neighbor_ct": false,
    "base_window_ns": 10.0,
    "applied_calibration": true,
    "adaptive_input": false,
    "adaptive_max_frames": 12,
    "adaptive_margin_mV": 0.8,
    "avg_frames": 2,
    "classifier": "chop",
    "mask_bad_channels_req": 0,
    "mask_bad_frac_req": 0.0,
    "mask_applied_count": 0
  },
  "baseline": {
    "p50_ber": 0.0,
    "p50_energy_pj": 179.37709373444883,
    "window_ns": 8.00044562760284,
    "p50_tokens_per_s": 3999777198.609386,
    "p50_snr_emit": 1.3807828441768788,
    "p50_snr_pd": 1.3820784453557553,
    "p50_snr_tia": 1.8563331029074561,
    "ber_ci95": {
      "lo": 0.0,
      "hi": 0.0005998899160778743,
      "n_bits": 6400,
      "n_err": 0
    },
    "mean_ber": 0.0
  },
  "path_a": {
    "p50_ber": 0.0,
    "p50_energy_pj": null,
    "window_ns": 10.0,
    "mean_ber": 0.67125
  },
  "path_b": {
    "p50_ber": 0.65625,
    "p50_energy_pj": 1668.8185144217978,
    "window_ns": 10.0,
    "p50_tokens_per_s": 3656191187.9126124,
    "p50_snr_emit": 1.4681023042506518,
    "p50_snr_pd": 3.7626879918912133,
    "p50_snr_tia": 9.999999999999999e+17,
    "calibrated_optical_bias_mW": [
      0.003113942193733399,
      0.003022427386124127,
      0.004211215242809763,
      0.002621113786377638,
      0.002832309597213367,
      0.003515736589171703,
      0.002449623266542411,
      0.0033308723983445088,
      0.0031017471365585303,
      0.004017781380603047,
      0.003373826251408918,
      0.0027801511470534335,
      0.0032992391317872016,
      0.004462890429226762,
      0.0032022916879723695,
      0.0015605800684485027,
      0.0020489398982398432,
      0.0027587844497989344,
      0.003983729367436295,
      0.0028257937861499993,
      0.003572250131532062,
      0.0026161728071283363,
      0.003517926461106269,
      0.0029745802185086045,
      0.002375983902356271,
      0.0025279818701809953,
      0.003556104262891324,
      0.004238971069144393,
      0.003889816450353356,
      0.002093846913593378,
      0.00319168322708252,
      0.0025021061668500932
    ],
    "calibrated_optical_trim_final_mW": [
      -0.036468675527516925,
      -0.04193986554300459,
      -0.04447750153856021,
      -0.03617407808142513,
      -0.032980201293036415,
      -0.040060897699518094,
      -0.041641363795413375,
      -0.039851218553974,
      -0.025579468241459347,
      -0.03591375608514674,
      -0.03477222516074782,
      -0.04067214892556936,
      -0.04139432999475953,
      -0.032733954404086024,
      -0.02968158850627277,
      -0.037241320762493035,
      -0.03978552691873123,
      -0.04521065527561556,
      -0.026218002595359932,
      -0.03691406352857646,
      -0.036848111451138546,
      -0.03518089678669904,
      -0.03924356537586492,
      -0.03677035306306847,
      -0.04079200854272966,
      -0.03053024856789792,
      -0.0357011536922502,
      -0.0359894418100552,
      -0.03413998218563939,
      -0.03756714175686657,
      -0.03543118948405764,
      -0.04193266175801008
    ],
    "calibrated_offset_mV": [
      348.9990234375,
      338.9892578125,
      359.375,
      340.6982421875,
      334.1064453125,
      341.9189453125,
      337.646484375,
      347.16796875,
      332.3974609375,
      361.4501953125,
      336.181640625,
      334.228515625,
      342.041015625,
      353.515625,
      338.2568359375,
      313.8427734375,
      343.505859375,
      326.2939453125,
      358.88671875,
      345.3369140625,
      352.5390625,
      323.2421875,
      359.130859375,
      326.5380859375,
      326.904296875,
      345.947265625,
      341.6748046875,
      351.07421875,
      346.8017578125,
      316.0400390625,
      339.4775390625,
      331.787109375
    ],
    "calibrated_vth_mV": [
      40.0,
      40.0,
      40.0,
      40.0,
      40.0,
      40.0,
      40.0,
      40.0,
      40.0,
      40.0,
      40.0,
      40.0,
      40.0,
      40.0,
      40.0,
      40.0,
      40.0,
      40.0,
      40.0,
      40.0,
      40.0,
      40.0,
      40.0,
      40.0,
      40.0,
      40.0,
      40.0,
      40.0,
      40.0,
      40.0,
      40.0,
      40.0
    ],
    "analog_depth": 5,
    "analog_p50_ber": 0.0,
    "ber_ci95": {
      "lo": 0.6683086410337894,
      "hi": 0.6911630860620214,
      "n_bits": 6400,
      "n_err": 4351
    },
    "sparse_active_k": 8,
    "eval_active_only": true,
    "tdm_micro_passes": 20,
    "tdm_symbol_time_ns": 200.0,
    "tdm_symbols_per_s": 5000000.0,
    "tdm_pj_per_symbol_est": 33376.37028843595
  },
  "path_b_chain": {
    "depth": 5,
    "per_stage_p50_ber_vs_prev": [
      0.6875,
      0.09375,
      0.03125,
      0.0,
      0.0625
    ],
    "per_stage_p50_ber_vs_initial": [
      0.6875,
      0.71875,
      0.75,
      0.75,
      0.71875
    ]
  },
  "path_b_sweeps": null,
  "path_b_return_map": null,
  "cold_input": null,
  "packs": {
    "emitter": {
      "wavelength_nm": 1550.0,
      "channels": 32,
      "power_mw_per_ch": 12.0,
      "extinction_db": 18.0,
      "rin_dbhz": -140.0,
      "linewidth_hz": 1000000.0,
      "wav_drift_nm_per_C": 0.1,
      "rise_fall_ns_10_90": 8.0,
      "temp_coeff_pct_per_C": 0.15,
      "power_sigma_pct": 4.0,
      "modulation_mode": "pushpull",
      "pushpull_alpha": 0.85,
      "wavelengths_nm": null,
      "channels_per_lambda": null
    },
    "optics": {
      "transmittance": 0.72,
      "w_plus_contrast": 0.85,
      "w_minus_contrast": 0.84,
      "crosstalk_db": -30.0,
      "ct_model": "neighbor",
      "ct_neighbor_db": -30.0,
      "ct_diag_db": -33.0,
      "stray_floor_db": -70.0,
      "psf_kernel": "none",
      "signal_scale": 1.0,
      "amp_on": true,
      "amp_gain_db": 2.0,
      "amp_ase_sigma": 0.03,
      "sat_abs_on": true,
      "sat_I_sat": 0.6,
      "sat_alpha": 1.2,
      "hard_clip_on": false,
      "hard_clip_sat_mw": 0.1,
      "post_clip_on": false,
      "post_clip_sat_mw": 0.1,
      "speckle_on": false,
      "speckle_sigma": 0.0,
      "speckle_corr_px": 7,
      "tile_border_px": 0,
      "tile_gain_sigma_pct": 0.0,
      "tile_isolation": false,
      "grid_px": 0,
      "ins_loss_db_mean": 0.5,
      "ins_loss_db_sigma": 0.5,
      "pdl_db": 0.4,
      "pdl_step_rad": 0.05,
      "memory_tau_frames": 0.0,
      "reflection_event_db": 28.0,
      "reflection_prob": 0.08,
      "speckle_time_on": true,
      "speckle_time_sigma": 0.1,
      "speckle_time_tau_frames": 12,
      "xgm_on": false,
      "xgm_coeff": 0.0,
      "xpm_on": false,
      "xpm_coeff": 0.0,
      "fwm_on": false,
      "fwm_coeff": 0.0,
      "pol_scrambler_on": false,
      "pol_scramble_every_frames": 0,
      "voa_bits": 0,
      "soa_pattern_alpha": 0.0,
      "mode_mix_matrix": null,
      "soa_on": false,
      "soa_small_signal_gain_db": 3.0,
      "soa_psat_mw": 20.0,
      "soa_noise_figure_db": 6.0,
      "soa_tau_ns": 20.0,
      "soa_alpha": 4.0,
      "mzi_on": false,
      "mzi_gain": 1.0,
      "mzi_sat_mw": 5.0,
      "mzi_hysteresis_mw": 0.05,
      "mzi_bias_step": 0.02,
      "mzi_bias_leak": 0.01,
      "mzi_bias_target_mw": 0.0,
      "servo_on": false,
      "servo_kp": 0.01,
      "servo_ki": 0.0,
      "servo_ref_mw": 0.0,
      "servo_leak": 0.0,
      "servo_max_bias_mw": 5.0,
      "eom_gate_on": false,
      "eom_gate_duty": 0.3,
      "eom_gate_jitter_ps": 5.0,
      "eom_gate_hold_noise_mw": 0.01,
      "eom_gate_hold_leak": 0.05,
      "amp_type": "soa",
      "obpf_bw_nm": 0.5,
      "voa_post_db": 2.0,
      "channels": 0
    },
    "tia": {
      "tia_transimpedance_kohm": 15.0,
      "bw_mhz": 55.0,
      "bw2_mhz": 0.0,
      "in_noise_pA_rthz": 3.6,
      "peaking_q": 0.6,
      "slew_v_per_us": 700.0,
      "adc_bits": 12,
      "adc_fullscale_v": 1.0,
      "adc_read_noise_mV_rms": 0.0,
      "gain_sigma_pct": 1.0
    },
    "comparator": {
      "vth_mV": 5.0,
      "hysteresis_mV": 0.75,