{
  "config": {
    "trials": 400,
    "seed": 7402,
    "sensitivity": false,
    "vote3": false,
    "repeat": 1,
    "neighbor_ct": false,
    "base_window_ns": 6.0,
    "applied_calibration": true,
    "adaptive_input": false,
    "adaptive_max_frames": 12,
    "adaptive_margin_mV": 0.8,
    "avg_frames": 3,
    "classifier": "chop",
    "mask_bad_channels_req": 0,
    "mask_bad_frac_req": 0.0625,
    "mask_applied_count": 0
  },
  "baseline": {
    "p50_ber": 0.125,
    "p50_energy_pj": 16.409307212814134,
    "window_ns": 3.9991717483524636,
    "p50_tokens_per_s": 2000414211.5916264,
    "p50_snr_emit": 1.4234855337658405,
    "p50_snr_pd": 2.848000691607993,
    "p50_snr_tia": 7.716659406251339,
    "mean_ber": 0.10625
  },
  "path_a": {
    "p50_ber": 0.0,
    "p50_energy_pj": null,
    "window_ns": 17.0,
    "mean_ber": 0.65375
  },
  "path_b": {
    "p50_ber": 0.625,
    "p50_energy_pj": 460.46680215383554,
    "window_ns": 15.001420203422617,
    "p50_tokens_per_s": 533282841.992172,
    "p50_snr_emit": 1.348158858056978,
    "p50_snr_pd": 10.466809663033258,
    "p50_snr_tia": 3237.5700610316944,
    "analog_depth": 1,
    "analog_p50_ber": 0.75
  },
  "path_b_chain": {
    "depth": 5,
    "per_stage_p50_ber_vs_prev": [
      0.625,
      0.0,
      0.0,
      0.0,
      0.0
    ],
    "per_stage_p50_ber_vs_initial": [
      0.625,
      0.625,
      0.625,
      0.625,
      0.625
    ]
  },
  "path_b_sweeps": null,
  "cold_input": {
    "p50_ber": 0.375,
    "p50_energy_pj": 6.463860693250734,
    "window_ns": 3.9994982820653244,
    "p50_tokens_per_s": 2000250890.4363956,
    "p50_snr_emit": 1.003345856556729,
    "p50_snr_pd": 1.9040914299801277,
    "p50_snr_tia": 2.573839828725017
  },
  "packs": {
    "emitter": {
      "wavelength_nm": 1550.0,
      "channels": 8,
      "power_mw_per_ch": 6.0,
      "extinction_db": 8.0,
      "rin_dbhz": -120.0,
      "linewidth_hz": "5.0e9",
      "wav_drift_nm_per_C": 0.1,
      "rise_fall_ns_10_90": 15.0,
      "temp_coeff_pct_per_C": 0.4,
      "power_sigma_pct": 6.0,
      "modulation_mode": "intensity",
      "pushpull_alpha": 0.0,
      "wavelengths_nm": null,
      "channels_per_lambda": null
    },
    "optics": {
      "transmittance": 0.9,
      "w_plus_contrast": 0.92,
      "w_minus_contrast": 0.92,
      "crosstalk_db": -35.0,
      "ct_model": "neighbor",
      "ct_neighbor_db": -55.0,
      "ct_diag_db": -58.0,
      "stray_floor_db": -44.0,
      "psf_kernel": "lorentzian:w=1.5",
      "signal_scale": 1.35,
      "amp_on": true,
      "amp_gain_db": 6.0,
      "amp_ase_sigma": 0.006,
      "sat_abs_on": true,
      "sat_I_sat": 1.4,
      "sat_alpha": 0.65,
      "speckle_on": false,
      "speckle_sigma": 0.0,
      "speckle_corr_px": 7,
      "tile_border_px": 0,
      "tile_gain_sigma_pct": 0.0,
      "tile_isolation": false,
      "grid_px": 64,
      "ins_loss_db_mean": 0.0,
      "ins_loss_db_sigma": 0.0,
      "pdl_db": 0.0,
      "pdl_step_rad": 0.0,
      "memory_tau_frames": 0.0,
      "reflection_event_db": 0.0,
      "reflection_prob": 0.0,
      "speckle_time_on": false,
      "speckle_time_sigma": 0.0,
      "speckle_time_tau_frames": 0,
      "xgm_on": false,
      "xgm_coeff": 0.0,
      "xpm_on": false,
      "xpm_coeff": 0.0,
      "fwm_on": false,
      "fwm_coeff": 0.0,
      "pol_scrambler_on": false,
      "pol_scramble_every_frames": 0,
      "voa_bits": 0,
      "soa_pattern_alpha": 0.0,
      "mode_mix_matrix": null
    },
    "tia": {
      "tia_transimpedance_kohm": 8.0,
      "bw_mhz": 40.0,
      "bw2_mhz": 0.0,
      "in_noise_pA_rthz": 8.0,
      "peaking_q": 0.5,
      "slew_v_per_us": 300.0,
      "adc_bits": 10,
      "adc_fullscale_v": 1.0,
      "adc_read_noise_mV_rms": 0.5,
      "gain_sigma_pct": 2.0
    },
    "comparator": {
      "vth_mV": 8.0,
      "hysteresis_mV": 1.5,
      "input_noise_mV_rms": 0.8,
      "drift_mV_per_C": 0.15,
      "prop_delay_ns": 2.0,
      "prop_jitter_ps_rms": 40.0,
      "saturate_levels": true,
      "vth_sigma_mV": 0.6,
      "metastable_on": true,
      "metastable_width_mV": 0.3,
      "metastable_flip_prob": 0.1
    },
    "clock": {
      "window_ns": 17.0,
      "jitter_ps_rms": 45.0
    }
  },
  "realism": {
    "emitter": {
      "score": 0.6,
      "rin_dbhz": -120.0,
      "extinction_db": 8.0
    },
    "optics": {
      "score": 0.835,
      "crosstalk_db": -35.0,
      "stray_floor_db": -44.0
    },
    "camera": {
      "score": 0.7,
      "read_noise_e_rms": 2.0,
      "full_well_e": 20000.0
    },
    "tia": {
      "score": 0.5,
      "bw_mhz": 120.0,
      "in_noise_pA_rthz": 8.0
    },
    "comparator": {
      "score": 0.333,
      "input_noise_mV_rms": 0.8
    }
  },
  "components": {
    "baseline_p50_ber": 0.0,
    "emitter_ideal_p50_ber": 0.0,
    "optics_ideal_p50_ber": 0.125,
    "pd_ideal_p50_ber": 0.0,
    "tia_ideal_p50_ber": 0.0,
    "comparator_ideal_p50_ber": 0.0,
    "mode": "path_a",
    "delta": {
      "emitter": 0.0,
      "optics": 0.0,
      "pd": 0.0,
      "tia": 0.0,
      "comparator": 0.0
    }
  },
  "ber_per_tile": null,
  "ber_per_tile_after": null,
  "baseline_calibrated": {},
  "baseline_calibrated_alt": {
    "soft": {},
    "binary": {}
  },
  "vote3_p50_ber": null,
  "spatial_oversample_p50_ber": null,
  "lockin_p50_ber": null,
  "chop_p50_ber": 0.0,
  "avg_frames_p50_ber": 0.375,
  "soft_thresh_p50_ber": null,
  "mitigated_p50_ber": null,
  "sanity": {
    "window_non_increasing": true,
    "rin_non_decreasing": true,
    "crosstalk_non_decreasing": true
  },
  "effects": {
    "window_ber_improvement": 0.0,
    "rin_ber_degradation": 0.0,
    "crosstalk_ber_degradation": 0.0
  },
  "window_sweep": {
    "x_window_ns": [
      3.0,
      5.0,
      7.0,
      9.0,
      13.0,
      17.0
    ],
    "p50_ber": [
      0.625,
      0.625,
      0.625,
      0.625,
      0.625,
      0.625
    ]
  },
  "rin_sweep": {
    "x_rin_dbhz": [
      -170.0,
      -160.0,
      -150.0,
      -140.0
    ],
    "p50_ber": [
      0.375,
      0.375,
      0.375,
      0.375
    ]
  },
  "crosstalk_sweep": {
    "x_crosstalk_db": [
      -40.0,
      -32.666666666666664,
      -25.333333333333336,
      -18.0
    ],
    "p50_ber": [
      0.375,
      0.375,
      0.375,
      0.375
    ]
  },
  "calibration": {
    "vth_suggest_mV": null,
    "ber_before": 0.125,
    "ber_after": null,
    "ber_delta": null
  },
  "sensitivity": null
}