{
  "config": {
    "trials": 400,
    "seed": 7303,
    "sensitivity": false,
    "vote3": false,
    "repeat": 1,
    "neighbor_ct": false,
    "base_window_ns": 5.0,
    "applied_calibration": true,
    "adaptive_input": false,
    "adaptive_max_frames": 12,
    "adaptive_margin_mV": 0.8,
    "avg_frames": 2,
    "classifier": "chop",
    "mask_bad_channels_req": 0,
    "mask_bad_frac_req": 0.0625,
    "mask_applied_count": 1
  },
  "baseline": {
    "p50_ber": 0.6875,
    "p50_energy_pj": 731.2142130368842,
    "window_ns": 14.997948637010236,
    "p50_tokens_per_s": 1066812561.3203537,
    "p50_snr_emit": 1.164279507229741,
    "p50_snr_pd": 5.4260266979497,
    "p50_snr_tia": 2968.296153019003
  },
  "path_a": {
    "p50_ber": 0.13333333333333333,
    "p50_energy_pj": null,
    "window_ns": 17.0,
    "mean_ber": 0.6734375
  },
  "path_b": {
    "p50_ber": 0.6875,
    "p50_energy_pj": 515.2521748512482,
    "window_ns": 15.001499852255789,
    "p50_tokens_per_s": 1066560021.1697543,
    "p50_snr_emit": 1.164782967972476,
    "p50_snr_pd": 65.2824040244329,
    "p50_snr_tia": 3056.3776284997366,
    "analog_depth": 5,
    "analog_p50_ber": 0.6875
  },
  "path_b_chain": {
    "depth": 5,
    "per_stage_p50_ber_vs_prev": [
      0.6875,
      0.0,
      0.0,
      0.0,
      0.0
    ],
    "per_stage_p50_ber_vs_initial": [
      0.6875,
      0.6875,
      0.6875,
      0.6875,
      0.6875
    ]
  },
  "path_b_sweeps": null,
  "cold_input": {
    "p50_ber": 0.3125,
    "p50_energy_pj": 10.210317792059245,
    "window_ns": 3.0005481209003135,
    "p50_tokens_per_s": 5332359074.181155,
    "p50_snr_emit": 0.9343415131097259,
    "p50_snr_pd": 2.3142469525380527,
    "p50_snr_tia": 2.994890841910121
  },
  "packs": {
    "emitter": {
      "wavelength_nm": 1550.0,
      "channels": 16,
      "power_mw_per_ch": 7.0,
      "extinction_db": 9.5,
      "rin_dbhz": -118.0,
      "linewidth_hz": 1000000.0,
      "wav_drift_nm_per_C": 0.1,
      "rise_fall_ns_10_90": 12.0,
      "temp_coeff_pct_per_C": 0.35,
      "power_sigma_pct": 2.0,
      "modulation_mode": "intensity",
      "pushpull_alpha": 0.0,
      "wavelengths_nm": [
        1548.8,
        1549.6,
        1550.4,
        1551.2
      ],
      "channels_per_lambda": null
    },
    "optics": {
      "transmittance": 0.7,
      "w_plus_contrast": 0.85,
      "w_minus_contrast": 0.84,
      "crosstalk_db": -35.0,
      "ct_model": "global",
      "ct_neighbor_db": -30.0,
      "ct_diag_db": -35.0,
      "stray_floor_db": -38.0,
      "psf_kernel": "lorentzian:w=2.5",
      "signal_scale": 1.0,
      "amp_on": false,
      "amp_gain_db": 10.0,
      "amp_ase_sigma": 0.01,
      "sat_abs_on": false,
      "sat_I_sat": 1.0,
      "sat_alpha": 0.6,
      "speckle_on": false,
      "speckle_sigma": 0.0,
      "speckle_corr_px": 7,
      "tile_border_px": 0,
      "tile_gain_sigma_pct": 0.0,
      "tile_isolation": false,
      "grid_px": 64,
      "ins_loss_db_mean": 0.0,
      "ins_loss_db_sigma": 0.0,
      "pdl_db": 0.0,
      "pdl_step_rad": 0.0,
      "memory_tau_frames": 0.0,
      "reflection_event_db": 0.0,
      "reflection_prob": 0.0,
      "speckle_time_on": false,
      "speckle_time_sigma": 0.0,
      "speckle_time_tau_frames": 0,
      "xgm_on": false,
      "xgm_coeff": 0.0,
      "xpm_on": false,
      "xpm_coeff": 0.0,
      "fwm_on": false,
      "fwm_coeff": 0.0,
      "pol_scrambler_on": false,
      "pol_scramble_every_frames": 0,
      "voa_bits": 7,
      "soa_pattern_alpha": 0.2,
      "mode_mix_matrix": [
        [
          0.65,
          0.0667,
          0.0667,
          0.0667,
          0.1,
          0.0,
          0.0,
          0.0,
          0.05,
          0.0,
          0.0,
          0.0,
          0.0,
          0.0,
          0.0,
          0.0
        ],
        [
          0.0667,
          0.65,
          0.0667,
          0.0667,
          0.0,
          0.1,
          0.0,
          0.0,
          0.0,
          0.05,
          0.0,
          0.0,
          0.0,
          0.0,
          0.0,
          0.0
        ],
        [
          0.0667,
          0.0667,
          0.65,
          0.0667,
          0.0,
          0.0,
          0.1,
          0.0,
          0.0,
          0.0,
          0.05,
          0.0,
          0.0,
          0.0,
          0.0,
          0.0
        ],
        [
          0.0667,
          0.0667,
          0.0667,
          0.65,
          0.0,
          0.0,
          0.0,
          0.1,
          0.0,
          0.0,
          0.0,
          0.05,
          0.0,
          0.0,
          0.0,
          0.0
        ],
        [
          0.0,
          0.0,
          0.0,
          0.0,
          0.65,
          0.0667,
          0.0667,
          0.0667,
          0.1,
          0.0,
          0.0,
          0.0,
          0.05,
          0.0,
          0.0,
          0.0
        ],
        [
          0.0,
          0.0,
          0.0,
          0.0,
          0.0667,
          0.65,
          0.0667,
          0.0667,
          0.0,
          0.1,
          0.0,
          0.0,
          0.0,
          0.05,
          0.0,
          0.0
        ],
        [
          0.0,
          0.0,
          0.0,
          0.0,
          0.0667,
          0.0667,
          0.65,
          0.0667,
          0.0,
          0.0,
          0.1,
          0.0,
          0.0,
          0.0,
          0.05,
          0.0
        ],
        [
          0.0,
          0.0,
          0.0,
          0.0,
          0.0667,
          0.0667,
          0.0667,
          0.65,
          0.0,
          0.0,
          0.0,
          0.1,
          0.0,
          0.0,
          0.0,
          0.05
        ],
        [
          0.05,
          0.0,
          0.0,
          0.0,
          0.0,
          0.0,
          0.0,
          0.0,
          0.65,
          0.0667,
          0.0667,
          0.0667,
          0.1,
          0.0,
          0.0,
          0.0
        ],
        [
          0.0,
          0.05,
          0.0,
          0.0,
          0.0,
          0.0,
          0.0,
          0.0,
          0.0667,
          0.65,
          0.0667,
          0.0667,
          0.0,
          0.1,
          0.0,
          0.0
        ],
        [
          0.0,
          0.0,
          0.05,
          0.0,
          0.0,
          0.0,
          0.0,
          0.0,
          0.0667,
          0.0667,
          0.65,
          0.0667,
          0.0,
          0.0,
          0.1,
          0.0
        ],
        [
          0.0,
          0.0,
          0.0,
          0.05,
          0.0,
          0.0,
          0.0,
          0.0,
          0.0667,
          0.0667,
          0.0667,
          0.65,
          0.0,
          0.0,
          0.0,
          0.1
        ],
        [
          0.1,
          0.0,
          0.0,
          0.0,
          0.05,
          0.0,
          0.0,
          0.0,
          0.0,
          0.0,
          0.0,
          0.0,
          0.65,
          0.0667,
          0.0667,
          0.0667
        ],
        [
          0.0,
          0.1,
          0.0,
          0.0,
          0.0,
          0.05,
          0.0,
          0.0,
          0.0,
          0.0,
          0.0,
          0.0,
          0.0667,
          0.65,
          0.0667,
          0.0667
        ],
        [
          0.0,
          0.0,
          0.1,
          0.0,
          0.0,
          0.0,
          0.05,
          0.0,
          0.0,
          0.0,
          0.0,
          0.0,
          0.0667,
          0.0667,
          0.65,
          0.0667
        ],
        [
          0.0,
          0.0,
          0.0,
          0.1,
          0.0,
          0.0,
          0.0,
          0.05,
          0.0,
          0.0,
          0.0,
          0.0,
          0.0667,
          0.0667,
          0.0667,
          0.65
        ]
      ]
    },
    "tia": {
      "tia_transimpedance_kohm": 8.0,
      "bw_mhz": 40.0,
      "bw2_mhz": 0.0,