{
  "config": {
    "trials": 640,
    "seed": 14202,
    "sensitivity": false,
    "vote3": false,
    "repeat": 1,
    "neighbor_ct": false,
    "base_window_ns": 20.0,
    "applied_calibration": true,
    "adaptive_input": false,
    "adaptive_max_frames": 12,
    "adaptive_margin_mV": 0.8,
    "avg_frames": 3,
    "classifier": "chop",
    "mask_bad_channels_req": 0,
    "mask_bad_frac_req": 0.05,
    "mask_applied_count": 12
  },
  "baseline": {
    "p50_ber": 0.671875,
    "p50_energy_pj": 6995.74583463296,
    "window_ns": 18.999370818804543,
    "p50_snr_emit": 1.3595368081345844,
    "p50_snr_pd": 18.175775906256426,
    "p50_snr_tia": 9.999999999999999e+17
  },
  "path_a": {
    "p50_ber": 0.625,
    "p50_energy_pj": null,
    "window_ns": 20.0,
    "mean_ber": 0.66970703125
  },
  "path_b": {
    "p50_ber": 0.66796875,
    "p50_energy_pj": 6995.342822141786,
    "window_ns": 19.00010474111489,
    "p50_snr_emit": 1.3635313886316607,
    "p50_snr_pd": 18.119489187384556,
    "p50_snr_tia": 9.999999999999999e+17,
    "analog_depth": 2,
    "analog_p50_ber": 0.6640625
  },
  "path_b_chain": {
    "depth": 5,
    "per_stage_p50_ber_vs_prev": [
      0.671875,
      0.0,
      0.0,
      0.0,
      0.0
    ],
    "per_stage_p50_ber_vs_initial": [
      0.671875,
      0.671875,
      0.671875,
      0.671875,
      0.671875
    ]
  },
  "path_b_sweeps": null,
  "cold_input": {
    "p50_ber": 0.4609375,
    "p50_energy_pj": 969.1851246325086,
    "window_ns": 18.00037222653813,
    "p50_snr_emit": 0.9171442068813516,
    "p50_snr_pd": 13.896771893355972,
    "p50_snr_tia": 12.610218105057584
  },
  "packs": {
    "emitter": {
      "wavelength_nm": 850,
      "channels": 256,
      "power_mw_per_ch": 0.7,
      "extinction_db": 20.0,
      "rin_dbhz": -150.0,
      "rise_fall_ns_10_90": 1.0,
      "temp_coeff_pct_per_C": 0.2,
      "power_sigma_pct": 2.0,
      "modulation_mode": "pushpull",
      "pushpull_alpha": 0.9
    },
    "optics": {
      "transmittance": 0.9,
      "w_plus_contrast": 0.92,
      "w_minus_contrast": 0.92,
      "crosstalk_db": -35.0,
      "ct_model": "neighbor",
      "ct_neighbor_db": -40.0,
      "ct_diag_db": -43.0,
      "stray_floor_db": -46.0,
      "psf_kernel": "lorentzian:w=2.00",
      "signal_scale": 1.35,
      "amp_on": true,
      "amp_gain_db": 4.0,
      "amp_ase_sigma": 0.006,
      "sat_abs_on": true,
      "sat_I_sat": 1.8,
      "sat_alpha": 0.55,
      "speckle_on": false,
      "speckle_sigma": 0.0,
      "speckle_corr_px": 7,
      "tile_border_px": 0,
      "tile_gain_sigma_pct": 0.0,
      "tile_isolation": false,
      "grid_px": 64
    },
    "tia": {
      "tia_transimpedance_kohm": 15.0,
      "bw_mhz": 55.0,
      "in_noise_pA_rthz": 3.6,
      "peaking_q": 0.6,
      "slew_v_per_us": 700.0,
      "adc_bits": 12,
      "adc_fullscale_v": 1.0,
      "adc_read_noise_mV_rms": 0.0,
      "gain_sigma_pct": 1.0
    },
    "comparator": {
      "vth_mV": 5.0,
      "hysteresis_mV": 0.5,
      "input_noise_mV_rms": 0.24,
      "drift_mV_per_C": 0.05,
      "prop_delay_ns": 1.0,
      "saturate_levels": true,
      "vth_sigma_mV": 0.1,
      "metastable_on": false,
      "metastable_width_mV": 0.2,
      "metastable_flip_prob": 0.05
    },
    "clock": {
      "window_ns": 20.0,
      "jitter_ps_rms": 10.0
    }
  },
  "realism": {
    "emitter": {
      "score": 0.8,
      "rin_dbhz": -150.0,
      "extinction_db": 20.0
    },
    "optics": {
      "score": 0.865,
      "crosstalk_db": -35.0,
      "stray_floor_db": -46.0
    },
    "camera": {
      "score": 0.7,
      "read_noise_e_rms": 2.0,
      "full_well_e": 20000.0
    },
    "tia": {
      "score": 0.775,
      "bw_mhz": 120.0,
      "in_noise_pA_rthz": 3.6
    },
    "comparator": {
      "score": 0.8,
      "input_noise_mV_rms": 0.24
    }
  },
  "components": {
    "baseline_p50_ber": 0.6484375,
    "emitter_ideal_p50_ber": 0.6484375,
    "optics_ideal_p50_ber": 0.65234375,
    "pd_ideal_p50_ber": 0.6484375,
    "tia_ideal_p50_ber": 0.6484375,
    "comparator_ideal_p50_ber": 0.6484375,
    "mode": "path_a",
    "delta": {
      "emitter": 0.0,
      "optics": 0.0,
      "pd": 0.0,
      "tia": 0.0,
      "comparator": 0.0
    }
  },
  "ber_per_tile": [
    [
      0.665,
      0.43,
      0.42,
      0.475,
      0.515,
      0.545,
      0.575,
      0.565,
      0.525,
      0.56,
      0.58,
      0.48,
      0.435,
      0.48,
      0.385,
      0.625
    ],
    [
      0.625,
      0.65,
      0.64,
      0.665,
      0.65,
      0.67,
      0.66,
      0.66,
      0.62,
      0.68,
      0.685,
      0.625,
      0.645,
      0.665,
      0.635,
      0.585
    ],
    [
      0.715,
      0.63,
      0.725,
      0.71,
      0.735,
      0.64,
      0.625,
      0.685,
      0.66,
      0.7,
      0.675,
      0.69,
      0.705,
      0.68,
      0.675,
      0.57
    ],
    [
      0.655,
      0.72,
      0.665,
      0.69,
      0.665,
      0.735,
      0.71,
      0.72,
      0.71,
      0.68,
      0.64,
      0.645,
      0.675,
      0.655,
      0.64,
      0.67
    ],
    [
      0.655,
      0.705,
      0.645,
      0.63,
      0.69,
      0.68,
      0.65,
      0.68,
      0.695,
      0.635,
      0.655,
      0.615,
      0.72,
      0.66,
      0.665,
      0.74
    ],
    [
      0.665,
      0.67,
      0.66,
      0.69,
      0.665,
      0.645,
      0.66,
      0.765,
      0.68,
      0.665,
      0.64,
      0.72,
      0.665,
      0.67,
      0.645,
      0.67
    ],
    [
      0.61,
      0.66,
      0.63,
      0.655,
      0.67,
      0.695,
      0.66,
      0.575,
      0.68,
      0.69,
      0.73,
      0.68,
      0.745,
      0.69,
      0.695,
      0.645
    ],
    [
      0.605,
      0.7,
      0.685,
      0.64,
      0.695,
      0.645,
      0.655,
      0.625,
      0.68,
      0.655,
      0.63,
      0.665,
      0.66,
      0.645,
      0.68,
      0.63
    ],
    [
      0.655,
      0.62,
      0.605,
      0.675,
      0.73,
      0.675,
      0.695,
      0.625,
      0.62,
      0.67,
      0.595,
      0.685,
      0.665,
      0.645,
      0.68,
      0.655
    ],
    [
      0.685,
      0.73,
      0.665,
      0.7,
      0.71,
      0.67,
      0.685,
      0.66,
      0.74,
      0.68,
      0.72,
      0.68,
      0.655,
      0.69,
      0.69,
      0.735
    ],
    [
      0.63,
      0.66,
      0.605,
      0.655,
      0.7,
      0.68,
      0.775,
      0.645,
      0.66,
      0.63,
      0.64,
      0.705,
      0.66,
      0.615,
      0.71,
      0.685
    ],
    [
      0.725,
      0.695,
      0.68,
      0.635,
      0.665,
      0.68,
      0.685,
      0.6,
      0.675,
      0.675,
      0.66,
      0.61,
      0.68,
      0.67,
      0.69,
      0.645
    ],
    [
      0.705,
      0.675,
      0.665,
      0.65,
      0.69,
      0.66,
      0.705,
      0.665,
      0.64,
      0.63,
      0.65,
      0.67,
      0.655,
      0.6,
      0.645,
      0.685
    ],
    [
      0.675,
      0.655,
      0.635,
      0.71,
      0.635,
      0.665,
      0.72,
      0.63,
      0.655,
      0.675,
      0.645,
      0.67,
      0.645,
      0.705,
      0.665,
      0.67
    ],
    [
      0.66,
      0.675,
      0.67,
      0.655,
      0.73,
      0.74,
      0.645,
      0.625,
      0.66,
      0.665,
      0.615,
      0.635,
      0.65,
      0.685,
      0.665,
      0.535
    ],
    [
      0.72,
      0.54,
      0.675,
      0.655,
      0.685,
      0.65,
      0.695,
      0.655,
      0.685,
      0.71,
      0.675,
      0.68,
      0.69,
      0.675,
      0.565,
      0.67
    ]
  ],
  "ber_per_tile_after": null,
  "baseline_calibrated": {
    "p50_ber": 0.671875,
    "p50_energy_pj": 6995.74583463296,
    "window_ns": 18.999370818804543,
    "p50_snr_emit": 1.3595368081345844,
    "p50_snr_pd": 18.175775906256426,
    "p50_snr_tia": 9.999999999999999e+17
  },
  "baseline_calibrated_alt": {
    "soft": {},
    "binary": {}
  },