{
  "config": {
    "trials": 200,
    "seed": 702,
    "sensitivity": false,
    "vote3": false,
    "repeat": 1,
    "neighbor_ct": false,
    "base_window_ns": 19.0,
    "applied_calibration": true,
    "adaptive_input": true,
    "adaptive_max_frames": 12,
    "adaptive_margin_mV": 0.8,
    "avg_frames": 1,
    "classifier": "vote3",
    "mask_bad_channels_req": 0,
    "mask_bad_frac_req": 0.09375,
    "mask_applied_count": 1
  },
  "baseline": {
    "p50_ber": 0.3125,
    "p50_energy_pj": 99.64366177722309,
    "window_ns": 16.999702393136406,
    "p50_snr_emit": 1.4188842744177337,
    "p50_snr_pd": 3.506397400707513,
    "p50_snr_tia": 3.4492398509477367
  },
  "path_a": {
    "p50_ber": 0.3333333333333333,
    "p50_energy_pj": null,
    "window_ns": 19.0,
    "mean_ber": 0.3278125
  },
  "path_b": {
    "p50_ber": 0.6875,
    "p50_energy_pj": 374.04162503837335,
    "window_ns": 16.999836584978162,
    "p50_snr_emit": 1.4126234984389765,
    "p50_snr_pd": 7.516231252311826,
    "p50_snr_tia": 9.999999999999999e+17,
    "analog_depth": 5,
    "analog_p50_ber": 0.625
  },
  "path_b_chain": {
    "depth": 5,
    "per_stage_p50_ber_vs_prev": [
      0.6875,
      0.0,
      0.0,
      0.0,
      0.0
    ],
    "per_stage_p50_ber_vs_initial": [
      0.6875,
      0.6875,
      0.6875,
      0.6875,
      0.6875
    ]
  },
  "path_b_sweeps": null,
  "cold_input": {
    "p50_ber": 0.3125,
    "p50_energy_pj": 56.89753863039191,
    "window_ns": 17.00016830872413,
    "p50_snr_emit": 0.9433957822943466,
    "p50_snr_pd": 2.331539046009559,
    "p50_snr_tia": 2.8275056639070777
  },
  "packs": {
    "emitter": {
      "wavelength_nm": 850.0,
      "channels": 16,
      "power_mw_per_ch": 0.7,
      "extinction_db": 20.0,
      "rin_dbhz": -150.0,
      "rise_fall_ns_10_90": 1.0,
      "temp_coeff_pct_per_C": 0.2,
      "power_sigma_pct": 2.0,
      "modulation_mode": "pushpull",
      "pushpull_alpha": 0.9
    },
    "optics": {
      "transmittance": 0.7,
      "w_plus_contrast": 0.85,
      "w_minus_contrast": 0.84,
      "crosstalk_db": -35.0,
      "ct_model": "global",
      "ct_neighbor_db": -30.0,
      "ct_diag_db": -35.0,
      "stray_floor_db": -38.0,
      "psf_kernel": "lorentzian:w=2.5",
      "signal_scale": 1.0,
      "amp_on": false,
      "amp_gain_db": 10.0,
      "amp_ase_sigma": 0.01,
      "sat_abs_on": false,
      "sat_I_sat": 1.0,
      "sat_alpha": 0.6
    },
    "tia": {
      "tia_transimpedance_kohm": 5.0,
      "bw_mhz": 120.0,
      "in_noise_pA_rthz": 3.0,
      "peaking_q": 0.7,
      "slew_v_per_us": 500.0,
      "adc_bits": 10,
      "adc_fullscale_v": 1.0,
      "adc_read_noise_mV_rms": 0.0,
      "gain_sigma_pct": 1.0
    },
    "comparator": {
      "vth_mV": 5.0,
      "hysteresis_mV": 1.0,
      "input_noise_mV_rms": 0.3,
      "drift_mV_per_C": 0.05,
      "prop_delay_ns": 2.0,
      "saturate_levels": true,
      "vth_sigma_mV": 0.2
    },
    "clock": {
      "window_ns": 19.0,
      "jitter_ps_rms": 10.0
    }
  },
  "realism": {
    "emitter": {
      "score": 0.8,
      "rin_dbhz": -150.0,
      "extinction_db": 20.0
    },
    "optics": {
      "score": 0.745,
      "crosstalk_db": -35.0,
      "stray_floor_db": -38.0
    },
    "camera": {
      "score": 0.7,
      "read_noise_e_rms": 2.0,
      "full_well_e": 20000.0
    },
    "tia": {
      "score": 0.812,
      "bw_mhz": 120.0,
      "in_noise_pA_rthz": 3.0
    },
    "comparator": {
      "score": 0.75,
      "input_noise_mV_rms": 0.3
    }
  },
  "components": {
    "baseline_p50_ber": 0.25,
    "emitter_ideal_p50_ber": 0.25,
    "optics_ideal_p50_ber": 0.375,
    "pd_ideal_p50_ber": 0.25,
    "tia_ideal_p50_ber": 0.25,
    "comparator_ideal_p50_ber": 0.25,
    "mode": "path_a",
    "delta": {
      "emitter": 0.0,
      "optics": 0.0,
      "pd": 0.0,
      "tia": 0.0,
      "comparator": 0.0
    }
  },
  "ber_per_tile": [
    [
      0.07,
      0.18,
      0.19,
      0.045
    ],
    [
      0.24,
      0.545,
      0.54,
      0.22
    ],
    [
      0.25,
      0.515,
      0.51,
      0.185
    ],
    [
      0.11,
      0.34,
      0.275,
      0.085
    ]
  ],
  "ber_per_tile_after": [
    [
      0.32,
      0.335,
      0.295,
      0.34
    ],
    [
      0.375,
      0.34,
      0.33,
      0.275
    ],
    [
      0.3,
      0.32,
      0.35,
      0.29
    ],
    [
      0.265,
      0.38,
      0.29,
      0.305
    ]
  ],
  "baseline_calibrated": {
    "p50_ber": 0.3125,
    "p50_energy_pj": 99.64366177722309,
    "window_ns": 16.999702393136406,
    "p50_snr_emit": 1.4188842744177337,
    "p50_snr_pd": 3.506397400707513,
    "p50_snr_tia": 3.4492398509477367
  },
  "baseline_calibrated_alt": {
    "soft": {},
    "binary": {}
  },
  "vote3_p50_ber": null,
  "spatial_oversample_p50_ber": null,
  "lockin_p50_ber": null,
  "chop_p50_ber": null,
  "avg_frames_p50_ber": null,
  "soft_thresh_p50_ber": null,
  "mitigated_p50_ber": null,
  "sanity": {
    "window_non_increasing": true,
    "rin_non_decreasing": true,
    "crosstalk_non_decreasing": true
  },
  "effects": {
    "window_ber_improvement": 0.0,
    "rin_ber_degradation": 0.0,
    "crosstalk_ber_degradation": 0.0
  },
  "window_sweep": {
    "x_window_ns": [
      19.0
    ],
    "p50_ber": [
      null
    ]
  },
  "rin_sweep": {
    "x_rin_dbhz": [],
    "p50_ber": []
  },
  "crosstalk_sweep": {
    "x_crosstalk_db": [],
    "p50_ber": []
  },
  "calibration": {
    "vth_suggest_mV": -0.02164583376051784,
    "ber_before": 0.25,
    "ber_after": 0.3125,
    "ber_delta": 0.0625
  },
  "baseline_raw": {
    "p50_ber": 0.25,
    "p50_energy_pj": null,
    "window_ns": 19.0,
    "mean_ber": 0.2678125
  },
  "sensitivity": null
}